seed,target_index,lead,time_index,truth,q05,q50,q95,squared_error,interval_width,covered
41,0,1,496,20.200000762939453,12.157742500305176,16.728546142578125,21.800342559814453,12.050997181228013,9.642600059509277,1.0
41,0,2,497,22.899999618530277,13.65688705444336,19.645919799804688,24.79376792907715,10.589035466637165,11.136880874633789,1.0
41,0,3,498,23.100000381469727,14.488533973693848,20.554946899414062,23.52864646911621,6.47729722652366,9.040112495422363,1.0
41,0,4,499,18.5,12.840863227844238,18.833473205566406,22.24319839477539,0.11120437883073464,9.402335166931152,1.0
41,0,5,500,13.800000190734863,11.12688446044922,17.261703491210938,20.715747833251957,11.983389740526945,9.588863372802736,1.0
41,1,1,496,10.600000381469728,6.18431282043457,11.325172424316406,16.312232971191406,0.5258744917264241,10.127920150756836,1.0
41,1,2,497,18.5,8.054986953735352,13.101889610290527,18.62543296813965,29.139595779489355,10.570446014404297,1.0
41,1,3,498,20.299999237060547,9.500411987304688,14.121541976928713,19.51138687133789,38.17333411527577,10.010974884033203,0.0
41,1,4,499,21.5,9.077747344970703,13.68202304840088,18.81895446777344,61.12076361573506,9.741207122802738,0.0
41,1,5,500,15.0,6.920686721801758,13.076208114624023,18.0185604095459,3.7009752182384545,11.09787368774414,1.0
41,2,1,496,18.299999237060547,15.864442825317385,23.5777587890625,27.82875061035156,27.854745888747857,11.964307785034174,1.0
41,2,2,497,23.600000381469727,16.99701690673828,25.412660598754883,29.918922424316406,3.28573706332827,12.921905517578125,1.0
41,2,3,498,26.299999237060547,16.847900390625,26.180665969848636,30.775108337402344,0.014240428663469236,13.927207946777344,1.0
41,2,4,499,27.299999237060547,16.396760940551758,25.400957107543945,30.439735412597656,3.606361009678949,14.042974472045898,1.0
41,2,5,500,25.700000762939453,15.451805114746094,23.64013290405273,28.256162643432617,4.243055596074569,12.804357528686523,1.0
41,3,1,496,13.600000381469728,8.174398422241211,15.209424018859863,20.467897415161133,2.5902444445900925,12.293498992919922,1.0
41,3,2,497,20.100000381469727,11.947100639343262,19.41263008117676,25.04697608947754,0.47247792972484115,13.099875450134277,1.0
41,3,3,498,23.5,13.143611907958984,20.371490478515625,25.818634033203125,9.787571826018393,12.67502212524414,1.0
41,3,4,499,24.600000381469727,11.318949699401855,18.129335403442383,22.790868759155277,41.869505257869605,11.471919059753422,0.0
41,3,5,500,14.699999809265137,7.190065383911133,16.035778045654297,20.27318000793457,1.784303496810935,13.083114624023438,1.0
41,4,1,496,17.100000381469727,11.182722091674805,16.94040298461914,21.39102935791016,0.025471329081483418,10.208307266235355,1.0
41,4,2,497,21.5,13.535340309143066,19.56563949584961,24.32056427001953,3.7417505600169534,10.785223960876465,1.0
41,4,3,498,23.299999237060547,13.708114624023438,20.058013916015625,24.26913070678711,10.510468821870745,10.561016082763672,1.0
41,4,4,499,22.0,11.987634658813477,17.690185546875,22.75151252746582,18.574500620365143,10.763877868652344,1.0
41,4,5,500,18.200000762939453,8.194934844970703,14.25636100769043,19.09746551513672,15.552294519180577,10.902530670166016,1.0
41,5,1,496,19.200000762939453,15.418408393859863,20.51006317138672,24.83682632446289,1.7162635140266502,9.418417930603027,1.0
41,5,2,497,24.299999237060547,16.819461822509766,21.160554885864254,25.440813064575195,9.856110834258311,8.62135124206543,1.0
41,5,3,498,26.799999237060547,15.423443794250488,20.066909790039062,24.54098320007324,45.33449350159208,9.11753940582275,0.0
41,5,4,499,25.200000762939453,13.539408683776855,18.22330665588379,22.6709098815918,48.67426066342523,9.131501197814945,0.0
41,5,5,500,19.299999237060547,12.875129699707031,17.80007553100586,22.02597045898437,2.2497711239848286,9.15084075927734,1.0
41,6,1,496,20.200000762939453,16.361007690429688,21.64838409423828,25.5694580078125,2.097814274384291,9.208450317382812,1.0
41,6,2,497,25.100000381469727,20.431041717529297,27.02094268798828,30.339160919189453,3.690019344972825,9.908119201660156,1.0
41,6,3,498,27.100000381469727,22.62489891052246,27.74445533752441,31.732545852661133,0.41532219038344464,9.107646942138672,1.0
41,6,4,499,26.899999618530277,20.559741973876957,26.237564086914062,30.056827545166016,0.4388208335476567,9.497085571289059,1.0
41,6,5,500,20.399999618530277,16.850242614746094,22.20768165588379,26.331247329711918,3.267714348170544,9.481004714965824,1.0
41,7,1,496,15.5,13.153594017028809,18.56271743774414,24.300220489501957,9.380238103462034,11.146626472473148,1.0
41,7,2,497,20.100000381469727,17.01964569091797,22.445358276367188,27.72811508178711,5.500703655157849,10.70846939086914,1.0
41,7,3,498,21.399999618530277,17.907886505126953,23.318506240844727,28.34665870666504,3.680667659864398,10.438772201538086,1.0
41,7,4,499,19.700000762939453,15.354411125183104,20.918758392333984,25.91584587097168,1.4853701592073776,10.561434745788576,1.0
41,7,5,500,15.699999809265137,11.848642349243164,17.393627166748047,22.53883934020996,2.868373626014545,10.690196990966797,1.0
41,8,1,496,20.399999618530277,13.902544975280762,19.903564453125,25.93235969543457,0.24644787345096472,12.029814720153809,1.0
41,8,2,497,25.200000762939453,16.734298706054688,22.553050994873047,28.26536750793457,7.006343074666802,11.531068801879883,1.0
41,8,3,498,26.399999618530277,18.78294563293457,23.93751335144043,30.152517318725582,6.063838615606091,11.369571685791012,1.0
41,8,4,499,23.600000381469727,17.227630615234375,22.471590042114254,28.55021858215332,1.2733098939643321,11.322587966918945,1.0
41,8,5,500,20.299999237060547,13.012533187866213,18.11689758300781,24.87750625610352,4.7659328319278,11.864973068237306,1.0
41,9,1,496,20.799999237060547,24.260297775268555,27.821577072143555,31.022235870361328,49.30255529412898,6.761938095092773,0.0
41,9,2,497,22.799999237060547,24.858503341674805,28.55558013916016,31.871944427490234,33.126711520613796,7.01344108581543,0.0
41,9,3,498,24.399999618530277,22.49060440063477,25.8457145690918,29.65605735778809,2.090091718277108,7.16545295715332,1.0
41,9,4,499,23.299999237060547,19.57497978210449,23.198524475097656,27.3261661529541,0.010297127315425314,7.751186370849613,1.0
41,9,5,500,20.799999237060547,16.77933120727539,20.59806060791016,24.74542999267578,0.04077920994313756,7.966098785400391,1.0
41,10,1,496,20.399999618530277,23.012109756469727,26.1505126953125,28.189151763916016,33.06840064624335,5.177042007446289,0.0
41,10,2,497,22.299999237060547,25.106809616088867,28.07221984863281,30.96564292907715,33.31853078865966,5.858833312988281,0.0
41,10,3,498,23.899999618530277,24.22672843933105,26.93424224853516,29.89574813842773,9.206628337738948,5.66901969909668,0.0
41,10,4,499,23.600000381469727,22.28968620300293,25.0839786529541,28.20001220703125,2.2021915102377534,5.91032600402832,1.0
41,10,5,500,22.600000381469727,20.61031723022461,23.8674430847168,27.56955337524414,1.6064110060142502,6.959236145019531,1.0
41,11,1,496,20.0,21.399059295654297,25.05415725708008,28.51152229309082,25.544505579295254,7.112462997436523,0.0
41,11,2,497,23.200000762939453,22.59244537353516,26.036874771118164,29.816877365112305,8.047854138279945,7.224431991577145,1.0
41,11,3,498,23.399999618530277,21.53456687927246,24.66703987121582,28.03277969360352,1.6053910019254454,6.498212814331058,1.0
41,11,4,499,22.799999237060547,20.472272872924805,23.203834533691406,27.23904037475586,0.16308294680493418,6.766767501831055,1.0
41,11,5,500,21.899999618530277,19.46072578430176,22.60901641845703,26.185609817504883,0.5027048225783751,6.7248840332031214,1.0
41,12,1,496,21.100000381469727,22.79158592224121,25.733612060546875,29.193744659423828,21.47035719248015,6.402158737182617,0.0
41,12,2,497,22.299999237060547,23.096067428588867,26.27583694458008,29.81998062133789,15.80728547653419,6.723913192749023,0.0
41,12,3,498,24.100000381469727,22.053936004638672,25.40658569335937,28.36966896057129,1.7071651772457606,6.315732955932617,1.0
41,12,4,499,23.5,20.231504440307617,23.7920036315918,27.169063568115234,0.08526612086279992,6.937559127807617,1.0
41,12,5,500,21.600000381469727,20.021076202392575,23.40483283996582,26.715723037719727,3.257420203241054,6.694646835327152,1.0
41,13,1,496,15.300000190734863,13.200250625610352,18.36505699157715,22.88128471374512,9.394573192389544,9.68103408813477,1.0
41,13,2,497,18.100000381469727,16.833362579345703,21.889135360717773,25.651721954345703,14.357543890961097,8.818359375,1.0
41,13,3,498,18.5,18.78193664550781,24.209985733032227,27.594690322875977,32.603937071431574,8.812753677368168,0.0
41,13,4,499,18.600000381469727,18.471134185791016,23.47321510314941,27.047365188598636,23.7482217235956,8.57623100280762,1.0
41,13,5,500,16.0,15.50149154663086,20.425521850585938,23.83944320678711,19.58524365001358,8.33795166015625,1.0
41,14,1,496,17.100000381469727,17.665225982666016,22.959796905517575,26.05876922607422,34.33721530324324,8.393543243408203,0.0
41,14,2,497,17.100000381469727,20.71685791015625,26.866436004638672,29.71196937561035,95.38326478150339,8.995111465454102,0.0
41,14,3,498,19.200000762939453,20.969032287597656,27.417142868041992,29.793975830078125,67.52142437544899,8.824943542480469,0.0
41,14,4,499,18.700000762939453,18.65516471862793,23.759017944335938,27.01778030395508,25.59365484166483,8.362615585327152,1.0
41,14,5,500,17.700000762939453,15.365829467773438,20.383642196655277,25.000526428222656,7.201931344756322,9.634696960449219,1.0
41,15,1,496,17.200000762939453,19.303157806396484,22.870262145996094,26.9654541015625,32.15186415218341,7.662296295166016,0.0
41,15,2,497,18.399999618530277,20.221569061279297,23.373313903808597,27.90799331665039,24.73385498015341,7.686424255371094,0.0
41,15,3,498,19.100000381469727,19.357955932617188,22.83575439453125,27.69449615478516,13.955858046105277,8.336540222167972,0.0
41,15,4,499,18.799999237060547,16.317270278930664,20.11481285095215,24.33156394958496,1.7287348392746935,8.014293670654297,1.0
41,15,5,500,18.100000381469727,14.345990180969238,18.78815269470215,22.82695770263672,0.47355360620713327,8.48096752166748,1.0
41,16,1,496,19.200000762939453,22.56003761291504,25.66590118408203,29.39901351928711,41.80786825613177,6.83897590637207,0.0
41,16,2,497,21.299999237060547,23.550716400146484,26.129173278808597,30.670507431030277,23.320921925493202,7.119791030883793,0.0
41,16,3,498,22.899999618530277,22.560565948486328,25.869384765625,29.264440536499023,8.81724815178675,6.703874588012695,1.0
41,16,4,499,22.799999237060547,21.94633674621582,25.214675903320312,27.823650360107425,5.8306634025793755,5.877313613891605,1.0
41,16,5,500,21.0,20.95387840270996,23.61171531677246,25.909942626953125,6.821056895863876,4.956064224243164,1.0
41,17,1,496,16.799999237060547,15.828949928283691,20.68383407592773,24.361181259155277,15.084173055598484,8.532231330871586,1.0
41,17,2,497,17.899999618530273,19.542888641357425,24.72639274597168,28.277816772460938,46.59964313037926,8.734928131103512,0.0
41,17,3,498,18.399999618530277,20.80812644958496,25.513113021850582,29.2119197845459,50.59638228849498,8.403793334960938,0.0
41,17,4,499,17.100000381469727,18.520322799682617,23.136402130126957,26.70313835144043,36.438146071192065,8.182815551757812,0.0
41,17,5,500,15.899999618530272,16.275293350219727,21.07071876525879,24.94744110107422,26.736336494344886,8.672147750854492,0.0
41,18,1,496,17.399999618530273,13.83187198638916,18.299406051635746,23.143709182739254,0.8089319319115085,9.311837196350094,1.0
41,18,2,497,19.0,14.802005767822266,19.34402084350586,24.710390090942383,0.11835034076648299,9.908384323120117,1.0
41,18,3,498,19.100000381469727,15.168910026550291,19.57740592956543,24.71902847290039,0.2279160573525587,9.5501184463501,1.0
41,18,4,499,17.399999618530273,12.373308181762695,16.752132415771484,21.68528938293457,0.4197319124104979,9.311981201171875,1.0
41,18,5,500,16.899999618530273,11.483635902404783,15.764327049255373,20.110137939453125,1.2897521846034539,8.626502037048342,1.0
41,19,1,496,18.600000381469727,17.8209228515625,22.90505027770996,27.20425796508789,18.533454609118053,9.38333511352539,1.0
41,19,2,497,19.399999618530277,18.72860145568848,23.25937843322754,27.63296890258789,14.894804835334044,8.90436744689941,1.0
41,19,3,498,18.399999618530277,18.767885208129883,23.6313533782959,26.901084899902344,27.367062159813905,8.133199691772461,0.0
41,19,4,499,18.299999237060547,17.088542938232422,22.266157150268555,25.88565826416016,15.7304085925025,8.797115325927738,1.0
41,19,5,500,18.0,15.010102272033691,20.313365936279297,24.183292388916016,5.351661955137388,9.173190116882324,1.0
41,20,1,496,19.600000381469727,13.521857261657717,17.767684936523438,22.29301071166992,3.3573798897887173,8.771153450012202,1.0
41,20,2,497,22.200000762939453,17.091773986816406,20.933372497558597,25.296260833740234,1.6043471626617156,8.204486846923828,1.0
41,20,3,498,23.799999237060547,16.860610961914062,19.921520233154297,26.200851440429688,15.042599383741617,9.340240478515625,1.0
41,20,4,499,19.0,13.834674835205078,17.64361572265625,22.569171905517575,1.839778307825327,8.734497070312496,1.0
41,20,5,500,13.300000190734863,11.396191596984863,15.12510871887207,18.33485412597656,3.3310211394791622,6.938662528991696,1.0
41,21,1,496,22.200000762939453,17.6696834564209,21.188152313232425,25.27932548522949,1.0238372851745154,7.60964202880859,1.0
41,21,2,497,26.299999237060547,19.262672424316406,23.782888412475582,27.85407829284668,6.3358469032428,8.591405868530273,1.0
41,21,3,498,28.399999618530277,20.71756362915039,24.860769271850582,28.62923240661621,12.52615144685847,7.91166877746582,1.0
41,21,4,499,25.600000381469727,18.963815689086918,22.823999404907227,26.641292572021484,7.706181421875954,7.677476882934567,1.0
41,21,5,500,22.299999237060547,17.13836097717285,20.70148468017578,24.16840171813965,2.5552487885724986,7.030040740966797,1.0
41,22,1,496,19.100000381469727,16.697284698486328,20.87527084350586,25.555086135864254,3.1515852133779845,8.857801437377926,1.0
41,22,2,497,23.5,20.007129669189453,24.1363525390625,28.59285926818848,0.4049445539712906,8.585729598999027,1.0
41,22,3,498,24.0,20.942232131958008,25.30551528930664,29.06987953186035,1.7043701706134016,8.127647399902344,1.0
41,22,4,499,21.299999237060547,17.452606201171875,21.81601333618164,25.13838768005371,0.26627055049175397,7.685781478881836,1.0
41,22,5,500,15.399999618530272,13.743535995483398,18.291826248168945,21.0427360534668,8.362661255887371,7.299200057983402,1.0
41,23,1,496,16.0,17.1558895111084,21.59402084350586,25.54747009277344,31.293069197578006,8.391580581665043,0.0
41,23,2,497,23.0,21.06128692626953,25.320152282714844,29.328012466430664,5.3831066149869,8.266725540161133,1.0
41,23,3,498,25.100000381469727,20.49029922485352,24.51145362854004,27.971923828125,0.3463872803840786,7.481624603271481,1.0
41,23,4,499,19.899999618530277,16.2131404876709,19.502710342407227,23.45536994934082,0.15783876892237741,7.242229461669922,1.0
41,23,5,500,15.199999809265137,13.637550354003906,16.779769897460938,20.81018447875977,2.495673531558168,7.172634124755863,1.0
41,24,1,496,20.100000381469727,18.93561172485352,24.057836532592773,28.175460815429688,15.664466999136494,9.239849090576168,1.0
41,24,2,497,26.299999237060547,18.07253837585449,23.39304542541504,28.146394729614254,8.450380463040347,10.073856353759766,1.0
41,24,3,498,28.200000762939453,17.507431030273438,22.679962158203125,26.87778091430664,30.470826197779388,9.370349884033203,0.0
41,24,4,499,25.5,15.486345291137695,20.99397850036621,25.04365539550781,20.30422975516194,9.557310104370114,0.0
41,24,5,500,18.200000762939453,15.09290599822998,19.64114761352539,22.995838165283203,2.0769042449537665,7.902932167053223,1.0
41,25,1,496,21.899999618530277,17.628173828125,22.98274803161621,25.022296905517575,1.1723441260401082,7.394123077392575,1.0
41,25,2,497,25.5,17.061359405517578,23.26171112060547,26.10810089111328,5.0099371076212265,9.046741485595703,1.0
41,25,3,498,26.899999618530277,16.33538246154785,22.226852416992188,26.201074600219727,21.838304767243276,9.865692138671875,0.0
41,25,4,499,25.200000762939453,17.30933380126953,21.56290435791016,25.97821807861328,13.228470259477008,8.66888427734375,1.0
41,25,5,500,19.899999618530277,17.2418155670166,21.554000854492188,25.507787704467773,2.7357200885635278,8.265972137451172,1.0
41,26,1,496,22.600000381469727,22.12261962890625,24.82229423522949,28.47698974609375,4.938589972458415,6.3543701171875,1.0
41,26,2,497,23.799999237060547,23.34571075439453,25.530309677124023,29.015552520751957,2.993974218992662,5.669841766357425,1.0
41,26,3,498,25.0,21.73278045654297,24.08660697937012,27.007404327392575,0.8342868101353751,5.274623870849606,1.0
41,26,4,499,26.100000381469727,20.7119255065918,23.034120559692383,25.9427433013916,9.399619081581477,5.230817794799801,0.0
41,26,5,500,19.100000381469727,19.84550094604492,22.489688873291016,25.56245422363281,11.489988071585685,5.716953277587891,0.0
41,27,1,496,22.100000381469727,20.943016052246094,25.45488739013672,27.60257339477539,11.255266840922559,6.659557342529297,1.0
41,27,2,497,25.5,22.051687240600582,26.63545608520508,28.715845108032227,1.2892605214292496,6.664157867431644,1.0
41,27,3,498,27.100000381469727,19.92029190063477,24.67405128479004,26.657915115356445,5.885229019680992,6.737623214721676,0.0
41,27,4,499,25.899999618530277,18.38966560363769,23.042688369750977,25.5900936126709,8.164227572400724,7.200428009033207,0.0
41,27,5,500,20.200000762939453,17.341629028320312,22.170902252197266,25.10948181152344,3.884452680358663,7.7678527832031286,1.0
41,28,1,496,22.200000762939453,21.682048797607425,25.33131599426269,27.5378475189209,9.805135077916907,5.855798721313473,1.0
41,28,2,497,25.600000381469727,23.34699058532715,26.188980102539062,28.68313407897949,0.34689711183091276,5.33614349365234,1.0
41,28,3,498,26.799999237060547,23.054563522338867,25.72739791870117,27.91112327575684,1.1504735881462769,4.856559753417972,1.0
41,28,4,499,25.899999618530277,21.350292205810547,24.190410614013672,26.477783203125,2.9226945643640767,5.127490997314453,1.0
41,28,5,500,22.799999237060547,20.593563079833984,23.862455368041992,25.705087661743164,1.128813030260062,5.11152458190918,1.0
41,29,1,496,22.700000762939453,24.555400848388672,26.71795463562012,29.55223274230957,16.143953322989574,4.996831893920898,0.0
41,29,2,497,24.799999237060547,26.099931716918945,28.108970642089844,31.15890121459961,10.949291759301559,5.058969497680664,0.0
41,29,3,498,26.5,25.215282440185547,27.370275497436523,30.761138916015625,0.7573794414383883,5.545856475830078,1.0
41,29,4,499,25.100000381469727,24.0350399017334,26.4786319732666,29.205949783325195,1.9006250659003854,5.170909881591797,1.0
41,29,5,500,21.100000381469727,22.742713928222656,25.8465633392334,28.66063499450684,22.529859912014217,5.917921066284183,0.0
41,30,1,496,21.799999237060547,21.488964080810547,24.111553192138672,27.1064510345459,5.343281687237322,5.617486953735352,1.0
41,30,2,497,21.100000381469727,22.027223587036133,24.587574005126957,27.579256057739254,12.163169780429623,5.5520324707031214,0.0
41,30,3,498,23.5,21.717531204223636,24.366662979125977,27.257707595825195,0.7511047193875129,5.540176391601559,1.0
41,30,4,499,22.299999237060547,20.23489189147949,23.05668258666992,25.665700912475582,0.5725696915760583,5.430809020996094,1.0
41,30,5,500,22.200000762939453,19.69677352905273,22.7216796875,25.08779525756836,0.27214890033064876,5.3910217285156286,1.0
41,31,1,496,21.5,23.089580535888672,26.121967315673828,28.639240264892575,21.362581867157132,5.549659729003903,0.0
41,31,2,497,23.299999237060547,23.511945724487305,27.109834671020508,29.66508102416992,14.514846033856884,6.153135299682614,0.0
41,31,3,498,23.899999618530277,21.95986557006836,25.0687255859375,27.708202362060547,1.3659203868919494,5.7483367919921875,1.0
41,31,4,499,23.899999618530277,21.465763092041016,24.391860961914062,26.822938919067383,0.24192758111530216,5.357175827026367,1.0
41,31,5,500,21.600000381469727,20.810291290283203,23.97547912597656,26.43742561340332,5.642899265603757,5.627134323120117,1.0
41,32,1,496,24.0,24.99082565307617,27.53675079345703,30.377185821533203,12.50860617501894,5.386360168457035,0.0
41,32,2,497,24.799999237060547,26.57738304138184,28.78165435791016,31.98534393310547,15.853577501387946,5.407960891723629,0.0
41,32,3,498,23.5,25.42735481262207,28.061391830444336,30.878353118896484,20.80629543084433,5.450998306274414,0.0
41,32,4,499,23.700000762939453,23.356517791748047,26.12677383422852,29.16210556030273,5.889227539533766,5.805587768554684,1.0
41,32,5,500,22.0,21.576587677001957,24.09883499145508,27.64828491210937,4.405108321356253,6.071697235107415,1.0
41,33,1,496,22.100000381469727,24.31260871887207,26.538894653320312,29.95862579345703,19.703782356667944,5.646017074584961,0.0
41,33,2,497,21.600000381469727,24.5965576171875,27.046480178833008,30.331151962280277,29.66414218308637,5.734594345092777,0.0
41,33,3,498,23.0,23.209606170654297,24.948610305786133,28.606727600097656,3.797082123815926,5.397121429443359,0.0
41,33,4,499,21.899999618530277,23.25010681152344,25.270244598388672,28.70339012145996,11.358551224260713,5.45328330993652,0.0
41,33,5,500,20.5,23.16359519958496,25.36097717285156,28.150840759277344,23.629099074983934,4.987245559692383,0.0
41,34,1,496,18.200000762939453,21.67194366455078,24.32710647583008,26.686525344848636,37.54142441693698,5.014581680297855,0.0
41,34,2,497,18.399999618530277,22.232580184936523,24.754444122314453,27.554630279541016,40.37896495167293,5.322050094604492,0.0
41,34,3,498,18.299999237060547,21.90802001953125,24.307891845703125,26.60712242126465,36.09477359698212,4.699102401733398,0.0
41,34,4,499,18.299999237060547,20.016063690185547,22.479774475097656,24.866012573242188,17.470521040508174,4.849948883056641,0.0
41,34,5,500,18.899999618530277,19.028053283691406,21.779687881469727,23.80337142944336,8.292604491711224,4.775318145751953,0.0
41,35,1,496,21.899999618530277,23.104610443115234,25.433326721191406,29.873580932617188,12.48440041439969,6.768970489501953,0.0
41,35,2,497,22.600000381469727,23.79311752319336,26.520565032958984,30.59463882446289,15.370827186507086,6.801521301269531,0.0
41,35,3,498,21.799999237060547,23.53179931640625,26.45948600769043,30.07691764831543,21.710816965674894,6.54511833190918,0.0
41,35,4,499,21.600000381469727,22.45217704772949,25.062837600708008,29.104799270629883,11.991241606941912,6.652622222900394,0.0
41,35,5,500,21.299999237060547,20.639450073242188,24.033334732055664,27.90608787536621,7.471122928200202,7.266637802124023,1.0
41,36,1,496,22.700000762939453,24.520278930664062,26.762540817260746,31.386098861694336,16.50423169296485,6.865819931030273,0.0
41,36,2,497,22.600000381469727,25.23761367797852,27.51630210876465,31.54181861877441,24.170022673803032,6.304204940795891,0.0
41,36,3,498,23.0,24.402597427368164,26.94363594055176,30.940654754638672,15.552264431611576,6.538057327270508,0.0
41,36,4,499,21.799999237060547,23.387371063232425,25.58052062988281,29.68153953552246,14.292342001586777,6.2941684722900355,0.0
41,36,5,500,20.799999237060547,21.981346130371094,24.64634132385254,28.32576942443848,14.794347448627377,6.344423294067386,0.0
41,37,1,496,23.899999618530277,23.61266326904297,26.782176971435547,29.483470916748047,8.306946293600028,5.870807647705078,1.0
41,37,2,497,23.899999618530277,23.944971084594727,27.524585723876957,30.038902282714844,13.137624435072212,6.093931198120117,0.0
41,37,3,498,24.399999618530277,24.016576766967773,26.802539825439453,29.7634220123291,5.772199445815187,5.746845245361328,1.0
41,37,4,499,24.100000381469727,22.492733001708984,25.118087768554688,28.65375328063965,1.036501927741483,6.161020278930664,1.0
41,37,5,500,21.899999618530277,21.568130493164062,24.421463012695312,27.753135681152344,6.357777648114261,6.185005187988281,1.0
41,38,1,496,2.700000047683716,3.740180969238281,7.703920364379883,12.239035606384276,25.039218535844668,8.498854637145994,0.0
41,38,2,497,7.199999809265137,5.695760726928711,9.058467864990234,14.619117736816406,3.4539035141506247,8.923357009887695,1.0
41,38,3,498,11.5,6.640485763549805,9.964883804321287,15.424342155456545,2.3565817342350837,8.78385639190674,1.0
41,38,4,499,13.699999809265137,6.9350433349609375,10.74724006652832,15.369624137878418,8.71879009832719,8.43458080291748,1.0
41,38,5,500,10.899999618530272,5.115104675292969,10.347719192504885,14.353984832763672,0.305013668970783,9.238880157470703,1.0
41,39,1,496,5.400000095367432,4.177282333374023,9.34931182861328,13.735776901245115,15.597063166353323,9.558494567871092,1.0
41,39,2,497,9.300000190734863,6.5633392333984375,11.284567832946776,16.672630310058594,3.9385087265145486,10.109291076660156,1.0
41,39,3,498,11.199999809265137,8.139822006225586,13.3434476852417,17.52104949951172,4.594368797028437,9.381227493286133,1.0
41,39,4,499,12.199999809265137,6.637262344360352,11.999629974365234,16.43807029724121,0.04014807073781412,9.80080795288086,1.0
41,39,5,500,7.900000095367432,5.206108093261719,10.441086769104004,14.833763122558594,6.457121483441597,9.627655029296875,1.0
41,40,1,496,22.0,19.38607406616211,24.126209259033203,29.16888999938965,4.520765813198523,9.782815933227539,1.0
41,40,2,497,23.899999618530277,21.2437686920166,26.017414093017575,31.392578125,4.4834440567683185,10.148809432983398,1.0
41,40,3,498,26.299999237060547,21.47171974182129,26.838436126708984,31.376689910888672,0.28991428413428366,9.904970169067383,1.0
41,40,4,499,25.899999618530277,20.1586856842041,24.562105178833008,28.72613525390625,1.7899615317728699,8.567449569702148,1.0
41,40,5,500,23.399999618530277,18.329025268554688,22.64619445800781,26.763132095336918,0.5682222200303038,8.43410682678223,1.0
41,41,1,496,20.200000762939453,19.823650360107425,24.28952980041504,29.06045913696289,16.724247748355992,9.236808776855465,1.0
41,41,2,497,24.5,22.76042938232422,27.79553604125977,32.406715393066406,10.86055779924211,9.646286010742188,1.0
41,41,3,498,24.100000381469727,23.947559356689453,28.89810562133789,33.75623321533203,23.021813892850332,9.808673858642578,1.0
41,41,4,499,22.5,22.15879821777344,26.4931697845459,31.685497283935547,15.945404928210337,9.526699066162106,1.0
41,41,5,500,20.399999618530277,18.9122314453125,23.127418518066406,28.54247283935547,7.43881385354687,9.630241394042969,1.0
41,42,1,496,22.5,19.551483154296875,22.8282413482666,28.49063491821289,0.10774238271187642,8.939151763916016,1.0
41,42,2,497,28.899999618530277,23.25147247314453,27.24671745300293,32.80308532714844,2.733341918850795,9.551612854003906,1.0
41,42,3,498,28.600000381469727,25.324331283569336,29.19938850402832,34.08406066894531,0.3592661214643158,8.759729385375977,1.0
41,42,4,499,24.899999618530277,22.3509578704834,26.39452743530273,31.36813735961914,2.2336133951066373,9.017179489135742,1.0
41,42,5,500,23.600000381469727,17.649391174316406,22.69073486328125,27.62314224243164,0.8267637825665588,9.973751068115234,1.0
41,43,1,496,16.799999237060547,14.05995750427246,17.129554748535156,21.828266143798828,0.10860683514329139,7.768308639526369,1.0
41,43,2,497,18.799999237060547,18.71448516845703,22.4444637298584,25.90117835998535,13.282121439264301,7.18669319152832,1.0
41,43,3,498,19.700000762939453,20.543312072753903,24.64490127563477,27.165210723876957,24.4520410804544,6.621898651123054,0.0
41,43,4,499,20.299999237060547,19.8397216796875,24.752450942993164,27.467283248901367,19.824326193662273,7.627561569213867,1.0
41,43,5,500,17.799999237060547,16.462865829467773,21.04029083251953,24.73318862915039,10.49948962360213,8.270322799682617,1.0
41,44,1,496,19.200000762939453,16.275659561157227,20.788965225219727,25.60247039794922,2.5248080623896385,9.326810836791992,1.0
41,44,2,497,19.899999618530277,17.715816497802734,22.27788734436035,27.07152366638184,5.654350036653324,9.355707168579105,1.0
41,44,3,498,20.200000762939453,18.23402976989746,23.34569549560547,28.08129501342773,9.895395351122716,9.84726524353027,1.0
41,44,4,499,19.5,17.15546417236328,23.421236038208008,26.767454147338867,15.376092067341233,9.611989974975586,1.0
41,44,5,500,19.0,15.757667541503906,22.078929901123047,24.79228782653809,9.479809336029575,9.034620285034183,1.0
41,45,1,496,21.0,18.318931579589844,23.280160903930664,26.559722900390625,5.199133747813903,8.240791320800781,1.0
41,45,2,497,22.399999618530277,20.49542999267578,24.229774475097656,27.35428810119629,3.3480760257261735,6.858858108520508,1.0
41,45,3,498,21.399999618530277,20.61927032470703,24.758331298828125,27.39558982849121,11.278391674892168,6.77631950378418,1.0
41,45,4,499,20.399999618530277,18.66671371459961,23.446420669555664,26.69940185546875,9.280681220130624,8.03268814086914,1.0
41,45,5,500,19.799999237060547,17.01416778564453,22.586544036865234,25.49950218200684,7.764831921318546,8.485334396362308,1.0
41,46,1,496,21.5,18.71204376220703,24.42587661743164,27.321514129638672,8.56075398043322,8.60947036743164,1.0
41,46,2,497,22.399999618530277,20.10734748840332,25.199125289916992,28.26919937133789,7.8351045242161295,8.16185188293457,1.0
41,46,3,498,22.100000381469727,19.116918563842773,23.794862747192383,27.18295669555664,2.872558438742999,8.066038131713867,1.0
41,46,4,499,20.700000762939453,17.921958923339844,22.784568786621094,26.71380424499512,4.345423845355981,8.791845321655277,1.0
41,46,5,500,20.600000381469727,18.367233276367188,22.57771110534668,26.51998519897461,3.911339707337902,8.152751922607422,1.0
41,47,1,496,21.5,20.697248458862305,24.6060733795166,27.617965698242188,9.647691838941682,6.920717239379883,1.0
41,47,2,497,23.100000381469727,21.15235710144043,25.184066772460938,28.737548828125,4.343332722059131,7.58519172668457,1.0
41,47,3,498,23.600000381469727,20.649324417114254,23.83543586730957,26.62918281555176,0.05542986799264327,5.979858398437507,1.0
41,47,4,499,22.100000381469727,20.14873313903809,23.4417667388916,26.94830703735352,1.8003369579091668,6.79957389831543,1.0
41,47,5,500,21.100000381469727,19.01222419738769,22.821014404296875,25.52547264099121,2.9618892667676846,6.513248443603519,1.0
41,48,1,496,22.299999237060547,22.28271102905273,25.42746925354004,28.62851905822754,9.781068703978235,6.345808029174808,1.0
41,48,2,497,23.100000381469727,22.35985565185547,25.74593734741211,28.3773136138916,7.000982427740382,6.017457962036133,1.0
41,48,3,498,23.5,22.494836807250977,25.63563346862793,28.557462692260746,4.560930312323762,6.062625885009769,1.0
41,48,4,499,22.200000762939453,21.073650360107425,24.92729759216309,27.84657096862793,7.438147994693301,6.772920608520504,1.0
41,48,5,500,21.200000762939453,19.540496826171875,23.121889114379883,26.663894653320312,3.6936548354024126,7.1233978271484375,1.0
41,49,1,496,20.5,19.208080291748047,24.30499649047852,29.354637145996094,14.477998292553847,10.146556854248047,1.0
41,49,2,497,20.899999618530277,22.258028030395508,26.851043701171875,31.69417953491211,35.41492567354358,9.436151504516602,0.0
41,49,3,498,21.0,20.64427757263184,25.01986694335937,30.257381439208984,16.159330242313416,9.613103866577145,1.0
41,49,4,499,20.600000381469727,18.023786544799805,22.28139877319336,26.783891677856445,2.827100551690819,8.76010513305664,1.0
41,49,5,500,19.899999618530277,15.855399131774902,20.616416931152344,25.418210983276367,0.5132537658246241,9.562811851501465,1.0
41,50,1,496,21.5,18.50716209411621,23.55745506286621,25.21389579772949,4.233121335713804,6.706733703613278,1.0
41,50,2,497,24.299999237060547,20.719724655151367,25.33887481689453,27.51890754699707,1.0792624703753972,6.799182891845703,1.0
41,50,3,498,26.100000381469727,21.83162879943848,26.121435165405277,28.351280212402344,0.0004594499623637307,6.519651412963864,1.0
41,50,4,499,25.0,20.308429718017575,25.40360450744629,28.05974769592285,0.1628965984309616,7.751317977905277,1.0
41,50,5,500,22.399999618530277,19.12812805175781,23.389558792114254,26.61356544494629,0.979227358024204,7.48543739318848,1.0
41,51,1,496,22.700000762939453,19.63289451599121,23.169342041015625,28.05325698852539,0.2202812353061745,8.42036247253418,1.0
41,51,2,497,25.200000762939453,21.423213958740234,24.86434555053711,29.2454776763916,0.1126644216128625,7.822263717651367,1.0
41,51,3,498,27.600000381469727,21.92014503479004,25.46599006652832,30.43807983398437,4.55400002427632,8.517934799194332,1.0
41,51,4,499,26.299999237060547,21.37804412841797,25.31137466430664,29.81604766845703,0.9773785458528437,8.438003540039062,1.0
41,51,5,500,24.799999237060547,19.352540969848636,23.60850524902344,27.80122375488281,1.419657923528567,8.448682785034173,1.0
41,52,1,496,22.799999237060547,16.961349487304688,21.81790542602539,26.60289192199707,0.9645082536735572,9.641542434692383,1.0
41,52,2,497,25.299999237060547,19.793901443481445,24.61691665649414,29.40357208251953,0.4666018118732609,9.609670639038086,1.0
41,52,3,498,24.700000762939453,20.679168701171875,25.58562660217285,29.04382705688477,0.7843331271178613,8.364658355712894,1.0
41,52,4,499,25.799999237060547,20.04518699645996,25.00572967529297,29.05044937133789,0.6308641367504606,9.00526237487793,1.0
41,52,5,500,23.299999237060547,18.17811393737793,23.14508056640625,27.56399726867676,0.023999794517294504,9.385883331298832,1.0
41,53,1,496,23.0,21.312435150146484,25.102935791015625,32.15753555297852,4.422338941134512,10.845100402832038,1.0
41,53,2,497,26.799999237060547,22.43692779541016,26.22101593017578,34.247886657714844,0.3352216696512187,11.810958862304684,1.0
41,53,3,498,27.700000762939453,22.335786819458008,25.673114776611328,31.44354820251465,4.108266801573336,9.10776138305664,1.0
41,53,4,499,26.799999237060547,21.229475021362305,24.59475898742676,31.88443374633789,4.86308455860488,10.654958724975586,1.0
41,53,5,500,24.899999618530277,19.84322929382324,22.9891357421875,30.16758346557617,3.651400753911744,10.32435417175293,1.0
41,54,1,496,31.799999237060547,29.322296142578125,33.359336853027344,36.38663101196289,2.4315338005690137,7.064334869384766,1.0
41,54,2,497,35.20000076293945,30.829132080078125,34.49559783935547,38.1517448425293,0.49618347875366453,7.322612762451172,1.0
41,54,3,498,35.900001525878906,30.011493682861328,33.88479995727539,37.58668899536133,4.06103736210207,7.5751953125,1.0
41,54,4,499,34.599998474121094,25.96779441833496,30.48806953430176,34.11133575439453,16.90795960612374,8.14354133605957,0.0
41,54,5,500,28.5,24.33837890625,28.4638671875,32.180843353271484,0.0013055801391601562,7.842464447021484,1.0
41,55,1,496,25.100000381469727,21.220230102539062,25.031064987182617,30.043914794921875,0.004752088585519232,8.823684692382812,1.0
41,55,2,497,26.899999618530277,22.354461669921875,25.82584953308105,30.73095703125,1.1537984060705793,8.376495361328125,1.0
41,55,3,498,29.299999237060547,22.55160903930664,26.44907569885254,30.25556182861328,8.127765020708466,7.703952789306641,1.0
41,55,4,499,28.600000381469727,20.509361267089844,24.54898834228516,28.022777557373047,16.410698541618302,7.513416290283203,0.0
41,55,5,500,25.399999618530277,18.757755279541016,22.96686744689941,26.807880401611328,5.920132164625136,8.050125122070312,1.0
41,56,1,496,25.399999618530277,20.58432006835937,24.91830825805664,29.223752975463867,0.23202656675494268,8.639432907104496,1.0
41,56,2,497,30.399999618530277,24.51969146728516,29.349929809570312,33.80988311767578,1.1026466036892164,9.290191650390621,1.0
41,56,3,498,30.200000762939453,26.3842716217041,30.91364479064941,34.85698699951172,0.5092877982860904,8.472715377807617,1.0
41,56,4,499,29.100000381469727,24.894880294799805,30.02635955810547,34.683082580566406,0.8581413241372502,9.788202285766602,1.0
41,56,5,500,25.600000381469727,22.114376068115234,27.129613876342773,32.39326095581055,2.3397174436977366,10.278884887695312,1.0
41,57,1,496,25.5,21.86164283752441,26.611433029174805,30.606971740722656,1.2352833783406822,8.745328903198246,1.0
41,57,2,497,32.099998474121094,26.156530380249023,31.12544631958008,35.72360610961914,0.9497519019205287,9.567075729370117,1.0
41,57,3,498,31.899999618530277,26.96989631652832,32.19530487060547,37.45793914794922,0.08720519190319255,10.488042831420898,1.0
41,57,4,499,31.799999237060547,25.25444793701172,29.84156990051269,35.303436279296875,3.835445466251272,10.048988342285156,1.0
41,57,5,500,26.899999618530277,20.93950080871582,26.706541061401367,31.534751892089844,0.03742621332639966,10.595251083374023,1.0
41,58,1,496,24.399999618530277,19.352941513061523,29.500423431396484,34.29338455200195,26.01432307085266,14.94044303894043,1.0
41,58,2,497,26.600000381469727,23.94912338256836,34.096622467041016,39.09259033203125,56.199342693875224,15.14346694946289,1.0
41,58,3,498,25.5,25.132448196411133,35.27994537353516,39.965179443359375,95.64733150933185,14.832731246948242,1.0
41,58,4,499,25.700000762939453,21.71122360229492,31.858566284179688,36.76910018920898,37.927929279409,15.057876586914059,1.0
41,58,5,500,22.0,18.95374298095703,29.10123634338379,33.3934440612793,50.42755760459477,14.439701080322266,1.0
41,59,1,496,30.200000762939453,21.72438621520996,30.515981674194336,34.649513244628906,0.09984393627746613,12.925127029418945,1.0
41,59,2,497,34.29999923706055,23.97142219543457,33.71582794189453,38.09364318847656,0.34125610209594015,14.122220993041992,1.0
41,59,3,498,34.79999923706055,23.692665100097656,33.48963165283203,38.06098556518555,1.717063205796876,14.36832046508789,1.0
41,59,4,499,31.700000762939453,21.430938720703125,30.59355926513672,35.34767150878906,1.2242127880599583,13.916732788085938,1.0
41,59,5,500,28.799999237060547,18.638402938842773,28.273033142089844,33.00925064086914,0.2776932652486721,14.370847702026367,1.0
41,60,1,496,31.100000381469727,21.84425163269043,30.746807098388672,35.520896911621094,0.12474549521357403,13.676645278930664,1.0
41,60,2,497,34.599998474121094,23.125638961791992,32.10174560546875,37.078643798828125,6.241267395729665,13.953004837036133,1.0
41,60,3,498,37.09999847412109,23.518836975097656,32.35481262207031,37.09992980957031,22.51678877050283,13.581092834472656,0.0
41,60,4,499,35.599998474121094,21.28567123413086,30.467453002929688,35.09160614013672,26.343023013847414,13.80593490600586,0.0
41,60,5,500,31.299999237060547,19.4918212890625,28.56924057006836,33.28692626953125,7.457042897352949,13.79510498046875,1.0
41,61,1,496,31.200000762939453,29.49298858642578,32.064979553222656,36.43012619018555,0.7481883076397935,6.937137603759766,1.0
41,61,2,497,34.5,31.69417762756348,35.05664825439453,39.382911682128906,0.3098572791204788,7.688734054565426,1.0
41,61,3,498,35.79999923706055,31.17393112182617,34.306617736816406,38.66980743408203,2.23018830527144,7.495876312255863,1.0
41,61,4,499,34.400001525878906,29.167282104492188,31.873371124267575,36.35051345825195,6.383861186346639,7.183231353759766,1.0
41,61,5,500,30.399999618530277,26.881118774414062,29.51292610168457,33.98454284667969,0.7868994242890103,7.103424072265625,1.0
41,62,1,496,29.899999618530277,26.074132919311523,30.050827026367188,34.551239013671875,0.022748906954801733,8.477106094360352,1.0
41,62,2,497,34.0,30.893796920776367,35.06059646606445,39.138771057128906,1.1248648638284067,8.244974136352539,1.0
41,62,3,498,35.20000076293945,31.489551544189453,36.16489791870117,40.10082626342773,0.9310265211970545,8.611274719238274,1.0
41,62,4,499,26.200000762939453,30.477487564086918,34.89537811279297,38.902137756347656,75.60958725634555,8.424650192260739,0.0
41,62,5,500,26.299999237060547,26.258174896240234,30.68877601623535,34.93265914916992,19.261361617423972,8.674484252929688,1.0
41,63,1,496,22.100000381469727,19.15438461303711,23.643966674804688,25.979646682739254,2.3838319149544986,6.825262069702145,1.0
41,63,2,497,24.700000762939453,23.11800765991211,27.29069709777832,29.750307083129883,6.71170749934754,6.632299423217773,1.0
41,63,3,498,27.700000762939453,24.72170639038086,28.984899520874023,31.32671356201172,1.6509648181418015,6.605007171630859,1.0
41,63,4,499,27.100000381469727,22.725923538208008,27.416015625,29.542377471923828,0.09986563414349803,6.81645393371582,1.0
41,63,5,500,23.700000762939453,20.466846466064453,24.886417388916016,27.54899024963379,1.4075844103936106,7.082143783569336,1.0
41,64,1,496,28.700000762939453,24.576190948486328,28.076459884643555,33.44475555419922,0.3888032269060204,8.86856460571289,1.0
41,64,2,497,32.79999923706055,29.02662467956543,32.49404525756836,37.30592346191406,0.09360783756710589,8.279298782348633,1.0
41,64,3,498,34.79999923706055,30.474590301513672,33.97355270385742,37.83072280883789,0.683013872243464,7.356132507324219,1.0
41,64,4,499,34.70000076293945,28.267749786376957,31.78238677978516,36.54415512084961,8.51247135469746,8.276405334472653,1.0
41,64,5,500,30.5,25.322322845458984,29.58019256591797,32.97163772583008,0.8460457157925703,7.649314880371094,1.0
41,65,1,496,28.200000762939453,25.24334716796875,28.9869441986084,33.15366744995117,0.6192799709424435,7.910320281982422,1.0
41,65,2,497,33.400001525878906,29.36652183532715,33.558876037597656,37.695945739746094,0.02524111047387123,8.329423904418945,1.0
41,65,3,498,32.099998474121094,29.77939796447754,33.81595993041992,38.08694839477539,2.944523719503195,8.307550430297852,1.0
41,65,4,499,31.5,27.62344741821289,31.96390914916992,36.294429779052734,0.21521169868355752,8.670982360839844,1.0
41,65,5,500,28.100000381469727,24.54444694519043,29.155797958374023,33.61539077758789,1.1147085233969847,9.070943832397461,1.0
41,66,1,496,26.899999618530277,25.1929988861084,28.052173614501957,30.18037223815918,1.3275049169933482,4.987373352050781,1.0
41,66,2,497,27.200000762939453,24.602657318115234,27.32598876953125,29.88577079772949,0.015872977804974653,5.283113479614254,1.0
41,66,3,498,26.399999618530277,23.76624298095703,26.49616813659668,28.602283477783203,0.009248383867088022,4.836040496826172,1.0
41,66,4,499,24.100000381469727,22.72698974609375,25.328508377075195,28.15950584411621,1.5092318952665664,5.432516098022461,1.0
41,66,5,500,22.600000381469727,21.403545379638672,24.3238468170166,26.543760299682617,2.9716465333476663,5.140214920043945,1.0
41,67,1,496,28.899999618530277,24.07081413269043,26.637784957885746,29.473068237304688,5.117615170835052,5.402254104614258,1.0
41,67,2,497,32.29999923706055,23.245969772338867,26.63372039794922,29.712778091430664,32.10671588256082,6.466808319091797,0.0
41,67,3,498,31.299999237060547,22.352388381958008,26.08417320251465,28.57332801818848,27.20484122264679,6.220939636230472,0.0
41,67,4,499,26.399999618530277,21.852693557739254,25.23577308654785,27.79543113708496,1.3554234177718254,5.942737579345707,1.0
41,67,5,500,24.700000762939453,21.26517868041992,24.97041130065918,27.99884033203125,0.07312185890987166,6.733661651611332,1.0
41,68,1,496,29.5,25.937908172607425,28.150333404541016,30.84909439086914,1.8215999188978458,4.911186218261715,1.0
41,68,2,497,31.799999237060547,24.78779983520508,27.666767120361328,30.44891929626465,17.083607730513904,5.661119461059567,0.0
41,68,3,498,31.600000381469727,24.10839080810547,26.789186477661133,29.52082633972168,23.14393041707808,5.412435531616211,0.0
41,68,4,499,26.399999618530277,22.858009338378903,25.648290634155277,28.45675277709961,0.565066397190094,5.598743438720707,1.0
41,68,5,500,24.299999237060547,22.193265914916992,24.760995864868164,27.275043487548828,0.21251789084999473,5.081777572631836,1.0
41,69,1,496,30.5,26.447044372558597,28.86211204528809,31.800891876220703,2.6826769521903655,5.353847503662106,1.0
41,69,2,497,33.599998474121094,26.39876747131348,29.041259765625,32.14884185791016,20.782098612340633,5.750074386596683,0.0
41,69,3,498,35.099998474121094,25.276729583740234,28.23179817199707,31.11170959472656,47.17217539009653,5.834980010986325,0.0
41,69,4,499,33.20000076293945,24.48600196838379,27.24739646911621,30.07689476013184,35.4334978788429,5.59089279174805,0.0
41,69,5,500,29.0,23.08913803100586,26.12976455688477,28.376604080200195,8.238251498914886,5.287466049194336,0.0
41,70,1,496,31.0,26.118364334106445,28.982107162475582,32.92514419555664,4.0718915037323455,6.806779861450195,1.0
41,70,2,497,33.900001525878906,26.38172149658203,28.88555335998535,32.41689682006836,25.144690408433235,6.035175323486328,0.0
41,70,3,498,34.599998474121094,25.354829788208008,27.784713745117188,30.321258544921875,46.44810593739385,4.966428756713867,0.0
41,70,4,499,33.20000076293945,24.339303970336918,27.0805721282959,29.325929641723636,37.44740681449548,4.986625671386719,0.0
41,70,5,500,28.899999618530277,23.494552612304688,26.084211349487305,28.334871292114254,7.928663576080019,4.840318679809567,0.0
41,71,1,496,31.200000762939453,27.450267791748047,30.411767959594727,34.0506591796875,0.6213109522686864,6.600391387939453,1.0
41,71,2,497,33.900001525878906,26.519330978393555,30.03414535522461,33.544944763183594,14.944843932185904,7.025613784790039,0.0
41,71,3,498,35.099998474121094,25.20255470275879,28.657411575317383,31.25165557861328,41.50692594863722,6.049100875854492,0.0
41,71,4,499,33.400001525878906,23.768198013305664,27.766332626342773,30.18377685546875,31.73822526960066,6.415578842163086,0.0
41,71,5,500,29.600000381469727,23.2324161529541,26.824365615844727,29.124683380126957,7.704148352146149,5.892267227172855,0.0
41,72,1,496,30.600000381469727,28.27375030517578,30.96401596069336,33.566650390625,0.1325073419175169,5.292900085449219,1.0
41,72,2,497,34.5,29.42351722717285,31.862159729003903,33.75953674316406,6.958201295288764,4.336019515991211,0.0
41,72,3,498,34.5,28.65776634216309,31.07765388488769,32.46428298950195,11.71245293162431,3.8065166473388636,0.0
41,72,4,499,30.5,26.311384201049805,28.90216636657715,30.741365432739254,2.5530723200972716,4.42998123168945,1.0
41,72,5,500,27.600000381469727,24.29206085205078,26.865982055664062,28.94448471069336,0.53878290261855,4.652423858642578,1.0
41,73,1,496,31.100000381469727,28.120494842529297,30.002906799316406,33.170127868652344,1.2036143280020042,5.049633026123047,1.0
41,73,2,497,34.599998474121094,28.92691802978516,30.803436279296875,34.47309875488281,14.41388449916849,5.546180725097653,0.0
41,73,3,498,36.0,27.875247955322266,29.918874740600582,33.36876678466797,36.980084420505634,5.493518829345703,0.0
41,73,4,499,34.29999923706055,25.840652465820312,27.41230773925781,31.64051628112793,47.440294168904124,5.799863815307617,0.0
41,73,5,500,30.0,23.77983856201172,26.112037658691406,29.63091087341309,15.116251167433802,5.851072311401371,0.0
41,74,1,496,29.700000762939453,27.23053741455078,30.756072998046875,34.09527587890625,1.1152885657647857,6.864738464355469,1.0
41,74,2,497,32.70000076293945,29.631065368652344,33.61814880371094,36.333255767822266,0.8429958247725153,6.702190399169922,1.0
41,74,3,498,34.0,29.830808639526367,32.99884796142578,35.23279571533203,1.002305404341314,5.401987075805664,1.0
41,74,4,499,30.399999618530277,27.138872146606445,29.909645080566406,32.6300048828125,0.24044757290176116,5.491132736206055,1.0
41,74,5,500,28.100000381469727,25.003480911254883,27.602214813232425,30.46322631835937,0.2477904719453328,5.459745407104489,1.0
41,75,1,496,31.299999237060547,28.725492477416992,31.14284896850586,34.840476989746094,0.024696206906810403,6.114984512329102,1.0
41,75,2,497,34.70000076293945,29.470176696777344,32.472415924072266,36.100379943847656,4.962134214350954,6.6302032470703125,1.0
41,75,3,498,35.20000076293945,29.224824905395508,31.713682174682617,34.77268600463867,12.154417298825138,5.547861099243164,0.0
41,75,4,499,34.79999923706055,27.27304077148437,30.13960266113281,32.91117858886719,21.719296244918983,5.638137817382816,0.0
41,75,5,500,30.5,25.33866310119629,28.25149345397949,32.00038146972656,5.05578168749709,6.661718368530273,1.0
41,76,1,496,30.600000381469727,28.67979621887207,31.13022994995117,33.87505340576172,0.28114339529201593,5.195257186889648,1.0
41,76,2,497,33.099998474121094,29.779285430908203,32.707000732421875,35.483131408691406,0.15444722498068586,5.703845977783203,1.0
41,76,3,498,34.400001525878906,28.95603370666504,32.161643981933594,35.06302261352539,5.010244494536892,6.106988906860352,1.0
41,76,4,499,31.700000762939453,26.859336853027344,29.425371170043945,32.391990661621094,5.173939784875984,5.53265380859375,1.0
41,76,5,500,29.600000381469727,25.69557380676269,27.707252502441406,30.47302627563477,3.582494533566205,4.777452468872077,1.0
41,77,1,496,30.899999618530277,28.55278968811035,31.97098922729492,35.326011657714844,1.1470187420818394,6.773221969604492,1.0
41,77,2,497,33.400001525878906,30.27030563354492,33.46780014038086,37.35551452636719,0.004596652128384449,7.085208892822269,1.0
41,77,3,498,34.79999923706055,30.39974975585937,32.90465545654297,37.00360107421875,3.5923280463466654,6.6038513183593786,1.0
41,77,4,499,34.400001525878906,28.13902282714844,30.965137481689453,35.653831481933594,11.798291002065525,7.514808654785153,1.0
41,77,5,500,31.600000381469727,26.29327392578125,29.308910369873047,33.30658721923828,5.249093441238074,7.013313293457031,1.0
41,78,1,496,30.0,28.049789428710938,30.7235050201416,34.57572555541992,0.5234595141700993,6.525936126708984,1.0
41,78,2,497,33.099998474121094,30.964523315429688,33.814476013183594,36.70671844482422,0.5104781538248062,5.742195129394531,1.0
41,78,3,498,35.400001525878906,31.099050521850582,33.97449493408203,37.1506233215332,2.0320690432563424,6.051572799682621,1.0
41,78,4,499,33.400001525878906,28.691898345947266,31.243745803833008,34.416603088378906,4.649438738855679,5.724704742431641,1.0
41,78,5,500,29.799999237060547,26.3542594909668,28.533327102661133,31.44285011291504,1.6044582960639673,5.088590621948239,1.0
41,79,1,496,31.399999618530277,26.73006629943848,29.65637969970703,32.881839752197266,3.040210421317182,6.1517734527587855,1.0
41,79,2,497,34.0,29.527559280395508,31.782827377319336,35.20708084106445,4.915854438764654,5.679521560668945,1.0
41,79,3,498,34.400001525878906,28.774024963378903,31.75554847717285,34.84912109375,6.993131926810747,6.075096130371097,1.0
41,79,4,499,31.100000381469727,25.968528747558597,28.92184257507324,31.910438537597656,4.74437142956596,5.941909790039059,1.0
41,79,5,500,29.100000381469727,24.38727378845215,27.379528045654297,30.05377578735352,2.9600250583062007,5.666501998901371,1.0
41,80,1,496,28.200000762939453,26.39227294921875,29.267454147338867,33.09666061401367,1.1394567278657632,6.704387664794922,1.0
41,80,2,497,30.899999618530277,27.52298164367676,30.261476516723636,34.61370086669922,0.40771175154077355,7.090719223022457,1.0
41,80,3,498,31.299999237060547,27.3205509185791,29.39387321472168,33.40543365478516,3.6333164130373916,6.084882736206062,1.0
41,80,4,499,28.200000762939453,24.62279319763184,27.0494384765625,31.152729034423828,1.323793574832962,6.529935836791989,1.0
41,80,5,500,27.399999618530277,24.152664184570312,26.85820198059082,30.779579162597656,0.29354468047677457,6.626914978027344,1.0
41,81,1,496,31.200000762939453,28.52585220336914,30.796436309814453,35.45615768432617,0.16286426782608032,6.930305480957031,1.0
41,81,2,497,34.400001525878906,31.328033447265625,33.66521453857422,37.78435897827149,0.539911916712299,6.4563255310058665,1.0
41,81,3,498,35.900001525878906,30.969141006469727,33.59966278076172,37.07238006591797,5.291558342287317,6.103239059448242,1.0
41,81,4,499,34.70000076293945,28.41090583801269,30.743194580078125,34.18310546875,15.656315168729634,5.772199630737308,0.0
41,81,5,500,29.100000381469727,26.61427116394043,29.06750869750977,32.0067253112793,0.001055709526553752,5.392454147338867,1.0
41,82,1,496,30.399999618530277,27.499176025390625,30.383769989013672,34.315086364746094,0.00026340087424625997,6.815910339355469,1.0
41,82,2,497,33.099998474121094,29.71837615966797,32.92828369140625,37.11925506591797,0.029485966602806002,7.40087890625,1.0
41,82,3,498,34.5,29.73185539245605,32.440650939941406,36.8365592956543,4.240918551164214,7.104703903198246,1.0
41,82,4,499,33.400001525878906,26.44447135925293,29.13525390625,33.63691711425781,18.188072259130422,7.192445755004883,1.0
41,82,5,500,29.200000762939453,24.45773124694824,27.51738166809082,31.32919692993164,2.8312070183492324,6.871465682983402,1.0
41,83,1,496,31.700000762939453,30.14487075805664,33.43421173095703,37.1631088256836,3.0074876815924654,7.01823806762696,1.0
41,83,2,497,35.29999923706055,31.806617736816406,35.01292037963867,38.81261444091797,0.08241427037864923,7.0059967041015625,1.0
41,83,3,498,35.900001525878906,31.60468101501465,34.38374710083008,37.58447265625,2.2990274814801523,5.979791641235352,1.0
41,83,4,499,35.599998474121094,29.20577049255371,32.06428527832031,35.405250549316406,12.501267802959774,6.199480056762695,0.0
41,83,5,500,31.5,26.530078887939453,29.49971008300781,33.1500129699707,4.001159752020627,6.61993408203125,1.0
41,84,1,496,29.799999237060547,28.969457626342773,31.35626220703125,35.523780822753906,2.4219544317020336,6.554323196411133,1.0
41,84,2,497,32.79999923706055,32.14189529418945,34.79869842529297,38.14793395996094,3.994798445040942,6.006038665771484,1.0
41,84,3,498,34.599998474121094,32.51032638549805,35.25621795654297,38.75044250488281,0.4306240091100335,6.240116119384766,1.0
41,84,4,499,34.400001525878906,29.22204971313477,32.746089935302734,35.7708854675293,2.735423549442203,6.548835754394528,1.0
41,84,5,500,29.200000762939453,26.107986450195312,29.21063232421875,32.843318939208984,0.0001130300952354446,6.735332489013672,1.0
41,85,1,496,31.200000762939453,27.49688720703125,30.837839126586918,35.08021545410156,0.13116105084554616,7.5833282470703125,1.0
41,85,2,497,34.099998474121094,30.68724822998047,33.935882568359375,37.82435989379883,0.02693403052398935,7.137111663818359,1.0
41,85,3,498,34.5,30.879125595092773,34.30653381347656,38.34300994873047,0.03742916532792151,7.463884353637695,1.0
41,85,4,499,34.5,28.701904296875,32.12079620361328,35.944915771484375,5.660610704740975,7.243011474609375,1.0
41,85,5,500,30.200000762939453,25.52162742614746,28.70454216003418,33.2695198059082,2.2363964330033923,7.747892379760742,1.0
41,86,1,496,28.5,24.928977966308597,27.92674827575684,31.543785095214844,0.32861753934775656,6.6148071289062464,1.0
41,86,2,497,29.700000762939453,27.071054458618164,30.10322952270508,33.82332992553711,0.16259343270212698,6.752275466918945,1.0
41,86,3,498,30.200000762939453,26.706283569335938,29.605937957763672,33.82412338256836,0.35291061649331823,7.117839813232422,1.0
41,86,4,499,27.100000381469727,24.538244247436523,27.785228729248047,31.038719177246094,0.4695378885990067,6.50047492980957,1.0
41,86,5,500,25.899999618530277,23.012130737304688,26.364145278930664,29.63455581665039,0.21543119406851144,6.622425079345703,1.0
41,87,1,496,29.200000762939453,25.82958602905273,28.905317306518555,33.14357376098633,0.08683833948816755,7.313987731933597,1.0
41,87,2,497,32.5,26.824188232421875,29.64715576171875,34.232364654541016,8.138720247894526,7.408176422119141,1.0
41,87,3,498,31.600000381469727,26.572105407714844,29.087560653686523,33.33721923828125,6.312353385743336,6.765113830566406,1.0
41,87,4,499,29.700000762939453,24.53009986877441,27.044878005981445,31.18489646911621,7.049676854516292,6.6547966003418,1.0
41,87,5,500,28.799999237060547,23.62359619140625,26.39015769958496,30.38001823425293,5.807336235742696,6.75642204284668,1.0
41,88,1,496,30.0,27.39982414245605,31.676841735839844,35.345420837402344,2.8117982070543803,7.945596694946293,1.0
41,88,2,497,32.5,30.392528533935547,34.60932540893555,38.2668342590332,4.449253680781112,7.874305725097656,1.0
41,88,3,498,34.79999923706055,30.026002883911133,34.066619873046875,37.73543930053711,0.5378452915610978,7.709436416625977,1.0
41,88,4,499,33.900001525878906,27.240947723388672,31.090444564819336,34.73899459838867,7.893610317438288,7.498046875,1.0
41,88,5,500,28.399999618530277,24.23542213439941,27.93599319458008,31.67161750793457,0.21530196146704839,7.43619537353516,1.0
41,89,1,496,27.600000381469727,27.283737182617188,30.48664093017578,34.27993392944336,8.332693657433992,6.996196746826172,1.0
41,89,2,497,32.599998474121094,30.24992179870605,33.70090866088867,37.41684722900391,1.2120032393286237,7.166925430297862,1.0
41,89,3,498,31.799999237060547,30.44892692565918,33.37156295776367,37.10960388183594,2.46981252823025,6.660676956176758,1.0
41,89,4,499,30.5,26.511383056640625,29.973846435546875,33.608482360839844,0.27683757338672876,7.097099304199219,1.0
41,89,5,500,28.399999618530277,24.058609008789062,28.042234420776367,31.40150451660156,0.1279959367238942,7.3428955078124964,1.0
41,90,1,496,27.700000762939453,25.71312522888184,29.12342071533203,32.93548583984375,2.0261243608692894,7.2223606109619105,1.0
41,90,2,497,28.899999618530277,29.5858154296875,33.016265869140625,37.29953384399414,16.943647845913773,7.713718414306641,0.0
41,90,3,498,32.0,30.65069007873535,33.635841369628906,37.98583221435547,2.675976986589376,7.335142135620117,1.0
41,90,4,499,31.5,27.24082565307617,30.66859245300293,34.5391960144043,0.6912385092036857,7.2983703613281286,1.0
41,90,5,500,27.899999618530277,23.850032806396484,27.57794761657715,31.312236785888672,0.10371749196201792,7.4622039794921875,1.0
41,91,1,496,28.600000381469727,26.14393424987793,28.91773223876953,32.57100296020508,0.10095353314318345,6.427068710327148,1.0
41,91,2,497,31.799999237060547,29.5712833404541,32.22257614135742,36.31944274902344,0.17857124004513025,6.748159408569336,1.0
41,91,3,498,33.0,29.526145935058597,31.900184631347656,36.452919006347656,1.2095938451238908,6.926773071289059,1.0
41,91,4,499,31.399999618530277,26.45244407653809,29.15976333618164,33.491851806640625,5.018658600751239,7.0394077301025355,1.0
41,91,5,500,28.700000762939453,23.54684066772461,26.366758346557617,30.854881286621094,5.444020173603349,7.308040618896484,1.0
41,92,1,496,29.399999618530277,27.28326416015625,30.22010803222656,34.707916259765625,0.672577810215432,7.424652099609375,1.0
41,92,2,497,31.600000381469727,30.25771141052246,32.43304443359375,37.51722717285156,0.6939623927792127,7.259515762329102,1.0
41,92,3,498,32.79999923706055,29.960662841796875,32.259849548339844,36.64664077758789,0.2917616862250725,6.685977935791016,1.0
41,92,4,499,31.0,26.461109161376957,29.39999389648437,33.803829193115234,2.5600195312872644,7.342720031738278,1.0
41,92,5,500,27.799999237060547,23.75294303894043,26.62030601501465,31.08039093017578,1.3916760981410334,7.327447891235352,1.0
41,93,1,496,28.5,25.70541381835937,28.405704498291016,31.151199340820312,0.008891641642549075,5.445785522460941,1.0
41,93,2,497,33.400001525878906,30.16581916809082,32.82240295410156,35.904598236083984,0.3336201101192273,5.738779067993164,1.0
41,93,3,498,35.70000076293945,32.38014221191406,35.19318008422852,38.17917251586914,0.2568672003690081,5.799030303955078,1.0
41,93,4,499,34.29999923706055,30.8297061920166,33.80146408081055,36.233795166015625,0.24853730201721191,5.404088973999023,1.0
41,93,5,500,32.0,28.643630981445312,31.23491668701172,33.9741325378418,0.5853524758131243,5.330501556396484,1.0
41,94,1,496,26.0,25.71145248413086,28.346529006958008,32.02986526489258,5.506198380495334,6.318412780761719,1.0
41,94,2,497,30.5,28.51979637145996,31.359943389892575,34.75065612792969,0.7395026338199325,6.230859756469727,1.0
41,94,3,498,30.200000762939453,28.385366439819336,31.33678436279297,34.85993194580078,1.292276952895918,6.474565505981445,1.0
41,94,4,499,29.399999618530277,25.38766288757324,28.72598648071289,32.40269470214844,0.45429370995043905,7.015031814575199,1.0
41,94,5,500,26.200000762939453,23.648832321166992,26.5507926940918,29.992223739624023,0.12305497896159318,6.343391418457031,1.0
41,95,1,496,28.100000381469727,24.766263961791992,28.068586349487305,32.105003356933594,0.0009868414053926244,7.338739395141602,1.0
41,95,2,497,31.700000762939453,27.153003692626957,30.95461082458496,34.77913284301758,0.5556061602001137,7.6261291503906214,1.0
41,95,3,498,32.900001525878906,27.02804183959961,30.72069931030273,34.45685958862305,4.749358146815227,7.4288177490234375,1.0
41,95,4,499,33.599998474121094,25.28062629699707,28.686813354492188,32.349937438964844,24.13938801974291,7.069311141967773,0.0
41,95,5,500,28.200000762939453,23.923025131225582,27.483230590820312,31.202585220336918,0.5137594796397025,7.279560089111335,1.0
41,96,1,496,27.399999618530277,26.3518180847168,29.88256454467773,32.875247955322266,6.163128612537513,6.523429870605465,1.0
41,96,2,497,29.799999237060547,28.38545608520508,32.459835052490234,34.866756439208984,7.074726565042511,6.481300354003903,1.0
41,96,3,498,31.0,26.934356689453125,30.884279251098636,33.94475555419922,0.013391291726292453,7.010398864746094,1.0
41,96,4,499,29.200000762939453,24.997234344482425,28.599021911621094,32.1469612121582,0.3611755797319347,7.149726867675778,1.0
41,96,5,500,27.299999237060547,23.501445770263672,26.72886085510254,30.003341674804688,0.3261990513456112,6.501895904541016,1.0
41,97,1,496,29.100000381469727,24.581396102905277,27.765281677246094,31.42489242553711,1.7814740194044134,6.843496322631832,1.0
41,97,2,497,28.399999618530277,26.718242645263672,29.998443603515625,33.35938262939453,2.5550231731358393,6.641139984130859,1.0
41,97,3,498,25.799999237060547,26.80319595336914,30.043991088867188,33.66241455078125,18.01146683820116,6.859218597412109,0.0
41,97,4,499,26.799999237060547,25.27794075012207,29.00169563293457,32.536415100097656,4.8474670196046645,7.258474349975586,1.0
41,97,5,500,26.299999237060547,23.584304809570312,27.547992706298828,30.81377601623535,1.5574876992614008,7.229471206665039,1.0
41,98,1,496,29.700000762939453,24.57516860961914,28.452281951904297,30.88605499267578,1.556802231410984,6.310886383056641,1.0
41,98,2,497,31.600000381469727,26.756397247314453,30.80680084228516,32.771392822265625,0.629165508962609,6.014995574951172,1.0
41,98,3,498,33.20000076293945,27.23836898803711,31.081504821777344,32.42747497558594,4.488025052720332,5.189105987548828,0.0
41,98,4,499,30.5,25.876924514770508,29.485254287719727,30.884004592895508,1.0297088605911995,5.007080078125,1.0
41,98,5,500,28.5,24.313207626342773,27.547794342041016,29.740692138671875,0.9066956150491023,5.427484512329102,1.0
41,99,1,496,28.600000381469727,25.490310668945312,28.782419204711918,32.21436309814453,0.033276627073065744,6.724052429199219,1.0
41,99,2,497,31.399999618530277,27.462181091308597,30.721651077270508,33.996978759765625,0.4601567434292568,6.534797668457028,1.0
41,99,3,498,31.899999618530277,27.562519073486328,30.53542709350586,33.42154312133789,1.862058176051515,5.8590240478515625,1.0
41,99,4,499,29.899999618530277,25.916173934936523,28.82581901550293,31.5878963470459,1.1538639679201954,5.671722412109375,1.0
41,99,5,500,28.100000381469727,24.89206886291504,27.593690872192383,30.827804565429688,0.25634931918466464,5.935735702514648,1.0
42,0,1,496,20.200000762939453,15.31805419921875,19.24490737915039,21.50672912597656,0.9122033717576414,6.188674926757809,1.0
42,0,2,497,22.899999618530277,14.160974502563477,17.965274810791016,20.950233459472656,24.35150892811729,6.78925895690918,0.0
42,0,3,498,23.100000381469727,12.668866157531738,16.736618041992188,19.714723587036133,40.49263479837464,7.0458574295043945,0.0
42,0,4,499,18.5,12.122808456420898,16.608388900756836,19.084550857543945,3.5781925507799315,6.961742401123047,1.0
42,0,5,500,13.800000190734863,13.031556129455566,17.09104347229004,18.88155174255371,10.83096588106946,5.8499956130981445,1.0
42,1,1,496,10.600000381469728,7.842451095581055,12.711393356323242,17.10927963256836,4.457980294260771,9.266828536987305,1.0
42,1,2,497,18.5,11.188873291015623,16.05220603942871,21.113637924194336,5.991695273409277,9.924764633178713,1.0
42,1,3,498,20.299999237060547,13.092324256896973,18.061931610107425,22.90459251403809,5.008946702815576,9.812268257141117,1.0
42,1,4,499,21.5,11.311657905578612,17.609434127807617,22.3998966217041,15.136502805868076,11.08823871612549,1.0
42,1,5,500,15.0,7.254493713378906,13.308510780334473,19.086315155029297,2.8611357802446946,11.83182144165039,1.0
42,2,1,496,18.299999237060547,18.890804290771484,23.54194641113281,28.2486572265625,27.478010175764176,9.357852935791016,0.0
42,2,2,497,23.600000381469727,21.357091903686523,26.84246826171875,32.20172882080078,10.513597954446595,10.844636917114258,1.0
42,2,3,498,26.299999237060547,22.78018569946289,29.27034950256348,34.30727005004883,8.822980699773346,11.527084350585938,1.0
42,2,4,499,27.299999237060547,22.021095275878903,28.502002716064453,33.788902282714844,1.444812363537494,11.767807006835941,1.0
42,2,5,500,25.700000762939453,20.412353515625,26.508169174194336,32.12281799316406,0.6531361809502414,11.710464477539062,1.0
42,3,1,496,13.600000381469728,4.999332427978516,9.770034790039062,18.063697814941406,14.66863643154285,13.06436538696289,1.0
42,3,2,497,20.100000381469727,11.900798797607422,17.228832244873047,23.839160919189453,8.24360646860805,11.938362121582031,1.0
42,3,3,498,23.5,16.234214782714844,22.14889335632324,27.426668167114254,1.825489162587483,11.19245338439941,1.0
42,3,4,499,24.600000381469727,17.827960968017578,24.115537643432617,28.411306381225582,0.23470414454641286,10.583345413208004,1.0
42,3,5,500,14.699999809265137,13.927164077758787,20.12163543701172,24.85997009277344,29.394132880051075,10.932806015014654,1.0
42,4,1,496,17.100000381469727,13.291300773620604,18.89584350585937,23.240331649780277,3.2250525274175614,9.949030876159673,1.0
42,4,2,497,21.5,11.802447319030762,17.688682556152344,21.90203857421875,14.526140657777432,10.099591255187988,1.0
42,4,3,498,23.299999237060547,13.469006538391112,18.84596824645996,24.31621551513672,19.838392065230437,10.847208976745607,1.0
42,4,4,499,22.0,11.82327365875244,16.680809020996094,23.773059844970703,28.293792671116535,11.949786186218263,1.0
42,4,5,500,18.200000762939453,12.058523178100586,17.191036224365234,24.574949264526367,1.0180094401002862,12.516426086425781,1.0
42,5,1,496,19.200000762939453,14.33535099029541,19.33084297180176,23.92144012451172,0.017119683619967893,9.586089134216309,1.0
42,5,2,497,24.299999237060547,17.590503692626953,22.669696807861328,27.34677124023437,2.6578860106528737,9.756267547607418,1.0
42,5,3,498,26.799999237060547,17.13491439819336,22.18018913269043,26.627586364746094,21.342645400440233,9.492671966552734,0.0
42,5,4,499,25.200000762939453,14.076056480407717,19.21461296081543,24.010787963867188,35.82486714181505,9.93473148345947,0.0
42,5,5,500,19.299999237060547,11.732573509216309,16.702280044555664,21.422088623046875,6.74814500310822,9.689515113830566,1.0
42,6,1,496,20.200000762939453,18.07136344909668,23.330049514770508,28.21523666381836,9.797205188839143,10.14387321472168,1.0
42,6,2,497,25.100000381469727,20.556135177612305,25.649152755737305,30.68565368652344,0.3015683301637182,10.129518508911136,1.0
42,6,3,498,27.100000381469727,20.898889541625977,26.122621536254883,31.17926406860352,0.9552694070735015,10.280374526977543,1.0
42,6,4,499,26.899999618530277,19.673099517822266,24.770750045776367,29.84003257751465,4.533703743072707,10.166933059692383,1.0
42,6,5,500,20.399999618530277,18.16589736938477,23.434484481811523,28.43413734436035,9.208098385483005,10.268239974975582,1.0
42,7,1,496,15.5,12.231510162353516,20.37582778930664,24.6599235534668,23.773696630974882,12.428413391113285,1.0
42,7,2,497,20.100000381469727,15.09787654876709,22.647781372070312,27.06409072875977,6.491187976065703,11.96621417999268,1.0
42,7,3,498,21.399999618530277,15.644678115844728,22.80121421813965,27.23510360717773,1.963402354158451,11.590425491333002,1.0
42,7,4,499,19.700000762939453,14.076297760009766,21.055234909057617,25.614501953125,1.8366595908046293,11.538204193115234,1.0
42,7,5,500,15.699999809265137,11.272112846374512,18.61502456665039,23.187219619750977,8.497369336168958,11.915106773376465,1.0
42,8,1,496,20.399999618530277,13.652176856994627,19.568193435668945,25.04682159423828,0.6919015258463391,11.394644737243654,1.0
42,8,2,497,25.200000762939453,16.735553741455078,22.899660110473636,28.53705406188965,5.29156711738686,11.80150032043457,1.0
42,8,3,498,26.399999618530277,17.891822814941406,23.71190643310547,28.991121292114254,7.225844973527293,11.099298477172848,1.0
42,8,4,499,23.600000381469727,17.522480010986328,23.20463752746582,28.323495864868164,0.1563117863261141,10.801015853881836,1.0
42,8,5,500,20.299999237060547,14.41008186340332,20.395477294921875,25.51153945922852,0.009116059532971121,11.101457595825199,1.0
42,9,1,496,20.799999237060547,21.29948616027832,26.89202308654785,30.475170135498047,37.11275458272212,9.175683975219727,0.0
42,9,2,497,22.799999237060547,23.613624572753903,28.811420440673828,32.08131790161133,36.13718488725135,8.467693328857425,0.0
42,9,3,498,24.399999618530277,21.9057559967041,27.278350830078125,30.128698348999023,8.284905697018964,8.222942352294922,1.0
42,9,4,499,23.299999237060547,19.730758666992188,24.106098175048828,26.878751754760746,0.6497954978258349,7.147993087768558,1.0
42,9,5,500,20.799999237060547,18.966012954711918,21.905733108520508,24.781658172607425,1.2226473944938334,5.815645217895508,1.0
42,10,1,496,20.399999618530277,20.582674026489254,24.42088890075684,27.96528625488281,16.16755061992444,7.382612228393555,0.0
42,10,2,497,22.299999237060547,23.07522773742676,27.358871459960938,30.312335968017575,25.59218816763314,7.237108230590813,0.0
42,10,3,498,23.899999618530277,23.291120529174805,27.15285873413086,29.976173400878903,10.581092425945803,6.685052871704098,1.0
42,10,4,499,23.600000381469727,20.71521759033203,25.377103805541992,28.007543563842773,3.1580965798493708,7.292325973510742,1.0
42,10,5,500,22.600000381469727,19.73858642578125,23.97359275817871,27.081544876098636,1.8867560173530364,7.342958450317386,1.0
42,11,1,496,20.0,18.96131134033203,24.15272521972656,27.322906494140625,17.245126750553,8.361595153808594,1.0
42,11,2,497,23.200000762939453,19.848403930664062,25.827342987060547,28.596176147460938,6.902927162649576,8.747772216796875,1.0
42,11,3,498,23.399999618530277,21.07447624206543,26.650426864624023,29.444828033447266,10.565277282148577,8.370351791381836,1.0
42,11,4,499,22.799999237060547,21.68873786926269,26.320146560668945,28.918413162231445,12.39143717990737,7.2296752929687536,1.0
42,11,5,500,21.899999618530277,21.7736873626709,24.0496826171875,27.570831298828125,4.62113699471591,5.797143936157227,1.0
42,12,1,496,21.100000381469727,21.104522705078125,26.46927833557129,29.74461936950684,28.82914574840106,8.640096664428714,0.0
42,12,2,497,22.299999237060547,22.49788856506348,27.58307647705078,31.453670501708984,27.910905123702832,8.955781936645504,0.0
42,12,3,498,24.100000381469727,23.114484786987305,27.604461669921875,30.945539474487305,12.281248922259692,7.8310546875,1.0
42,12,4,499,23.5,21.616209030151367,25.33939552307129,28.94168281555176,3.383375890294701,7.325473785400394,1.0
42,12,5,500,21.600000381469727,19.91537094116211,22.87283515930176,26.62230491638184,1.6201083716587255,6.70693397521973,1.0
42,13,1,496,15.300000190734863,16.19087028503418,21.307899475097656,26.04527473449707,36.09485381104696,9.85440444946289,0.0
42,13,2,497,18.100000381469727,19.650474548339844,24.428468704223636,29.374988555908203,40.04951131209968,9.72451400756836,0.0
42,13,3,498,18.5,19.52593994140625,24.33832359313965,29.313671112060547,34.086022378211055,9.787731170654297,0.0
42,13,4,499,18.600000381469727,17.8016357421875,22.65775680541992,27.506635665893555,16.46538719610905,9.704999923706055,1.0
42,13,5,500,16.0,14.402228355407717,19.13562774658203,24.03600311279297,9.832161365135107,9.633774757385252,1.0
42,14,1,496,17.100000381469727,21.201372146606445,24.402576446533203,28.31883811950684,53.32761718603797,7.117465972900394,0.0
42,14,2,497,17.100000381469727,24.40391731262207,27.147571563720703,31.20975112915039,100.95368666240029,6.80583381652832,0.0
42,14,3,498,19.200000762939453,21.972332000732425,26.066329956054688,30.107078552246094,47.146476588226506,8.134746551513668,0.0
42,14,4,499,18.700000762939453,18.40122985839844,23.37925720214844,27.09081649780273,21.895440823878776,8.68958663940429,1.0
42,14,5,500,17.700000762939453,17.44029998779297,21.120437622070312,24.92721939086914,11.699388307300978,7.486919403076172,1.0
42,15,1,496,17.200000762939453,19.72246742248535,23.108858108520508,27.80308723449707,34.91459513042719,8.080619812011719,0.0
42,15,2,497,18.399999618530277,21.738859176635746,25.23884010314941,29.99417495727539,46.76973917406566,8.255315780639645,0.0
42,15,3,498,19.100000381469727,21.809829711914062,24.95413017272949,29.39651679992676,34.270835612915064,7.586687088012699,0.0
42,15,4,499,18.799999237060547,18.83392333984375,22.31805419921875,26.794076919555664,12.376710716765956,7.960153579711914,0.0
42,15,5,500,18.100000381469727,16.329849243164062,19.751665115356445,24.09293365478516,2.7279963931650855,7.763084411621097,1.0
42,16,1,496,19.200000762939453,21.32504272460937,25.56138610839844,29.99895477294922,40.467223513420365,8.673912048339847,0.0
42,16,2,497,21.299999237060547,22.365697860717773,25.916797637939453,29.845474243164062,21.314827474358026,7.479776382446289,0.0
42,16,3,498,22.899999618530277,21.43816566467285,24.861059188842773,28.357179641723636,3.8457546383142334,6.919013977050785,1.0
42,16,4,499,22.799999237060547,20.55276298522949,23.492128372192383,27.58402633666992,0.4790427396983432,7.03126335144043,1.0
42,16,5,500,21.0,19.2808837890625,22.529905319213867,26.291746139526367,2.340610285758885,7.010862350463867,1.0
42,17,1,496,16.799999237060547,19.46039581298828,24.489715576171875,28.82550621032715,59.131737375995726,9.365110397338867,0.0
42,17,2,497,17.899999618530273,20.042179107666016,25.633298873901367,29.917375564575195,59.80391737312311,9.87519645690918,0.0
42,17,3,498,18.399999618530277,19.512964248657227,24.534019470214844,28.289844512939453,37.626199540860355,8.776880264282227,0.0
42,17,4,499,17.100000381469727,16.569089889526367,22.19588661193848,25.70232391357422,25.96805647388104,9.133234024047852,1.0
42,17,5,500,15.899999618530272,15.314624786376951,21.021976470947266,25.15009117126465,26.234646876695496,9.835466384887697,1.0
42,18,1,496,17.399999618530273,13.937545776367188,18.56856346130371,23.787687301635746,1.3655414546374232,9.850141525268558,1.0
42,18,2,497,19.0,17.626148223876953,22.519163131713867,27.54944610595703,12.384509147614153,9.923297882080078,1.0
42,18,3,498,19.100000381469727,19.22492408752441,24.12407493591309,28.88037872314453,25.241325128605276,9.65545463562012,0.0
42,18,4,499,17.399999618530273,17.425872802734375,22.406953811645508,26.02766990661621,25.069590291954228,8.601797103881836,0.0
42,18,5,500,16.899999618530273,14.960065841674805,20.022335052490234,24.894550323486328,9.748978562161938,9.934484481811523,1.0
42,19,1,496,18.600000381469727,18.5817985534668,23.092134475708008,27.675275802612305,20.179268720617983,9.093477249145504,1.0
42,19,2,497,19.399999618530277,20.938331604003903,26.49540901184082,30.971445083618164,50.34483445867949,10.033113479614261,0.0
42,19,3,498,18.399999618530277,20.20281219482422,25.994461059570312,29.97793960571289,57.67584457944389,9.775127410888672,0.0
42,19,4,499,18.299999237060547,17.073955535888672,22.63663673400879,27.095985412597656,18.806424779937515,10.022029876708984,1.0
42,19,5,500,18.0,14.609179496765137,20.163293838500977,24.70573234558105,4.679840231696289,10.096552848815914,1.0
42,20,1,496,19.600000381469727,17.19643211364746,20.386154174804688,25.951705932617188,0.6180377867749485,8.755273818969727,1.0
42,20,2,497,22.200000762939453,18.71543502807617,22.262062072753903,26.96449851989746,0.0038516061758850947,8.249063491821293,1.0
42,20,3,498,23.799999237060547,18.246109008789062,22.068830490112305,25.97344207763672,2.996945230410347,7.727333068847656,1.0
42,20,4,499,19.0,18.10891914367676,21.01125144958496,24.23260307312012,4.045132393457607,6.123683929443359,1.0
42,20,5,500,13.300000190734863,13.934194564819336,17.775859832763672,21.494304656982425,20.033319535142255,7.5601100921630895,0.0
42,21,1,496,22.200000762939453,18.31813621520996,19.459800720214844,23.96771812438965,7.508696274147951,5.6495819091796875,1.0
42,21,2,497,26.299999237060547,20.55308151245117,21.769886016845703,26.326566696166992,20.5219257879653,5.773485183715824,1.0
42,21,3,498,28.399999618530277,21.82458877563477,23.790401458740234,27.522768020629883,21.248395194739746,5.698179244995114,0.0
42,21,4,499,25.600000381469727,21.81261444091797,24.742889404296875,27.77580451965332,0.7346392271902005,5.963190078735352,1.0
42,21,5,500,22.299999237060547,20.22722053527832,22.72957992553711,26.00517463684082,0.18453956791199744,5.7779541015625,1.0
42,22,1,496,19.100000381469727,18.96758079528809,22.59532928466797,25.86410522460937,12.217324141533027,6.896524429321282,1.0
42,22,2,497,23.5,21.87455940246582,25.769458770751957,28.50537109375,5.150443112142982,6.63081169128418,1.0
42,22,3,498,24.0,22.05026054382324,25.96438407897949,28.868078231811523,3.858804809748094,6.817817687988285,1.0
42,22,4,499,21.299999237060547,18.91787338256836,22.186553955078125,25.59399032592773,0.7859792680392275,6.6761169433593714,1.0
42,22,5,500,15.399999618530272,15.996027946472168,19.10350608825684,22.782323837280277,13.715960171306545,6.786295890808109,0.0
42,23,1,496,16.0,16.82832145690918,20.275707244873047,25.1041202545166,18.28167244385986,8.275798797607422,0.0
42,23,2,497,23.0,19.887285232543945,22.665584564208984,27.0926570892334,0.1118336836952949,7.205371856689453,1.0
42,23,3,498,25.100000381469727,21.920486450195312,25.3531551361084,29.16522216796875,0.06408732979616616,7.2447357177734375,1.0
42,23,4,499,19.899999618530277,20.96133041381836,24.79764175415039,27.938621520996094,23.986898488601547,6.977291107177734,0.0
42,23,5,500,15.199999809265137,16.805133819580078,20.549095153808597,23.73279571533203,28.612821005016524,6.927661895751953,0.0
42,24,1,496,20.100000381469727,17.746376037597656,22.058917999267575,25.424081802368164,3.837358233318796,7.677705764770508,1.0
42,24,2,497,26.299999237060547,18.535667419433597,23.56553268432617,26.74664688110352,7.477307328023036,8.210979461669922,1.0
42,24,3,498,28.200000762939453,19.055923461914062,23.52213287353516,27.35950469970703,21.88244799071978,8.303581237792969,0.0
42,24,4,499,25.5,19.093019485473636,22.491798400878903,25.87718963623047,9.049276860954727,6.784170150756832,1.0
42,24,5,500,18.200000762939453,18.208839416503903,22.3243408203125,25.087018966674805,17.010180908851908,6.878179550170902,0.0
42,25,1,496,21.899999618530277,21.29938507080078,24.441864013671875,27.42222023010254,6.461074603288562,6.122835159301758,1.0
42,25,2,497,25.5,22.06407928466797,24.860816955566406,28.139633178710938,0.4085549642913975,6.075553894042969,1.0
42,25,3,498,26.899999618530277,21.95221710205078,25.06594467163086,28.00282096862793,3.3637575482462254,6.050603866577148,1.0
42,25,4,499,25.200000762939453,22.61837577819824,24.861879348754883,27.97837448120117,0.11432609073017375,5.35999870300293,1.0
42,25,5,500,19.899999618530277,21.69373893737793,24.245704650878903,27.24440193176269,18.88515222818017,5.550662994384762,0.0
42,26,1,496,22.600000381469727,22.15377616882324,25.062902450561523,29.05082130432129,6.065886601936654,6.89704513549805,1.0
42,26,2,497,23.799999237060547,23.803991317749023,26.66356086730957,30.722562789916992,8.199985210234445,6.918571472167969,0.0
42,26,3,498,25.0,23.398971557617188,26.68408966064453,30.15919685363769,2.8361579850898124,6.760225296020504,1.0
42,26,4,499,26.100000381469727,21.38406753540039,24.44297981262207,27.764892578125,2.7457171655842103,6.380825042724609,1.0
42,26,5,500,19.100000381469727,19.259597778320312,23.030048370361328,26.699220657348636,15.445277194990922,7.439622879028324,0.0
42,27,1,496,22.100000381469727,20.870502471923828,24.18061828613281,28.410964965820312,4.328970865204595,7.540462493896484,1.0
42,27,2,497,25.5,22.127634048461918,25.163087844848636,29.185379028320312,0.11350980028873653,7.057744979858395,1.0
42,27,3,498,27.100000381469727,21.965106964111328,25.49203872680664,28.767221450805664,2.5855406828668492,6.802114486694336,1.0
42,27,4,499,25.899999618530277,21.69801521301269,25.507333755493164,28.136882781982425,0.15418647999468074,6.438867568969734,1.0
42,27,5,500,20.200000762939453,21.647661209106445,23.89804458618164,27.51049041748047,13.675528118619695,5.862829208374023,0.0
42,28,1,496,22.200000762939453,23.838010787963867,27.17666244506836,29.91463851928711,24.767161498370115,6.076627731323242,0.0
42,28,2,497,25.600000381469727,25.882930755615234,28.6086368560791,30.94341468811035,9.051893436349928,5.060483932495117,0.0
42,28,3,498,26.799999237060547,24.88230323791504,28.036272048950195,30.590913772583008,1.528370465417538,5.708610534667969,1.0
42,28,4,499,25.899999618530277,24.25397491455078,26.74023056030273,29.50069808959961,0.7059880355118247,5.246723175048828,1.0
42,28,5,500,22.799999237060547,22.606639862060547,24.89768409729004,27.89082336425781,4.400281772836024,5.284183502197262,1.0
42,29,1,496,22.700000762939453,21.680328369140625,24.92821502685547,29.620681762695312,4.964938805918791,7.9403533935546875,1.0
42,29,2,497,24.799999237060547,21.55830383300781,24.732236862182617,28.771751403808597,0.004591739449097076,7.213447570800788,1.0
42,29,3,498,26.5,22.19253158569336,25.11933135986328,29.141132354736328,1.9062458938569762,6.948600769042969,1.0
42,29,4,499,25.100000381469727,22.31694793701172,24.988262176513672,28.27915954589844,0.012485426446801284,5.962211608886722,1.0
42,29,5,500,21.100000381469727,21.504793167114254,24.65079116821289,27.82845115661621,12.608115211220138,6.323657989501957,0.0
42,30,1,496,21.799999237060547,22.520057678222656,25.485652923583984,28.339752197265625,13.584043096983805,5.819694519042969,0.0
42,30,2,497,21.100000381469727,22.35358619689941,25.396255493164062,28.291732788085938,18.45780798475971,5.938146591186527,0.0
42,30,3,498,23.5,21.828685760498047,24.6546630859375,28.082748413085938,1.3332468420267105,6.254062652587891,1.0
42,30,4,499,22.299999237060547,22.313758850097656,24.76940155029297,28.018627166748047,6.097947784597636,5.704868316650391,0.0
42,30,5,500,22.200000762939453,22.205717086791992,25.17797470092773,28.081769943237305,8.86832877533741,5.8760528564453125,0.0
42,31,1,496,21.5,21.30912399291992,25.90519905090332,31.12804412841797,19.405778678079514,9.81892013549805,1.0
42,31,2,497,23.299999237060547,22.202451705932617,26.314685821533203,30.677902221679688,9.08833520259941,8.47545051574707,1.0
42,31,3,498,23.899999618530277,21.491918563842773,25.6303768157959,28.4660758972168,2.9942052448168273,6.974157333374027,1.0
42,31,4,499,23.899999618530277,20.21546173095703,23.88713264465332,26.784942626953125,0.00016555901675028556,6.569480895996094,1.0
42,31,5,500,21.600000381469727,18.995361328125,22.866531372070312,26.04212760925293,1.6041007501517015,7.04676628112793,1.0
42,32,1,496,24.0,22.53398323059082,25.96496963500977,30.013084411621094,3.8611056665104253,7.479101181030273,1.0
42,32,2,497,24.799999237060547,23.416894912719727,26.403364181518555,29.960418701171875,2.5707791451168305,6.543523788452148,1.0
42,32,3,498,23.5,22.498470306396484,26.38708877563477,29.305702209472656,8.335281598396271,6.807231903076172,1.0
42,32,4,499,23.700000762939453,21.963537216186523,24.516132354736328,27.71484375,0.666070775128901,5.751306533813477,1.0
42,32,5,500,22.0,20.41824150085449,23.87803077697754,27.003320693969727,3.526999599274859,6.585079193115238,1.0
42,33,1,496,22.100000381469727,21.69295883178711,24.92876243591309,26.99174118041992,8.001894760658635,5.298782348632809,1.0
42,33,2,497,21.600000381469727,23.92094039916992,26.79969024658203,29.211124420166016,27.036774693351617,5.290184020996097,0.0
42,33,3,498,23.0,24.516252517700195,27.123897552490234,28.865684509277344,17.006531023434945,4.349431991577148,0.0
42,33,4,499,21.899999618530277,22.76676750183105,25.762998580932617,27.784860610961918,14.922760983521558,5.0180931091308665,0.0
42,33,5,500,20.5,21.2629337310791,25.143259048461918,27.114288330078125,21.55985459112347,5.851354598999023,0.0
42,34,1,496,18.200000762939453,20.261375427246094,22.33732795715332,25.880285263061523,17.11747631198159,5.61890983581543,0.0
42,34,2,497,18.399999618530277,19.884265899658203,22.177194595336918,25.74208641052246,14.267201892813318,5.857820510864258,0.0
42,34,3,498,18.299999237060547,20.434490203857425,22.30908203125,25.929073333740234,16.072744850665913,5.494583129882809,0.0
42,34,4,499,18.299999237060547,20.142290115356445,22.53887939453125,25.95614624023437,17.968104989398853,5.813856124877926,0.0
42,34,5,500,18.899999618530277,20.615467071533203,22.69101905822754,26.0560302734375,14.371828392162543,5.440563201904297,0.0
42,35,1,496,21.899999618530277,21.81653213500977,25.923891067504883,29.129098892211918,16.191702393130953,7.312566757202148,1.0
42,35,2,497,22.600000381469727,22.51909065246582,26.39737319946289,29.29380798339844,14.420040318833344,6.774717330932621,1.0
42,35,3,498,21.799999237060547,23.159387588500977,26.556062698364254,29.003253936767575,22.6201396479482,5.843866348266598,0.0
42,35,4,499,21.600000381469727,21.447738647460938,24.98294258117676,27.55129051208496,11.444297926558672,6.103551864624023,1.0
42,35,5,500,21.299999237060547,20.7336368560791,24.3690242767334,26.67510032653809,9.418914694138948,5.941463470458988,1.0
42,36,1,496,22.700000762939453,20.332178115844727,24.771997451782227,27.66114616394043,4.293170278575417,7.328968048095703,1.0
42,36,2,497,22.600000381469727,21.884048461914062,25.794416427612305,28.750293731689453,10.204293875853182,6.866245269775391,1.0
42,36,3,498,23.0,22.63286018371582,25.50748443603516,28.73577880859375,6.287478196958563,6.10291862487793,1.0
42,36,4,499,21.799999237060547,21.10044479370117,24.384071350097656,27.09756088256836,6.677428685376071,5.997116088867191,1.0
42,36,5,500,20.799999237060547,20.24665069580078,23.95164680480957,26.951072692871094,9.932882391298335,6.7044219970703125,1.0
42,37,1,496,23.899999618530277,24.40187644958496,26.391258239746094,29.15622329711914,6.206369517782132,4.75434684753418,0.0
42,37,2,497,23.899999618530277,25.308528900146484,27.273971557617188,30.18884658813477,11.383686645745888,4.880317687988285,0.0
42,37,3,498,24.399999618530277,24.92242431640625,27.240184783935547,29.46534538269043,8.066651773788161,4.54292106628418,0.0
42,37,4,499,24.100000381469727,22.972671508789062,25.29425048828125,27.93403625488281,1.4262333176193351,4.9613647460937464,1.0
42,37,5,500,21.899999618530277,21.59461975097656,24.770597457885746,27.036508560180664,8.240331955312286,5.441888809204105,1.0
42,38,1,496,2.700000047683716,4.5192718505859375,8.063165664672852,13.795343399047852,28.763545435254457,9.276071548461914,0.0
42,38,2,497,7.199999809265137,6.551778793334961,11.368078231811523,16.894548416137695,17.372877736496775,10.342769622802734,1.0
42,38,3,498,11.5,8.172616958618164,14.124907493591309,18.72624397277832,6.890139349911806,10.553627014160156,1.0
42,38,4,499,13.699999809265137,7.879573822021484,13.733399391174316,18.38727188110352,0.001115532071708003,10.507698059082035,1.0
42,38,5,500,10.899999618530272,6.300525665283203,10.868382453918455,16.15823745727539,0.0009996450980906957,9.857711791992188,1.0
42,39,1,496,5.400000095367432,1.344282150268555,6.538749694824219,12.11484718322754,1.296750650262993,10.770565032958986,1.0
42,39,2,497,9.300000190734863,4.003007888793945,9.280256271362305,15.593297004699709,0.00038982235219009453,11.590289115905763,1.0
42,39,3,498,11.199999809265137,4.6990814208984375,10.162665367126465,17.80038070678711,1.0760627448471496,13.101299285888672,1.0
42,39,4,499,12.199999809265137,6.074956893920898,11.578620910644531,18.300758361816406,0.3861117356509567,12.225801467895508,1.0
42,39,5,500,7.900000095367432,3.714967727661133,8.897981643676758,15.400118827819824,0.9959671707658799,11.685151100158691,1.0
42,40,1,496,22.0,18.365480422973636,23.90899658203125,28.079708099365234,3.644267950206995,9.714227676391598,1.0
42,40,2,497,23.899999618530277,20.524948120117188,25.662824630737305,30.625038146972656,3.1075520236627074,10.100090026855469,1.0
42,40,3,498,26.299999237060547,22.388086318969727,26.449750900268555,30.757797241210938,0.0224255606335646,8.369710922241211,1.0
42,40,4,499,25.899999618530277,23.98068618774414,26.484058380126957,31.29070281982422,0.3411246369978471,7.310016632080078,1.0
42,40,5,500,23.399999618530277,21.62067413330078,24.584068298339844,29.569456100463867,1.4020186385059703,7.948781967163086,1.0
42,41,1,496,20.200000762939453,18.713184356689453,22.91112518310547,27.00674057006836,7.350195621620514,8.293556213378906,1.0
42,41,2,497,24.5,21.00667953491211,25.657169342041016,29.72504997253418,1.339040886159637,8.71837043762207,1.0
42,41,3,498,24.100000381469727,23.754419326782227,27.12011337280273,31.3620719909668,9.121082480418387,7.607652664184574,1.0
42,41,4,499,22.5,23.3388671875,26.968435287475582,30.991107940673828,19.96691391835699,7.652240753173828,0.0
42,41,5,500,20.399999618530277,19.6073055267334,23.89065742492676,27.676904678344727,12.184691921356716,8.069599151611328,1.0
42,42,1,496,22.5,19.608747482299805,23.78234100341797,27.516925811767575,1.644398449047003,7.90817832946777,1.0
42,42,2,497,28.899999618530277,23.090431213378903,27.742733001708984,31.18031883239746,1.3392660224090005,8.089887619018558,1.0
42,42,3,498,28.600000381469727,26.043813705444336,30.24547004699707,34.33676528930664,2.7075704201706685,8.292951583862305,1.0
42,42,4,499,24.899999618530277,23.96980857849121,28.513561248779297,32.31243133544922,13.057827655607955,8.342622756958008,1.0
42,42,5,500,23.600000381469727,20.945667266845703,25.328012466430664,29.73586654663086,2.9860257657710463,8.790199279785156,1.0
42,43,1,496,16.799999237060547,16.890769958496094,20.67913627624512,25.5319938659668,15.047704168773663,8.641223907470707,0.0
42,43,2,497,18.799999237060547,20.09471893310547,24.430816650390625,29.030384063720703,31.706104742261232,8.935665130615234,0.0
42,43,3,498,19.700000762939453,20.939239501953125,24.02700424194336,29.47672271728516,18.722959107311908,8.537483215332035,0.0
42,43,4,499,20.299999237060547,19.02404022216797,21.949508666992188,26.66326332092285,2.720881359433406,7.639223098754883,1.0
42,43,5,500,17.799999237060547,14.914299011230469,19.028438568115234,22.70371627807617,1.5090631900820881,7.7894172668457,1.0
42,44,1,496,19.200000762939453,17.95218849182129,22.476543426513672,26.662452697753903,10.735731826222036,8.710264205932614,1.0
42,44,2,497,19.899999618530277,20.81945037841797,25.072021484375,29.02396774291992,26.74981018077593,8.20451736450195,0.0
42,44,3,498,20.200000762939453,21.369903564453125,25.84695053100586,29.79983901977539,31.88804168306524,8.429935455322266,0.0
42,44,4,499,19.5,20.756492614746094,24.789464950561523,28.73929786682129,27.97843946321882,7.982805252075195,0.0
42,44,5,500,19.0,19.11575698852539,23.16192626953125,27.151500701904297,17.321630273014307,8.035743713378906,0.0
42,45,1,496,21.0,21.628746032714844,25.488618850708008,29.59723854064941,20.147699186931277,7.968492507934567,0.0
42,45,2,497,22.399999618530277,24.17979431152344,27.92212677001953,31.25093078613281,30.493888277214825,7.071136474609368,0.0
42,45,3,498,21.399999618530277,23.43839454650879,27.65887451171875,31.01573944091797,39.17351492858502,7.57734489440918,0.0
42,45,4,499,20.399999618530277,21.60787582397461,26.247709274291992,29.78868103027344,34.1957082180888,8.180805206298832,0.0
42,45,5,500,19.799999237060547,18.353574752807617,23.563796997070312,27.19315528869629,14.16617357825453,8.839580535888672,1.0
42,46,1,496,21.5,21.42357063293457,25.593236923217773,29.8868350982666,16.754588509593304,8.463264465332031,1.0
42,46,2,497,22.399999618530277,22.59649085998535,26.902746200561523,31.684541702270508,20.274726781994072,9.088050842285156,0.0
42,46,3,498,22.100000381469727,21.37544250488281,26.00445938110352,30.462366104125977,15.244800079821317,9.086923599243168,1.0
42,46,4,499,20.700000762939453,20.357227325439453,24.41590881347656,28.64794921875,13.807972640046474,8.290721893310547,1.0
42,46,5,500,20.600000381469727,19.24997901916504,22.774961471557617,27.177133560180664,4.7304557433963055,7.927154541015625,1.0
42,47,1,496,21.5,21.23615455627441,25.6331844329834,28.364898681640625,17.083213557056297,7.1287441253662145,1.0
42,47,2,497,23.100000381469727,22.587081909179688,26.843448638916016,29.610919952392575,14.013404856177658,7.023838043212887,1.0
42,47,3,498,23.600000381469727,23.114391326904297,26.57434463500977,28.599239349365234,8.846723738566673,5.4848480224609375,1.0
42,47,4,499,22.100000381469727,21.771623611450195,25.23719596862793,27.51082992553711,9.841996152084903,5.739206314086914,1.0
42,47,5,500,21.100000381469727,20.7761344909668,23.61448860168457,26.644380569458008,6.322651009599213,5.868246078491207,1.0
42,48,1,496,22.299999237060547,22.57525634765625,25.479772567749023,29.21162796020508,10.110958434557688,6.636371612548832,0.0
42,48,2,497,23.100000381469727,22.742828369140625,26.02193832397461,29.55653190612793,8.537721339849668,6.813703536987305,1.0
42,48,3,498,23.5,23.294342041015625,25.925094604492188,29.119892120361328,5.881083840737119,5.825550079345703,1.0
42,48,4,499,22.200000762939453,22.60060310363769,24.97539329528809,27.993932723999023,7.702803708616576,5.393329620361332,0.0
42,48,5,500,21.200000762939453,22.334238052368164,25.05625343322754,28.002674102783203,14.870684657103993,5.668436050415039,0.0
42,49,1,496,20.5,19.11013412475586,23.461912155151367,29.015777587890625,8.772923614833417,9.905643463134766,1.0
42,49,2,497,20.899999618530277,21.43439483642578,26.26026153564453,31.611892700195312,28.73240782006538,10.177497863769531,0.0
42,49,3,498,21.0,22.72323608398437,26.97945785522461,31.659692764282227,35.753916242407286,8.936456680297855,0.0
42,49,4,499,20.600000381469727,21.884990692138672,25.83891868591309,30.23641014099121,27.44626500063172,8.351419448852539,0.0
42,49,5,500,19.899999618530277,18.560688018798828,23.27890968322754,27.966609954833984,11.417033225312455,9.405921936035156,1.0
42,50,1,496,21.5,22.27523422241211,24.831308364868164,29.67744445800781,11.097615421840601,7.4022102355957,0.0
42,50,2,497,24.299999237060547,25.08009147644043,27.95308303833008,32.82584381103516,13.345021259097875,7.745752334594734,0.0
42,50,3,498,26.100000381469727,23.474830627441406,27.259178161621094,32.0877685546875,1.3436931259966514,8.612937927246094,1.0
42,50,4,499,25.0,23.014705657958984,26.33893203735352,31.134605407714844,1.7927390006516457,8.11989974975586,1.0
42,50,5,500,22.399999618530277,21.33619880676269,24.68226432800293,29.28239631652832,5.208732204104292,7.9461975097656286,1.0
42,51,1,496,22.700000762939453,22.524961471557617,26.477670669555664,29.3140869140625,14.270789923353732,6.789125442504883,1.0
42,51,2,497,25.200000762939453,24.807861328125,28.5797176361084,31.25194549560547,11.422486142782873,6.444084167480469,1.0
42,51,3,498,27.600000381469727,25.898033142089844,29.91551399230957,32.676021575927734,5.361603281984571,6.777988433837891,1.0
42,51,4,499,26.299999237060547,24.24295234680176,28.0732479095459,30.624107360839844,3.1444108544710616,6.381155014038082,1.0
42,51,5,500,24.799999237060547,21.597957611083984,25.45918083190918,28.38554954528809,0.4345203749871871,6.787591934204105,1.0
42,52,1,496,22.799999237060547,18.282224655151367,23.161664962768555,26.08553123474121,0.13080209715189994,7.803306579589844,1.0
42,52,2,497,25.299999237060547,20.721097946166992,25.23401260375977,28.32923698425293,0.004354235774371304,7.6081390380859375,1.0
42,52,3,498,24.700000762939453,21.18780899047852,25.781593322753903,29.080219268798828,1.1698424654459736,7.892410278320309,1.0
42,52,4,499,25.799999237060547,20.1020450592041,24.53673553466797,28.448261260986328,1.5958351817826042,8.346216201782227,1.0
42,52,5,500,23.299999237060547,18.32430648803711,22.18362808227539,26.283632278442383,1.2462845552363433,7.959325790405273,1.0
42,53,1,496,23.0,18.20657730102539,24.24901008605957,28.24210548400879,1.5600261950785352,10.035528182983398,1.0
42,53,2,497,26.799999237060547,19.49362564086914,24.05526351928711,28.531530380249023,7.533574160421267,9.037904739379883,1.0
42,53,3,498,27.700000762939453,18.94058990478516,23.03481674194336,27.905614852905277,21.76394194975728,8.965024948120117,1.0
42,53,4,499,26.799999237060547,18.45287322998047,22.925567626953125,27.07184791564941,15.01122030139959,8.618974685668942,1.0
42,53,5,500,24.899999618530277,17.720748901367188,22.177852630615234,26.4909725189209,7.410084223814939,8.770223617553711,1.0
42,54,1,496,31.799999237060547,26.10531234741211,30.696304321289062,34.07905197143555,1.218142467099824,7.9737396240234375,1.0
42,54,2,497,35.20000076293945,28.465988159179688,33.25285339355469,35.752323150634766,3.791382878102013,7.286334991455078,1.0
42,54,3,498,35.900001525878906,28.739585876464844,33.607948303222656,36.85941696166992,5.253507975488901,8.119831085205078,1.0
42,54,4,499,34.599998474121094,26.93932342529297,31.386796951293945,34.050384521484375,10.324664026298706,7.111061096191406,0.0
42,54,5,500,28.5,24.57001495361328,29.23247337341309,32.238616943359375,0.5365172427591512,7.668601989746094,1.0
42,55,1,496,25.100000381469727,20.060636520385746,25.23184585571289,29.48238945007324,0.017383229078404838,9.421752929687493,1.0
42,55,2,497,26.899999618530277,23.339784622192383,27.357187271118164,31.291553497314453,0.20902054967882253,7.95176887512207,1.0
42,55,3,498,29.299999237060547,23.531126022338867,27.96654510498047,32.15719985961914,1.7780999223614344,8.626073837280273,1.0
42,55,4,499,28.600000381469727,22.246000289916992,27.57585906982422,31.87274742126465,1.0488654262189812,9.626747131347656,1.0
42,55,5,500,25.399999618530277,21.11343765258789,26.391498565673828,30.30719375610352,0.9830701621867705,9.193756103515629,1.0
42,56,1,496,25.399999618530277,19.803050994873047,24.76750373840332,28.85665702819824,0.40005103837757355,9.053606033325192,1.0
42,56,2,497,30.399999618530277,22.83475685119629,27.86646842956543,32.154640197753906,6.418780285457633,9.319883346557617,1.0
42,56,3,498,30.200000762939453,24.217180252075195,29.420743942260746,33.23804473876953,0.6072411925742871,9.020864486694336,1.0
42,56,4,499,29.100000381469727,22.625194549560547,27.627412796020508,31.598447799682617,2.16851419681916,8.97325325012207,1.0
42,56,5,500,25.600000381469727,20.70493698120117,25.676782608032227,29.7408390045166,0.005895510315895081,9.035902023315433,1.0
42,57,1,496,25.5,22.25844383239746,25.832033157348636,29.609952926635746,0.11024601757890432,7.351509094238285,1.0
42,57,2,497,32.099998474121094,26.816452026367188,30.37211227416992,34.35382080078125,2.9855907199817135,7.5373687744140625,1.0
42,57,3,498,31.899999618530277,29.096031188964844,32.654205322265625,36.76525115966797,0.5688262435469316,7.669219970703125,1.0
42,57,4,499,31.799999237060547,27.330320358276367,30.64590835571289,34.72746276855469,1.33192576240981,7.39714241027832,1.0
42,57,5,500,26.899999618530277,23.55669212341309,26.838951110839844,30.54434967041016,0.0037269202912288864,6.98765754699707,1.0
42,58,1,496,24.399999618530277,20.163986206054688,30.31146812438965,34.35118865966797,34.94545989576723,14.187202453613281,1.0
42,58,2,497,26.600000381469727,23.20977210998535,33.357234954833984,38.05181503295898,45.66021907946924,14.842042922973626,1.0
42,58,3,498,25.5,23.94305419921875,34.09053039550781,38.8054084777832,73.79721247614361,14.862354278564453,1.0
42,58,4,499,25.700000762939453,21.52850151062012,31.67598533630371,36.1064682006836,35.71239162108759,14.57796669006348,1.0
42,58,5,500,22.0,18.83330535888672,28.980791091918945,32.745628356933594,48.7314442690149,13.912322998046875,1.0
42,59,1,496,30.200000762939453,17.91383934020996,28.039669036865234,32.36466217041016,4.667033166682813,14.450822830200202,1.0
42,59,2,497,34.29999923706055,22.58827781677246,32.73577880859375,36.66111755371094,2.4467855488328496,14.072839736938477,1.0
42,59,3,498,34.79999923706055,23.133174896240234,33.278282165527344,36.67145538330078,2.3156228457955876,13.538280487060547,1.0
42,59,4,499,31.700000762939453,21.977251052856445,32.123268127441406,35.8680534362793,0.17915526185242925,13.890802383422852,1.0
42,59,5,500,28.799999237060547,19.999269485473636,30.14340591430664,33.92367172241211,1.8047415004693903,13.924402236938473,1.0
42,60,1,496,31.100000381469727,26.734432220458984,29.889158248901367,34.864227294921875,1.4661386700026924,8.12979507446289,1.0
42,60,2,497,34.599998474121094,30.220245361328125,33.68302536010742,38.03900909423828,0.8408396918239305,7.818763732910156,1.0
42,60,3,498,37.09999847412109,31.001121520996094,34.748382568359375,39.43016815185547,5.530097368231475,8.429046630859375,1.0
42,60,4,499,35.599998474121094,29.240753173828125,32.93161392211914,37.44921875,7.120276117362664,8.208465576171875,1.0
42,60,5,500,31.299999237060547,26.317481994628903,29.79364585876465,34.39733123779297,2.269100500303466,8.079849243164066,1.0
42,61,1,496,31.200000762939453,26.96999931335449,30.80077743530273,34.876197814941406,0.15937926532933772,7.906198501586918,1.0
42,61,2,497,34.5,29.399171829223636,33.47206115722656,37.42510223388672,1.0566582644823939,8.025930404663082,1.0
42,61,3,498,35.79999923706055,29.89912986755371,34.22908020019531,37.86685943603516,2.4677866203855956,7.967729568481452,1.0
42,61,4,499,34.400001525878906,27.868623733520508,31.961864471435547,35.72785568237305,5.944512296249741,7.859231948852539,1.0
42,61,5,500,30.399999618530277,25.81985282897949,30.28568649291992,33.97824478149414,0.013067490686809638,8.158391952514652,1.0
42,62,1,496,29.899999618530277,26.90725517272949,29.755294799804688,34.00218200683594,0.020939484562405714,7.094926834106449,1.0
42,62,2,497,34.0,31.163219451904297,33.412357330322266,38.513370513916016,0.34532390722597484,7.350151062011719,1.0
42,62,3,498,35.20000076293945,31.616918563842773,34.43124771118164,38.82062911987305,0.59098125458695,7.203710556030273,1.0
42,62,4,499,26.200000762939453,30.04623794555664,33.710838317871094,37.45442199707031,56.412680776571506,7.408184051513672,0.0
42,62,5,500,26.299999237060547,26.66792297363281,29.85765647888184,33.72796630859375,12.656925050283487,7.060043334960941,0.0
42,63,1,496,22.100000381469727,18.44916534423828,21.75703430175781,25.668025970458984,0.11762573183296143,7.218860626220703,1.0
42,63,2,497,24.700000762939453,21.983718872070312,25.47542762756348,29.622846603393555,0.6012868223806491,7.639127731323242,1.0
42,63,3,498,27.700000762939453,25.43708610534668,28.596866607666016,33.04563903808594,0.8043683434370905,7.608552932739258,1.0
42,63,4,499,27.100000381469727,24.389902114868164,27.6309814453125,31.85260581970215,0.28194089015960344,7.462703704833984,1.0
42,63,5,500,23.700000762939453,21.928146362304688,25.28557014465332,29.050765991210938,2.514030264228495,7.12261962890625,1.0
42,64,1,496,28.700000762939453,23.83475875854492,26.92704200744629,32.358158111572266,3.143382748679869,8.523399353027347,1.0
42,64,2,497,32.79999923706055,27.901302337646484,30.63519287109375,35.48999786376953,4.686386602130369,7.588695526123047,1.0
42,64,3,498,34.79999923706055,29.52834892272949,33.2410888671875,37.58662796020508,2.43020154129772,8.05827903747559,1.0
42,64,4,499,34.70000076293945,28.53043365478516,32.962158203125,36.63005447387695,3.020096762702451,8.099620819091793,1.0
42,64,5,500,30.5,24.99625587463379,30.310626983642575,34.147464752197266,0.03586213932430972,9.151208877563477,1.0
42,65,1,496,28.200000762939453,23.044025421142575,28.05428504943848,32.11378479003906,0.02123306916109765,9.069759368896488,1.0
42,65,2,497,33.400001525878906,26.712257385253903,31.63903045654297,35.96269607543945,3.101019107038155,9.25043869018555,1.0
42,65,3,498,32.099998474121094,28.599464416503903,33.58079528808594,37.84136962890625,2.192759204248432,9.241905212402347,1.0
42,65,4,499,31.5,27.34652137756348,32.36478805541992,36.33906555175781,0.7478583807969699,8.992544174194332,1.0
42,65,5,500,28.100000381469727,23.35384178161621,28.584814071655277,32.91411590576172,0.23504431419133087,9.560274124145508,1.0
42,66,1,496,26.899999618530277,24.27640151977539,27.351238250732425,29.374897003173828,0.2036163031916658,5.0984954833984375,1.0
42,66,2,497,27.200000762939453,24.79311752319336,27.48052024841309,29.61514663696289,0.07869118173039369,4.822029113769531,1.0
42,66,3,498,26.399999618530277,23.78248405456543,26.985870361328125,28.65460586547852,0.3432445272665022,4.8721218109130895,1.0
42,66,4,499,24.100000381469727,22.84819221496582,25.852893829345703,27.65731239318848,3.072635439606529,4.80912017822266,1.0
42,66,5,500,22.600000381469727,21.89384078979492,25.13692855834961,27.08625602722168,6.436004574647086,5.192415237426761,1.0
42,67,1,496,28.899999618530277,23.750896453857425,26.75682258605957,29.2518253326416,4.593207792509944,5.500928878784176,1.0
42,67,2,497,32.29999923706055,23.74262809753418,26.42578125,28.51638412475586,34.50643695950566,4.77375602722168,0.0
42,67,3,498,31.299999237060547,23.81555938720703,26.47504997253418,29.054744720458984,23.28013540525353,5.239185333251953,0.0
42,67,4,499,26.399999618530277,23.280393600463867,25.590171813964844,28.55834007263184,0.6558210730472696,5.277946472167972,1.0
42,67,5,500,24.700000762939453,21.988475799560547,24.510400772094727,27.614765167236328,0.035948156528320396,5.626289367675781,1.0
42,68,1,496,29.5,24.57498550415039,28.032617568969727,30.24506378173828,2.153211198896315,5.670078277587891,1.0
42,68,2,497,31.799999237060547,25.20339775085449,27.893110275268555,30.943449020385746,15.26378135977211,5.740051269531257,0.0
42,68,3,498,31.600000381469727,25.01317977905273,27.6076602935791,30.688129425048828,15.938779377378523,5.674949645996097,0.0
42,68,4,499,26.399999618530277,24.3306884765625,26.198047637939453,28.327646255493164,0.0407846024645565,3.996957778930664,1.0
42,68,5,500,24.299999237060547,24.201984405517575,26.158382415771484,28.0482177734375,3.4535880389157683,3.8462333679199254,1.0
42,69,1,496,30.5,24.94615936279297,28.393836975097656,30.73905372619629,4.435922687465791,5.79289436340332,1.0
42,69,2,497,33.599998474121094,24.81830596923828,28.364728927612305,31.117977142333984,27.408047224602342,6.299671173095703,0.0
42,69,3,498,35.099998474121094,24.701026916503903,28.08038330078125,30.514930725097656,49.274997181782965,5.8139038085937536,0.0
42,69,4,499,33.20000076293945,24.53094291687012,26.962556838989254,29.05836296081543,38.90570670442325,4.527420043945309,0.0
42,69,5,500,29.0,23.69507598876953,25.997129440307617,28.6337947845459,9.017231598267244,4.938718795776367,0.0
42,70,1,496,31.0,26.170625686645508,28.58314514160156,31.2154541015625,5.841187406564148,5.044828414916992,1.0
42,70,2,497,33.900001525878906,26.43000030517578,29.278135299682617,31.816102981567383,21.361647412853927,5.386102676391602,0.0
42,70,3,498,34.599998474121094,26.64386749267578,28.96246910095215,31.90089988708496,31.78173743334264,5.25703239440918,0.0
42,70,4,499,33.20000076293945,25.984922409057617,28.022937774658203,30.56743431091309,26.801981184631586,4.582511901855472,0.0
42,70,5,500,28.899999618530277,24.92215919494629,26.802642822265625,29.70809936523437,4.398905530837525,4.785940170288082,1.0
42,71,1,496,31.200000762939453,26.911577224731445,29.871740341186523,33.572166442871094,1.7642757479952706,6.660589218139648,1.0
42,71,2,497,33.900001525878906,26.995698928833008,30.24019432067871,33.17542266845703,13.394188779235265,6.179723739624023,0.0
42,71,3,498,35.099998474121094,27.08913993835449,29.27957534790039,32.05132293701172,33.87732536824478,4.96218299865723,0.0
42,71,4,499,33.400001525878906,26.2598876953125,28.49112319946289,31.172801971435547,24.097086423556902,4.912914276123047,0.0
42,71,5,500,29.600000381469727,24.831626892089844,27.05476188659668,29.577659606933597,6.478238995783613,4.7460327148437536,0.0
42,72,1,496,30.600000381469727,26.61167907714844,30.24448585510254,32.989768981933594,0.12639057845808566,6.378089904785153,1.0
42,72,2,497,34.5,27.290151596069336,30.70890998840332,33.16007232666016,14.372363476028113,5.869920730590827,0.0
42,72,3,498,34.5,25.632976531982425,29.023509979248047,31.697216033935547,29.991942947395728,6.0642395019531214,0.0
42,72,4,499,30.5,24.768198013305664,27.638208389282227,30.3889217376709,8.189851223174628,5.620723724365234,0.0
42,72,5,500,27.600000381469727,24.39314079284668,27.11363220214844,29.61194229125977,0.23655400585630212,5.2188014984130895,1.0
42,73,1,496,31.100000381469727,26.39873313903809,28.67343521118164,31.732177734375,5.8882185256552475,5.3334445953369105,1.0
42,73,2,497,34.599998474121094,27.07087135314941,29.59038352966309,32.2064323425293,25.096241891736973,5.135560989379886,0.0
42,73,3,498,36.0,27.01038360595703,30.115148544311523,32.23635482788086,34.63147665551878,5.225971221923828,0.0
42,73,4,499,34.29999923706055,25.86310386657715,29.09638977050781,31.17469596862793,27.07755148039727,5.311592102050781,0.0
42,73,5,500,30.0,25.25617218017578,28.035497665405277,30.25482177734375,3.8592694226281172,4.998649597167969,1.0
42,74,1,496,29.700000762939453,27.367023468017575,30.07842254638672,33.2340087890625,0.1432030461874092,5.866985321044925,1.0
42,74,2,497,32.70000076293945,28.866363525390625,31.76240921020508,34.749366760253906,0.8790779197588496,5.883003234863281,1.0
42,74,3,498,34.0,29.54882431030273,32.08210372924805,34.86420440673828,3.678326105364249,5.31538009643555,1.0
42,74,4,499,30.399999618530277,27.97290802001953,30.20520782470703,32.61328125,0.037943842940877874,4.640373229980469,1.0
42,74,5,500,28.100000381469727,26.008150100708008,28.377349853515625,31.54425048828125,0.0769227296441386,5.536100387573242,1.0
42,75,1,496,31.299999237060547,27.52581024169922,30.1557731628418,32.2376594543457,1.3092533089220442,4.711849212646484,1.0
42,75,2,497,34.70000076293945,28.74654960632324,31.71252822875977,34.6856689453125,8.924992142477983,5.939119338989261,0.0
42,75,3,498,35.20000076293945,28.89015769958496,31.508777618408203,34.11241912841797,13.62512830272317,5.222261428833008,0.0
42,75,4,499,34.79999923706055,27.22085189819336,30.32944107055664,32.62629318237305,19.985890320094768,5.4054412841796875,0.0
42,75,5,500,30.5,25.30634880065918,28.43954086303711,30.83505630493164,4.24549185509386,5.528707504272461,1.0
42,76,1,496,30.600000381469727,26.626413345336918,29.500049591064453,32.47251892089844,1.2098917413131858,5.84610557556152,1.0
42,76,2,497,33.099998474121094,28.43274688720703,31.26172637939453,34.43642807006836,3.379244294250384,6.003681182861328,1.0
42,76,3,498,34.400001525878906,28.252153396606445,31.06693458557129,34.087528228759766,11.109335228571581,5.83537483215332,0.0
42,76,4,499,31.700000762939453,27.05171012878418,30.46231842041016,33.37689971923828,1.5318575810087989,6.325189590454102,1.0
42,76,5,500,29.600000381469727,25.02222442626953,28.50667762756348,31.286251068115234,1.1953546442091387,6.264026641845703,1.0
42,77,1,496,30.899999618530277,26.39469337463379,30.999963760375977,34.02145767211914,0.009992829654947145,7.626764297485352,1.0
42,77,2,497,33.400001525878906,29.317123413085938,33.66911315917969,36.62511444091797,0.07242107117781416,7.307991027832031,1.0
42,77,3,498,34.79999923706055,29.090730667114254,34.35244369506836,37.17012786865234,0.2003059631679207,8.079397201538082,1.0
42,77,4,499,34.400001525878906,28.09342193603516,32.51776885986328,35.89339828491211,3.5427998090162873,7.79997634887695,1.0
42,77,5,500,31.600000381469727,26.57309913635254,30.580341339111328,33.78809356689453,1.0397045626632462,7.214994430541992,1.0
42,78,1,496,30.0,25.907663345336918,29.387672424316406,32.143577575683594,0.37494505994254723,6.235914230346676,1.0
42,78,2,497,33.099998474121094,28.06647109985352,31.811426162719727,34.347686767578125,1.660418601710262,6.281215667724606,1.0
42,78,3,498,35.400001525878906,27.850255966186523,32.29541778564453,35.09211730957031,9.638440200127661,7.241861343383789,0.0
42,78,4,499,33.400001525878906,26.306175231933597,30.406288146972656,34.14616775512695,8.962319795042276,7.839992523193356,1.0
42,78,5,500,29.799999237060547,25.19350814819336,28.035642623901367,31.393966674804688,3.1129542583985312,6.200458526611328,1.0
42,79,1,496,31.399999618530277,25.24321556091309,27.98302459716797,31.321271896362305,11.675718296613947,6.078056335449215,0.0
42,79,2,497,34.0,27.31644058227539,29.8706169128418,33.247276306152344,17.051804680508184,5.930835723876953,0.0
42,79,3,498,34.400001525878906,27.797887802124023,31.04984474182129,34.1516227722168,11.223550477767276,6.353734970092773,0.0
42,79,4,499,31.100000381469727,27.20197105407715,30.583984375,33.59170913696289,0.2662725189329649,6.389738082885742,1.0
42,79,5,500,29.100000381469727,24.694698333740234,28.269466400146484,31.849151611328125,0.6897866941326356,7.154453277587891,1.0
42,80,1,496,28.200000762939453,26.30157852172852,28.555683135986328,31.41440200805664,0.12650995049625635,5.1128234863281214,1.0
42,80,2,497,30.899999618530277,27.26792335510254,29.42660522460937,32.86687088012695,2.1708910400375525,5.598947525024414,1.0
42,80,3,498,31.299999237060547,27.13688468933105,29.31844139099121,32.18546295166016,3.926571497318946,5.048578262329112,1.0
42,80,4,499,28.200000762939453,26.39186668395996,28.21422576904297,31.40678596496582,0.00020235079864505678,5.014919281005859,1.0
42,80,5,500,27.399999618530277,24.565492630004883,27.271923065185547,29.69128799438477,0.016403603516665498,5.125795364379886,1.0
42,81,1,496,31.200000762939453,25.045413970947266,29.91827774047852,33.301326751708984,1.6428139063063918,8.255912780761719,1.0
42,81,2,497,34.400001525878906,28.881319046020508,33.52716445922852,36.89204788208008,0.761844544918846,8.01072883605957,1.0
42,81,3,498,35.900001525878906,29.3239803314209,33.72936248779297,36.76674270629883,4.711673833662644,7.44276237487793,1.0
42,81,4,499,34.70000076293945,26.633272171020508,30.86057472229004,34.09418869018555,14.741192321616836,7.460916519165039,0.0
42,81,5,500,29.100000381469727,25.150049209594727,29.28672981262207,32.213680267333984,0.034867880458477885,7.063631057739258,1.0
42,82,1,496,30.399999618530277,26.716035842895508,29.46584701538086,32.73972702026367,0.8726410859708333,6.023691177368164,1.0
42,82,2,497,33.099998474121094,29.0537223815918,32.15595245361328,35.862457275390625,0.8912228888366371,6.808734893798825,1.0
42,82,3,498,34.5,28.69973373413086,32.069766998291016,35.485595703125,5.9060324425954605,6.785861968994141,1.0
42,82,4,499,33.400001525878906,26.010541915893555,29.79775047302246,33.58380889892578,12.976212647805369,7.573266983032227,1.0
42,82,5,500,29.200000762939453,23.77928733825684,27.7552547454834,30.77144241333008,2.0872910549551307,6.992155075073242,1.0
42,83,1,496,31.700000762939453,26.503952026367188,29.901905059814453,33.688602447509766,3.233148157596588,7.184650421142578,1.0
42,83,2,497,35.29999923706055,30.241626739501957,33.54857635498047,37.18819427490234,3.0674821118736872,6.94656753540038,1.0
42,83,3,498,35.900001525878906,31.711641311645508,34.21367645263672,37.8935661315918,2.843692252645269,6.181924819946289,1.0
42,83,4,499,35.599998474121094,29.99523162841797,32.497467041015625,36.347015380859375,9.625701293407474,6.351783752441406,1.0
42,83,5,500,31.5,27.037109375,30.075437545776367,33.66472625732422,2.02937818598366,6.627616882324219,1.0
42,84,1,496,29.799999237060547,26.4219913482666,31.082748413085938,35.0772705078125,1.6454454485938186,8.655279159545898,1.0
42,84,2,497,32.79999923706055,29.776275634765625,34.85567855834961,38.083343505859375,4.225817471975461,8.30706787109375,1.0
42,84,3,498,34.599998474121094,31.003883361816406,35.95600509643555,39.19795989990234,1.838753959760652,8.19407653808593,1.0
42,84,4,499,34.400001525878906,29.634445190429688,33.32155227661133,37.2766227722168,1.1630527832458029,7.642177581787109,1.0
42,84,5,500,29.200000762939453,27.583261489868164,30.47234916687012,34.66364669799805,1.6188704609849174,7.080385208129883,1.0
42,85,1,496,31.200000762939453,25.636564254760746,28.695327758789062,33.74111557006836,6.273386857719743,8.104551315307614,1.0
42,85,2,497,34.099998474121094,29.43145751953125,33.829925537109375,38.69542694091797,0.0729393913061358,9.263969421386719,1.0
42,85,3,498,34.5,31.263818740844727,35.68033218383789,40.43814086914063,1.393184064203524,9.174322128295906,1.0
42,85,4,499,34.5,29.12004852294922,33.81086349487305,37.612342834472656,0.4749091226985911,8.492294311523438,1.0
42,85,5,500,30.200000762939453,27.12999725341797,30.376562118530277,34.15703582763672,0.03117391228806935,7.02703857421875,1.0
42,86,1,496,28.5,25.11269187927246,27.570148468017575,31.67880630493164,0.8646238715300636,6.56611442565918,1.0
42,86,2,497,29.700000762939453,26.952592849731445,30.027727127075195,34.36207962036133,0.10740456974963308,7.409486770629883,1.0
42,86,3,498,30.200000762939453,27.07430648803711,29.59418487548828,34.220314025878906,0.36701288948825095,7.146007537841797,1.0
42,86,4,499,27.100000381469727,25.39182472229004,27.40081596374512,31.644893646240234,0.09049001453968444,6.253068923950195,1.0
42,86,5,500,25.899999618530277,23.832090377807617,25.929845809936523,30.43309593200684,0.0008907951414582993,6.601005554199222,1.0
42,87,1,496,29.200000762939453,26.65869140625,28.301626205444336,31.89928436279297,0.8070768455545476,5.240592956542969,1.0
42,87,2,497,32.5,28.12118148803711,30.521848678588867,33.743770599365234,3.913082650400611,5.622589111328125,1.0
42,87,3,498,31.600000381469727,27.05726432800293,29.81728744506836,33.075225830078125,3.178065413612785,6.017961502075195,1.0
42,87,4,499,29.700000762939453,24.348331451416016,27.31033134460449,30.90049171447754,5.710519928925367,6.552160263061523,1.0
42,87,5,500,28.799999237060547,23.55512237548828,26.08222961425781,29.47076988220215,7.386271722629337,5.915647506713867,1.0
42,88,1,496,30.0,24.22777366638184,27.457490921020508,30.950740814208984,6.464352416693146,6.722967147827145,1.0
42,88,2,497,32.5,29.091169357299805,33.04150390625,36.07894134521485,0.2932264804840088,6.987771987915046,1.0
42,88,3,498,34.79999923706055,30.85912322998047,34.59278106689453,38.16156005859375,0.04293937004695181,7.302436828613281,1.0
42,88,4,499,33.900001525878906,27.51910972595215,31.430463790893555,35.44977188110352,6.0986166245165805,7.930662155151374,1.0
42,88,5,500,28.399999618530277,23.828777313232425,27.143993377685547,31.16054916381836,1.5775516770409101,7.331771850585934,1.0
42,89,1,496,27.600000381469727,26.575090408325195,29.937152862548828,33.840057373046875,5.4622817198142,7.26496696472168,1.0
42,89,2,497,32.599998474121094,29.89472770690918,32.98957443237305,36.68839263916016,0.15176942724792752,6.793664932250984,1.0
42,89,3,498,31.799999237060547,30.946195602416992,33.48231887817383,37.48066711425781,2.8301993748755194,6.53447151184082,1.0
42,89,4,499,30.5,28.847091674804688,30.62426376342773,34.79838180541992,0.015441482901223052,5.951290130615234,1.0
42,89,5,500,28.399999618530277,25.469844818115234,27.604440689086918,31.82407760620117,0.6329140102170641,6.354232788085934,1.0
42,90,1,496,27.700000762939453,23.06569099426269,27.848575592041016,31.547260284423828,0.022074479842558503,8.481569290161136,1.0
42,90,2,497,28.899999618530277,27.00265884399414,31.73370933532715,35.13059997558594,8.029910759069006,8.127941131591797,1.0
42,90,3,498,32.0,28.652565002441406,33.062042236328125,36.48757553100586,1.127933711744845,7.835010528564453,1.0
42,90,4,499,31.5,26.16141891479492,30.49802017211914,34.07536315917969,1.0039635754801566,7.913944244384769,1.0
42,90,5,500,27.899999618530277,22.223373413085938,26.55695152282715,30.275054931640625,1.8037781873718,8.051681518554688,1.0
42,91,1,496,28.600000381469727,24.639419555664062,27.94736099243164,30.834117889404297,0.4259381721240061,6.194698333740234,1.0
42,91,2,497,31.799999237060547,29.35097312927246,32.66407775878906,35.66850280761719,0.7466316917125368,6.317529678344727,1.0
42,91,3,498,33.0,30.32809066772461,33.580257415771484,36.799617767333984,0.3366986685578013,6.471527099609375,1.0
42,91,4,499,31.399999618530277,27.590599060058597,30.56416893005371,34.241085052490234,0.6986129397992104,6.650485992431637,1.0
42,91,5,500,28.700000762939453,24.550811767578125,27.66133499145508,31.228591918945312,1.0788265848532246,6.6777801513671875,1.0
42,92,1,496,29.399999618530277,24.98416519165039,28.579837799072266,32.81393051147461,0.6726654100966756,7.829765319824219,1.0
42,92,2,497,31.600000381469727,28.530122756958008,32.04924774169922,36.03736114501953,0.20182319067316712,7.507238388061523,1.0
42,92,3,498,32.79999923706055,30.60454559326172,34.510406494140625,38.284698486328125,2.9254929850721965,7.680152893066406,1.0
42,92,4,499,31.0,26.831188201904297,31.44644927978516,35.45780944824219,0.1993169594206879,8.62662124633789,1.0
42,92,5,500,27.799999237060547,23.150615692138672,27.875341415405277,31.912094116210938,0.005676443837729119,8.761478424072266,1.0
42,93,1,496,28.5,24.505237579345703,27.822254180908203,31.830581665039062,0.45933939529641066,7.325344085693359,1.0
42,93,2,497,33.400001525878906,27.987234115600582,31.433582305908203,34.95023727416992,3.8668045486701885,6.9630031585693395,1.0
42,93,3,498,35.70000076293945,29.52136993408203,33.050193786621094,37.15210723876953,7.021477011745446,7.6307373046875,1.0
42,93,4,499,34.29999923706055,29.16004180908203,32.97866439819336,36.32913589477539,1.7459257564041764,7.169094085693359,1.0
42,93,5,500,32.0,26.224458694458008,30.48554992675781,33.575706481933594,2.2935590243432777,7.351247787475586,1.0
42,94,1,496,26.0,23.539628982543945,26.44538307189941,29.917171478271484,0.19836608073455547,6.377542495727539,1.0
42,94,2,497,30.5,27.310625076293945,30.36039924621582,33.21995162963867,0.01948837045711116,5.909326553344727,1.0
42,94,3,498,30.200000762939453,28.07684326171875,31.551660537719727,35.04313659667969,1.8269841467590595,6.9662933349609375,1.0
42,94,4,499,29.399999618530277,27.321807861328125,30.206466674804688,33.6458740234375,0.6503891128559132,6.324066162109375,1.0
42,94,5,500,26.200000762939453,24.264305114746094,27.35955619812012,30.48947525024414,1.3445688072570274,6.225170135498047,1.0
42,95,1,496,28.100000381469727,24.519193649291992,28.29300117492676,32.01283264160156,0.03724930627504501,7.49363899230957,1.0
42,95,2,497,31.700000762939453,26.962207794189453,30.807172775268555,34.408870697021484,0.797141815568466,7.446662902832031,1.0
42,95,3,498,32.900001525878906,27.388702392578125,31.013072967529297,34.61294937133789,3.560499384315335,7.224246978759766,1.0
42,95,4,499,33.599998474121094,24.818164825439453,28.98748588562012,32.36931610107422,21.275272379079947,7.551151275634766,0.0
42,95,5,500,28.200000762939453,23.022016525268555,26.800865173339844,30.23168182373047,1.9575803980842466,7.209665298461914,1.0
42,96,1,496,27.399999618530277,24.87407875061035,28.10848617553711,32.218196868896484,0.5019532014593956,7.344118118286133,1.0
42,96,2,497,29.799999237060547,27.07323455810547,31.213680267333984,35.02362060546875,1.9984940553549677,7.950386047363281,1.0
42,96,3,498,31.0,26.19027137756348,30.598997116088867,34.57509231567383,0.16080331290504546,8.384820938110348,1.0
42,96,4,499,29.200000762939453,23.797536849975582,28.27957344055176,32.178436279296875,0.8471864557977759,8.380899429321293,1.0
42,96,5,500,27.299999237060547,22.03355026245117,26.78155899047852,30.62679100036621,0.2687802892760337,8.593240737915043,1.0
42,97,1,496,29.100000381469727,25.49026679992676,28.708858489990234,31.765151977539062,0.15299197927015484,6.274885177612301,1.0
42,97,2,497,28.399999618530277,26.80228042602539,30.41430282592773,33.15983581542969,4.05741741133167,6.357555389404297,1.0
42,97,3,498,25.799999237060547,26.220291137695312,30.020362854003903,32.68022918701172,17.811469059219206,6.459938049316406,0.0
42,97,4,499,26.799999237060547,25.38300132751465,29.163724899291992,31.56756019592285,5.587199006291485,6.184558868408203,1.0
42,97,5,500,26.299999237060547,24.589874267578125,27.51884651184082,30.284875869750977,1.4855886792392994,5.695001602172852,1.0
42,98,1,496,29.700000762939453,26.743127822875977,29.68213653564453,33.631595611572266,0.00031913061684463173,6.888467788696289,1.0
42,98,2,497,31.600000381469727,29.088281631469727,32.188236236572266,35.89167785644531,0.34602142122821533,6.803396224975586,1.0
42,98,3,498,33.20000076293945,29.01761817932129,31.990612030029297,35.67739486694336,1.4626211072900333,6.65977668762207,1.0
42,98,4,499,30.5,26.947399139404297,29.67860412597656,33.16350555419922,0.6746911818627327,6.216106414794922,1.0
42,98,5,500,28.5,25.22186851501465,27.81459045410156,31.447118759155277,0.4697862456087072,6.2252502441406286,1.0
42,99,1,496,28.600000381469727,26.08714485168457,28.1588077545166,31.90797615051269,0.19465093407779932,5.8208312988281214,1.0
42,99,2,497,31.399999618530277,27.86172103881836,29.85059356689453,33.32432174682617,2.4006591128454713,5.4626007080078125,1.0
42,99,3,498,31.899999618530277,28.274084091186523,30.773704528808597,34.35686492919922,1.2685406291311665,6.082780838012695,1.0
42,99,4,499,29.899999618530277,26.90923309326172,29.1063289642334,32.577613830566406,0.6299131074920353,5.6683807373046875,1.0
42,99,5,500,28.100000381469727,25.353775024414062,27.791099548339844,31.39092254638672,0.09541972470833571,6.037147521972656,1.0
43,0,1,496,20.200000762939453,14.565673828125,18.243083953857425,22.21492576599121,3.8295233976677854,7.649251937866211,1.0
43,0,2,497,22.899999618530277,14.720704078674316,18.37722396850586,23.20603370666504,20.455499580453793,8.485329627990723,1.0
43,0,3,498,23.100000381469727,13.496594429016112,17.01401138305664,21.834148406982425,37.03926208880512,8.337553977966314,0.0
43,0,4,499,18.5,11.901362419128418,14.930205345153809,20.013471603393555,12.743433877768439,8.112109184265137,1.0
43,0,5,500,13.800000190734863,10.610087394714355,14.614742279052734,19.439191818237305,0.6638046704765657,8.82910442352295,1.0
43,1,1,496,10.600000381469728,7.378263473510742,12.646400451660156,17.23273468017578,4.1877532472753884,9.854471206665039,1.0
43,1,2,497,18.5,10.1134672164917,15.891400337219238,20.676494598388672,6.804792200659904,10.563027381896973,1.0
43,1,3,498,20.299999237060547,11.579148292541504,18.177452087402344,23.049203872680664,4.5052064025221625,11.47005558013916,1.0
43,1,4,499,21.5,8.822296142578125,15.617974281311035,20.5898380279541,34.59822655531843,11.767541885375977,0.0
43,1,5,500,15.0,7.399097442626953,13.397421836853027,18.610685348510746,2.568256768995525,11.211587905883793,1.0
43,2,1,496,18.299999237060547,19.083106994628903,23.279096603393555,28.32841110229492,24.791410583424295,9.245304107666016,0.0
43,2,2,497,23.600000381469727,22.07808303833008,27.129047393798828,32.654823303222656,12.454172815228958,10.576740264892575,1.0
43,2,3,498,26.299999237060547,23.509862899780277,28.461570739746094,34.9033203125,4.672391361222253,11.393457412719723,1.0
43,2,4,499,27.299999237060547,21.962188720703125,27.35492515563965,33.4483528137207,0.003016856531758094,11.486164093017578,1.0
43,2,5,500,25.700000762939453,17.98025131225586,24.42681884765625,30.869281768798828,1.6209921894042054,12.889030456542969,1.0
43,3,1,496,13.600000381469728,8.10809326171875,14.59360122680664,19.02675437927246,0.9872426398542267,10.918661117553711,1.0
43,3,2,497,20.100000381469727,10.231592178344728,16.659446716308594,21.857511520385746,11.837409522853704,11.625919342041017,1.0
43,3,3,498,23.5,10.963189125061035,16.608694076538086,21.691308975219727,47.490097330741264,10.728119850158691,0.0
43,3,4,499,24.600000381469727,8.861087799072266,12.956015586853027,18.089916229248047,135.5823818972649,9.228828430175781,0.0
43,3,5,500,14.699999809265137,5.130645751953125,12.157560348510742,17.340911865234375,6.4639984116010964,12.21026611328125,1.0
43,4,1,496,17.100000381469727,13.036219596862791,17.801881790161133,23.846147537231445,0.49263751186663285,10.809927940368654,1.0
43,4,2,497,21.5,13.005428314208984,17.40205955505371,23.013731002807617,16.79311589032659,10.008302688598633,1.0
43,4,3,498,23.299999237060547,12.481999397277832,16.919200897216797,22.37327003479004,40.714587453752756,9.891270637512207,0.0
43,4,4,499,22.0,10.31266975402832,14.61074161529541,20.43972396850586,54.601139475927084,10.127054214477539,0.0
43,4,5,500,18.200000762939453,9.89641571044922,14.351162910461426,19.52037811279297,14.813552814667673,9.623962402343748,1.0
43,5,1,496,19.200000762939453,14.1345796585083,19.15604591369629,23.38336944580078,0.0019320287719892804,9.24878978729248,1.0
43,5,2,497,24.299999237060547,15.37441635131836,20.04192543029785,24.356401443481445,18.13119254383855,8.981985092163086,1.0
43,5,3,498,26.799999237060547,14.760452270507812,19.548906326293945,23.383544921875,52.578348400569666,8.623092651367188,0.0
43,5,4,499,25.200000762939453,14.08506679534912,17.799022674560547,21.598907470703125,54.77447666466469,7.513840675354006,0.0
43,5,5,500,19.299999237060547,12.384027481079102,16.604854583740234,20.244037628173828,7.2638047023210675,7.860010147094727,1.0
43,6,1,496,20.200000762939453,16.91373634338379,21.90838432312012,27.333271026611328,2.9185743886955726,10.419534683227539,1.0
43,6,2,497,25.100000381469727,20.227182388305664,25.298851013183597,30.786771774291992,0.03954157373300546,10.559589385986328,1.0
43,6,3,498,27.100000381469727,20.58919715881348,25.616329193115234,30.570222854614254,2.201280195153231,9.981025695800774,1.0
43,6,4,499,26.899999618530277,17.965660095214844,22.668346405029297,27.445117950439453,17.90688891933317,9.47945785522461,1.0
43,6,5,500,20.399999618530277,15.197888374328612,20.131710052490234,24.82110977172852,0.07197929124595438,9.623221397399908,1.0
43,7,1,496,15.5,11.631739616394045,15.212884902954102,20.518390655517575,0.08243507895167568,8.88665103912353,1.0
43,7,2,497,20.100000381469727,11.152054786682127,14.268218994140623,20.596651077270508,34.00967414959816,9.44459629058838,1.0
43,7,3,498,21.399999618530277,10.102930068969728,14.08044147491455,19.00604248046875,53.575931417771294,8.903112411499022,0.0
43,7,4,499,19.700000762939453,10.641879081726074,14.406734466552734,18.38966560363769,28.01866808446357,7.7477865219116175,0.0
43,7,5,500,15.699999809265137,10.970125198364258,14.236730575561523,18.437673568725582,2.1411568503035596,7.467548370361325,1.0
43,8,1,496,20.399999618530277,15.430554389953612,20.35172271728516,25.682485580444336,0.0023306591938307974,10.251931190490724,1.0
43,8,2,497,25.200000762939453,16.53592300415039,21.594133377075195,26.754240036010746,13.002279604439536,10.218317031860355,1.0
43,8,3,498,26.399999618530277,16.57044219970703,21.86248779296875,26.854267120361328,20.5890135671107,10.283824920654297,1.0
43,8,4,499,23.600000381469727,15.710646629333496,20.52988052368164,25.39715385437012,9.425635941184737,9.686507225036625,1.0
43,8,5,500,20.299999237060547,14.050189971923828,18.962648391723636,24.13751602172852,1.788507283523349,10.087326049804691,1.0
43,9,1,496,20.799999237060547,22.139610290527344,26.082653045654297,29.176687240600582,27.906431261450052,7.037076950073239,0.0
43,9,2,497,22.799999237060547,24.4832763671875,28.501134872436523,31.614076614379883,32.50294753295384,7.130800247192383,0.0
43,9,3,498,24.399999618530277,24.361064910888672,28.39936828613281,32.652610778808594,15.994949739400852,8.291545867919922,1.0
43,9,4,499,23.299999237060547,21.915111541748047,25.82496452331543,28.93261337280273,6.375449696792202,7.017501831054684,1.0
43,9,5,500,20.799999237060547,18.9591064453125,22.914100646972656,25.808259963989254,4.469424771392369,6.849153518676754,1.0
43,10,1,496,20.399999618530277,21.049997329711918,25.29397964477539,28.179615020751957,23.951040497286122,7.129617691040039,0.0
43,10,2,497,22.299999237060547,22.673599243164062,26.89866065979004,29.828269958496094,21.147686880900437,7.154670715332031,0.0
43,10,3,498,23.899999618530277,21.74874687194824,26.24097442626953,29.505868911743164,5.480163050469838,7.757122039794925,1.0
43,10,4,499,23.600000381469727,20.076852798461918,24.26358985900879,27.663272857666016,0.44035099470056593,7.586420059204098,1.0
43,10,5,500,22.600000381469727,18.49783134460449,23.195220947265625,26.665855407714844,0.35428752194638946,8.168024063110355,1.0
43,11,1,496,20.0,20.453170776367188,24.2905387878418,28.6128044128418,18.408723089974988,8.159633636474613,0.0
43,11,2,497,23.200000762939453,22.2034969329834,26.0920524597168,30.201435089111328,8.363963016832734,7.99793815612793,1.0
43,11,3,498,23.399999618530277,21.12503433227539,24.72894287109375,28.917072296142575,1.7660901685339827,7.792037963867184,1.0
43,11,4,499,22.799999237060547,19.776844024658203,23.6641845703125,27.71554183959961,0.7468162902077893,7.938697814941406,1.0
43,11,5,500,21.899999618530277,17.371423721313477,20.84370994567871,25.099315643310547,1.1157478729728685,7.72789192199707,1.0
43,12,1,496,21.100000381469727,20.62502098083496,25.669042587280277,28.922800064086918,20.87614667847814,8.297779083251957,1.0
43,12,2,497,22.299999237060547,23.10312843322754,27.550004959106445,30.867231369018555,27.562560081514675,7.764102935791016,0.0
43,12,3,498,24.100000381469727,23.243541717529297,27.365964889526367,31.119853973388672,10.666524167885655,7.876312255859375,1.0
43,12,4,499,23.5,22.05181884765625,25.41830062866211,29.152042388916016,3.679877301925444,7.100223541259766,1.0
43,12,5,500,21.600000381469727,18.89591789245605,22.434118270874023,25.93094825744629,0.6957526534242788,7.035030364990238,1.0
43,13,1,496,15.300000190734863,12.403592109680176,17.207927703857422,21.46865463256836,3.640187395330031,9.065062522888184,1.0
43,13,2,497,18.100000381469727,14.496466636657717,20.00775909423828,24.203929901123047,3.6395433061443327,9.70746326446533,1.0
43,13,3,498,18.5,15.046049118041992,19.782190322875977,24.788360595703125,1.644012024076801,9.742311477661133,1.0
43,13,4,499,18.600000381469727,12.281721115112305,17.083335876464844,21.91698455810547,2.300271220741706,9.635263442993164,1.0
43,13,5,500,16.0,10.57297706604004,15.230545043945312,20.065866470336918,0.5920609293971211,9.492889404296877,1.0
43,14,1,496,17.100000381469727,14.627552032470703,22.593521118164062,27.31887435913086,30.17877008449068,12.691322326660156,1.0
43,14,2,497,17.100000381469727,15.70900535583496,22.113670349121094,26.589841842651367,25.13688654452926,10.880836486816408,1.0
43,14,3,498,19.200000762939453,14.27226734161377,20.924959182739254,25.66453742980957,2.975481550038227,11.3922700881958,1.0
43,14,4,499,18.700000762939453,13.54104995727539,19.57544708251953,24.46613311767578,0.7664062584663043,10.92508316040039,1.0
43,14,5,500,17.700000762939453,12.632948875427246,18.81405258178711,23.624727249145508,1.241111455077771,10.991778373718262,1.0
43,15,1,496,17.200000762939453,15.644190788269045,20.413047790527344,22.684545516967773,10.32367120149138,7.040354728698729,1.0
43,15,2,497,18.399999618530277,17.171096801757812,21.23552131652832,23.2789249420166,8.040183299817707,6.107828140258789,1.0
43,15,3,498,19.100000381469727,17.080459594726562,20.622295379638672,23.33600425720215,2.317382061450189,6.255544662475586,1.0
43,15,4,499,18.799999237060547,15.245963096618652,18.25640296936035,20.930150985717773,0.2954969022575824,5.684187889099121,1.0
43,15,5,500,18.100000381469727,12.096854209899902,14.5287504196167,19.228029251098636,12.75382629003525,7.131175041198734,1.0
43,16,1,496,19.200000762939453,21.399568557739254,24.43600845336914,28.54529190063477,27.41577653423883,7.145723342895515,0.0
43,16,2,497,21.299999237060547,22.740821838378903,26.08814239501953,30.07513427734375,22.926314901109436,7.334312438964847,0.0
43,16,3,498,22.899999618530277,22.12727928161621,25.13045883178711,29.23905563354492,4.9749483020022875,7.111776351928707,1.0
43,16,4,499,22.799999237060547,20.20085906982422,23.12679672241211,26.992919921875,0.1067965964321047,6.792060852050781,1.0
43,16,5,500,21.0,18.081859588623047,20.83685111999512,24.954742431640625,0.026617557046846492,6.872882843017578,1.0
43,17,1,496,16.799999237060547,12.713281631469728,17.330127716064453,20.80319595336914,0.28103620425099507,8.089914321899412,1.0
43,17,2,497,17.899999618530273,14.972858428955078,19.21790313720703,22.79352760314941,1.7368696845405793,7.820669174194332,1.0
43,17,3,498,18.399999618530277,13.569836616516112,17.942115783691406,21.723068237304688,0.20965760620675025,8.153231620788576,1.0
43,17,4,499,17.100000381469727,11.898032188415527,16.951995849609375,20.49201202392578,0.02190534145120182,8.593979835510254,1.0
43,17,5,500,15.899999618530272,10.718122482299805,14.798799514770508,19.073223114013672,1.2126416685205146,8.355100631713867,1.0
43,18,1,496,17.399999618530273,14.534872055053713,18.21681785583496,21.458675384521484,0.6671920327935368,6.923803329467772,1.0
43,18,2,497,19.0,16.417322158813477,20.903091430664062,24.420549392700195,3.621756993466988,8.003227233886719,1.0
43,18,3,498,19.100000381469727,17.6575927734375,22.631296157836918,25.813411712646484,12.470049860188762,8.155818939208984,1.0
43,18,4,499,17.399999618530273,16.065176010131836,20.63580322265625,23.87750816345215,10.47042496447466,7.8123321533203125,1.0
43,18,5,500,16.899999618530273,13.887065887451172,18.329002380371094,21.010974884033203,2.042048893348692,7.123908996582031,1.0
43,19,1,496,18.600000381469727,13.20905590057373,18.05429458618164,21.762142181396484,0.29779481501100236,8.553086280822754,1.0
43,19,2,497,19.399999618530277,15.838301658630373,21.02046585083008,23.89105224609375,2.6259108100239246,8.052750587463377,1.0
43,19,3,498,18.399999618530277,16.22364044189453,21.501623153686523,23.88296127319336,9.620068553835132,7.659320831298828,1.0
43,19,4,499,18.299999237060547,14.636357307434082,20.00977325439453,23.36934280395508,2.923327190350392,8.732985496521,1.0
43,19,5,500,18.0,12.841400146484377,18.16322135925293,21.338542938232425,0.026641212116373936,8.497142791748049,1.0
43,20,1,496,19.600000381469727,12.96185302734375,17.39891815185547,22.081342697143555,4.844762981523672,9.119489669799805,1.0
43,20,2,497,22.200000762939453,14.55537223815918,18.11658477783203,22.74406623840332,16.674286107430817,8.18869400024414,1.0
43,20,3,498,23.799999237060547,15.906635284423828,19.66816711425781,23.59473419189453,17.07203669102458,7.688098907470703,0.0
43,20,4,499,19.0,14.409634590148926,17.881181716918945,21.73697662353516,1.251754350556439,7.327342033386234,1.0
43,20,5,500,13.300000190734863,11.851161003112791,15.839985847473145,19.278488159179688,6.451527136436198,7.427327156066896,1.0
43,21,1,496,22.200000762939453,19.436674118041992,23.57747840881348,26.38601303100586,1.8974446648826513,6.949338912963867,1.0
43,21,2,497,26.299999237060547,21.50239372253418,26.25496482849121,29.10384750366211,0.002028097955189878,7.60145378112793,1.0
43,21,3,498,28.399999618530277,21.1329402923584,24.74567604064941,28.883447647094727,13.354080811856017,7.750507354736328,1.0
43,21,4,499,25.600000381469727,20.02151679992676,23.322227478027344,27.19790267944336,5.188249399656343,7.176385879516598,1.0
43,21,5,500,22.299999237060547,18.683252334594727,22.387903213500977,25.20567512512207,0.0077271090740396176,6.522422790527344,1.0
43,22,1,496,19.100000381469727,18.03822898864746,20.699630737304688,24.82400894165039,2.5588172753086837,6.78577995300293,1.0
43,22,2,497,23.5,19.628347396850582,23.007692337036133,27.261234283447266,0.24236683501294465,7.632886886596683,1.0
43,22,3,498,24.0,20.47533798217773,23.463998794555664,27.619504928588867,0.2872972922377812,7.144166946411136,1.0
43,22,4,499,21.299999237060547,16.97780990600586,20.08919906616211,23.677827835083008,1.4660370538476855,6.700017929077148,1.0
43,22,5,500,15.399999618530272,13.057305335998535,15.784379005432127,19.614490509033203,0.1477475130750463,6.557185173034668,1.0
43,23,1,496,16.0,16.222204208374023,19.47428131103516,23.78488540649414,12.070630628208189,7.562681198120117,0.0
43,23,2,497,23.0,18.17047500610352,21.774845123291016,25.52761459350586,1.5010044719238067,7.35713958740234,1.0
43,23,3,498,25.100000381469727,18.58830070495605,22.583667755126957,25.79893684387207,6.331929886397102,7.210636138916019,1.0
43,23,4,499,19.899999618530277,17.11774444580078,20.5561580657959,23.94890785217285,0.4305439079180313,6.83116340637207,1.0
43,23,5,500,15.199999809265137,13.06822681427002,16.340232849121094,19.42955207824707,1.3001313851791565,6.361325263977051,1.0
43,24,1,496,20.100000381469727,17.84027099609375,21.72842788696289,24.925615310668945,2.651776140646689,7.085344314575195,1.0
43,24,2,497,26.299999237060547,18.939159393310547,23.265453338623047,26.27865028381348,9.208468809723854,7.339490890502933,0.0
43,24,3,498,28.200000762939453,19.25660896301269,23.001052856445312,25.78584289550781,27.029059334439808,6.529233932495117,0.0
43,24,4,499,25.5,17.85574722290039,21.77540779113769,24.679622650146484,13.872587122317809,6.823875427246094,0.0
43,24,5,500,18.200000762939453,17.07196807861328,21.02981185913086,23.730772018432617,8.007830840128008,6.658803939819336,1.0
43,25,1,496,21.899999618530277,20.27688407897949,23.74831771850586,27.864267349243164,3.4162797986973468,7.587383270263675,1.0
43,25,2,497,25.5,21.998062133789062,25.346248626708984,29.699817657470703,0.023639484788873233,7.701755523681641,1.0
43,25,3,498,26.899999618530277,22.718292236328125,25.882673263549805,30.018856048583984,1.034952912537854,7.300563812255859,1.0
43,25,4,499,25.200000762939453,20.53671264648437,23.619783401489254,27.241212844848636,2.4970869094286283,6.704500198364265,1.0
43,25,5,500,19.899999618530277,19.78885269165039,22.751537322998047,26.85600471496582,8.13126728000132,7.06715202331543,1.0
43,26,1,496,22.600000381469727,21.43169403076172,24.46993064880371,27.72050094604492,3.4966392046917463,6.2888069152832,1.0
43,26,2,497,23.799999237060547,23.222713470458984,26.26540946960449,28.728893280029297,6.078247614732373,5.5061798095703125,1.0
43,26,3,498,25.0,24.041540145874023,27.30579376220703,30.34951400756836,5.316684873832855,6.307973861694336,1.0
43,26,4,499,26.100000381469727,22.124311447143555,25.03473281860352,27.789108276367188,1.1347949804949091,5.664796829223633,1.0
43,26,5,500,19.100000381469727,18.77608108520508,22.279556274414062,25.030670166015625,10.109575676357053,6.254589080810543,1.0
43,27,1,496,22.100000381469727,19.936147689819336,24.28420639038086,27.8576602935791,4.7707558893635,7.921512603759766,1.0
43,27,2,497,25.5,20.961748123168945,25.600675582885746,27.95183563232422,0.01013557298938466,6.990087509155273,1.0
43,27,3,498,27.100000381469727,19.985036849975582,24.34018898010254,26.497941970825195,7.616558971116319,6.512905120849613,0.0
43,27,4,499,25.899999618530277,18.67095375061035,23.055078506469727,25.60452079772949,8.093576133847838,6.933567047119137,0.0
43,27,5,500,20.200000762939453,18.55455017089844,23.026531219482425,25.058650970458984,7.989274421765024,6.504100799560543,1.0
43,28,1,496,22.200000762939453,21.11341667175293,25.379268646240234,29.54132652282715,10.10774427378783,8.427909851074219,1.0
43,28,2,497,25.600000381469727,21.870132446289062,25.68919944763184,30.080352783203125,0.007956473404192999,8.210220336914062,1.0
43,28,3,498,26.799999237060547,22.201873779296875,25.65638732910156,29.38082695007324,1.3078481960255968,7.178953170776364,1.0
43,28,4,499,25.899999618530277,21.187732696533203,24.3726863861084,27.63302993774414,2.332685709930967,6.4452972412109375,1.0
43,28,5,500,22.799999237060547,19.42276382446289,23.25446510314941,26.356565475463867,0.20653922343990094,6.933801651000977,1.0
43,29,1,496,22.700000762939453,21.139551162719727,24.905527114868164,27.976974487304688,4.864346489051968,6.837423324584961,1.0
43,29,2,497,24.799999237060547,22.20030212402344,25.734851837158203,29.349687576293945,0.8739493839093484,7.149385452270504,1.0
43,29,3,498,26.5,22.29353904724121,25.419343948364254,29.018295288085938,1.1678175019369597,6.724756240844727,1.0
43,29,4,499,25.100000381469727,21.30447006225586,24.48096466064453,26.899282455444336,0.38320522365756915,5.594812393188477,1.0
43,29,5,500,21.100000381469727,19.518089294433597,23.122655868530277,25.804506301879883,4.091135219336152,6.2864170074462855,1.0
43,30,1,496,21.799999237060547,22.24676513671875,24.30946159362793,27.601465225219727,6.297401319028722,5.354700088500977,0.0
43,30,2,497,21.100000381469727,22.465940475463867,24.734750747680664,27.722299575805664,13.211410224670544,5.256359100341797,0.0
43,30,3,498,23.5,22.895294189453125,24.624414443969727,27.509275436401367,1.2643078418077494,4.613981246948242,1.0
43,30,4,499,22.299999237060547,22.299400329589844,24.677637100219727,27.26429748535156,5.65316180832815,4.964897155761715,1.0
43,30,5,500,22.200000762939453,22.71893119812012,24.930404663085938,27.461406707763672,7.455105457935133,4.742475509643551,0.0
43,31,1,496,21.5,22.281055450439453,25.52402114868164,28.034149169921875,16.19274620503711,5.753093719482422,0.0
43,31,2,497,23.299999237060547,23.80906105041504,26.807218551635746,29.9960994720459,12.300587320529328,6.187038421630859,0.0
43,31,3,498,23.899999618530277,24.261962890625,27.2429256439209,30.453777313232425,11.175154411233938,6.191814422607425,0.0
43,31,4,499,23.899999618530277,22.543598175048828,25.14042854309082,28.15188217163086,1.538663916886426,5.608283996582031,1.0
43,31,5,500,21.600000381469727,21.209415435791016,23.58609390258789,26.810789108276367,3.944567474627547,5.601373672485352,1.0
43,32,1,496,24.0,19.977901458740234,24.09395408630371,27.709806442260746,0.008827370333165163,7.731904983520511,1.0
43,32,2,497,24.799999237060547,21.602195739746094,25.589862823486328,29.15554618835449,0.6238844851613976,7.553350448608395,1.0
43,32,3,498,23.5,20.83390235900879,24.51011085510254,28.900279998779297,1.0203239395959827,8.066377639770508,1.0
43,32,4,499,23.700000762939453,20.23202133178711,23.950050354003903,27.7684268951416,0.06252479799149846,7.536405563354492,1.0
43,32,5,500,22.0,19.15044212341309,23.069454193115234,26.1800479888916,1.143732271171757,7.029605865478512,1.0
43,33,1,496,22.100000381469727,21.39234161376953,24.769996643066406,28.150115966796875,7.128880036940245,6.757774353027344,1.0
43,33,2,497,21.600000381469727,21.311111450195312,25.365896224975582,28.524194717407227,14.181971504134681,7.213083267211914,1.0
43,33,3,498,23.0,22.172990798950195,25.57456398010254,28.89727020263672,6.628379687641427,6.724279403686523,1.0
43,33,4,499,21.899999618530277,21.16071128845215,25.02619171142578,28.55278587341309,9.773077001682372,7.392074584960941,1.0
43,33,5,500,20.5,20.96799659729004,24.713520050048828,28.16931533813477,17.75375121216348,7.20131874084473,0.0
43,34,1,496,18.200000762939453,20.82894515991211,23.696237564086918,26.76212882995605,30.208618974287713,5.933183670043942,0.0
43,34,2,497,18.399999618530277,22.733530044555664,25.524206161499023,28.214996337890625,50.7543188668787,5.481466293334961,0.0
43,34,3,498,18.299999237060547,23.099092483520508,25.481853485107425,27.813411712646484,51.579030440188994,4.714319229125977,0.0
43,34,4,499,18.299999237060547,22.42879676818848,24.575395584106445,27.067615509033203,39.380599312517006,4.638818740844723,0.0
43,34,5,500,18.899999618530277,21.53169822692871,23.988306045532227,26.06779289245605,25.890862295069347,4.53609466552734,0.0
43,35,1,496,21.899999618530277,22.049022674560547,25.11850929260254,27.865684509277344,10.358804522096738,5.816661834716797,0.0
43,35,2,497,22.600000381469727,23.24085807800293,26.63484764099121,29.33504295349121,16.279992407668033,6.094184875488281,0.0
43,35,3,498,21.799999237060547,23.02527618408203,26.189987182617188,28.58889579772949,19.271994162132614,5.563619613647457,0.0
43,35,4,499,21.600000381469727,21.135501861572266,24.12016868591309,26.289249420166016,6.351248282720935,5.15374755859375,1.0
43,35,5,500,21.299999237060547,20.57823371887207,22.917701721191406,25.952302932739254,2.6169613271631533,5.374069213867184,1.0
43,36,1,496,22.700000762939453,21.71868133544922,25.456653594970703,27.220726013183597,7.599134836345911,5.5020446777343786,1.0
43,36,2,497,22.600000381469727,23.128093719482425,25.549789428710938,27.62433815002441,8.701255423224211,4.496244430541985,0.0
43,36,3,498,23.0,22.14892196655273,24.80492401123047,27.546358108520508,3.2577506863162853,5.397436141967777,1.0
43,36,4,499,21.799999237060547,21.470502853393555,24.06551551818848,26.533559799194336,5.1325640200557405,5.063056945800781,1.0
43,36,5,500,20.799999237060547,20.91445541381836,24.08843231201172,26.57186889648437,10.81379208843282,5.657413482666012,0.0
43,37,1,496,23.899999618530277,20.09749984741211,24.621353149414062,27.685396194458008,0.5203509165185045,7.587896347045898,1.0
43,37,2,497,23.899999618530277,21.503328323364254,24.86481475830078,27.669227600097656,0.9308682539303776,6.165899276733402,1.0
43,37,3,498,24.399999618530277,21.745269775390625,24.814910888671875,28.08983421325684,0.17215136209051413,6.3445644378662145,1.0
43,37,4,499,24.100000381469727,21.69695281982422,24.39617729187012,28.08143615722656,0.08772076225432313,6.38448333740234,1.0
43,37,5,500,21.899999618530277,20.65534782409668,24.008983612060547,27.00700569152832,4.447813484966885,6.351657867431641,1.0
43,38,1,496,2.700000047683716,1.7406082153320312,6.098562240600586,10.32768440246582,11.550224979123925,8.587076187133789,1.0
43,38,2,497,7.199999809265137,3.251615524291992,8.160640716552734,13.03677749633789,0.9228309527543388,9.785161972045898,1.0
43,38,3,498,11.5,5.570476531982422,10.630363464355469,14.971128463745115,0.7562677041278221,9.400651931762694,1.0
43,38,4,499,13.699999809265137,6.866640090942383,12.174986839294434,16.42628288269043,2.3256645585788647,9.559642791748047,1.0
43,38,5,500,10.899999618530272,5.787109375,10.799493789672852,15.034671783447266,0.010101421634317018,9.247562408447266,1.0
43,39,1,496,5.400000095367432,2.307373046875,7.550399780273437,10.593356132507324,4.624218804843846,8.285983085632324,1.0
43,39,2,497,9.300000190734863,4.19434928894043,9.564220428466797,13.326376914978027,0.0698123340271195,9.132027626037598,1.0
43,39,3,498,11.199999809265137,3.882402420043945,8.745466232299805,14.049827575683594,6.0247350804502275,10.167425155639648,1.0
43,39,4,499,12.199999809265137,3.977724075317383,9.096685409545898,14.206568717956545,9.630560263504776,10.228844642639162,1.0
43,39,5,500,7.900000095367432,2.12441635131836,8.619165420532227,11.557790756225586,0.5171987649193852,9.433374404907227,1.0
43,40,1,496,22.0,20.51362419128418,24.288938522338867,28.318403244018555,5.239239559046837,7.804779052734375,1.0
43,40,2,497,23.899999618530277,22.76036071777344,26.58028030395508,30.037527084350582,7.183904552661261,7.277166366577141,1.0
43,40,3,498,26.299999237060547,22.67599105834961,26.511823654174805,30.49410057067871,0.04486958368579508,7.818109512329102,1.0
43,40,4,499,25.899999618530277,21.220827102661133,25.2924919128418,28.599750518798828,0.36906561247087666,7.378923416137695,1.0
43,40,5,500,23.399999618530277,19.073583602905277,23.1721134185791,26.680686950683597,0.051932120128187105,7.60710334777832,1.0
43,41,1,496,20.200000762939453,20.60114288330078,24.576385498046875,29.305519104003903,19.15274334968126,8.704376220703121,0.0
43,41,2,497,24.5,22.731904983520508,26.813621520996094,30.94162940979004,5.352844542416278,8.209724426269531,1.0
43,41,3,498,24.100000381469727,23.020660400390625,26.70442008972168,31.51228904724121,6.783002016731189,8.491628646850586,1.0
43,41,4,499,22.5,21.898643493652344,24.33274269104004,29.937959671020508,3.358945771560684,8.039316177368164,1.0
43,41,5,500,20.399999618530277,20.645692825317383,23.59259986877441,28.43587684631348,10.192696357858903,7.790184020996097,0.0
43,42,1,496,22.5,22.30107688903809,25.37352561950684,30.83412170410156,8.257149485962165,8.53304481506347,1.0
43,42,2,497,28.899999618530277,25.072729110717773,28.51936912536621,33.82696533203125,0.14487957232632012,8.754236221313477,1.0
43,42,3,498,28.600000381469727,25.969707489013672,29.224016189575195,33.943233489990234,0.3893957287655212,7.9735260009765625,1.0
43,42,4,499,24.899999618530277,23.68947029113769,26.76845359802246,31.08945655822754,3.4911202734801785,7.399986267089847,1.0
43,42,5,500,23.600000381469727,21.341842651367188,24.533485412597656,29.147560119628903,0.8713943033399119,7.805717468261715,1.0
43,43,1,496,16.799999237060547,15.004037857055664,18.62018585205078,22.566774368286133,3.3130793133896077,7.562736511230469,1.0
43,43,2,497,18.799999237060547,14.770665168762209,18.982295989990234,23.569494247436523,0.03323210612870753,8.798829078674315,1.0
43,43,3,498,19.700000762939453,14.07909107208252,18.3431396484375,22.233552932739254,1.8410720840474823,8.154461860656735,1.0
43,43,4,499,20.299999237060547,12.334650039672852,17.070510864257812,20.418270111083984,10.429595150068053,8.083620071411133,1.0
43,43,5,500,17.799999237060547,12.381769180297852,16.500802993774414,20.51981735229492,1.6879108785688004,8.138048171997067,1.0
43,44,1,496,19.200000762939453,15.40759563446045,18.86145401000977,23.001501083374023,0.11461390391923247,7.593905448913574,1.0
43,44,2,497,19.899999618530277,17.523117065429688,20.57849502563477,24.9310359954834,0.4603560174618906,7.407918930053711,1.0
43,44,3,498,20.200000762939453,18.14790344238281,21.12848281860352,25.55183982849121,0.8620789276901698,7.403936386108402,1.0
43,44,4,499,19.5,17.687381744384766,21.166173934936523,24.598114013671875,2.7761355814618582,6.910732269287109,1.0
43,44,5,500,19.0,17.946048736572266,21.09162330627441,24.453458786010746,4.374888055350296,6.50741004943848,1.0
43,45,1,496,21.0,21.94679069519043,25.01177978515625,29.63358688354492,16.094377044588327,7.686796188354489,0.0
43,45,2,497,22.399999618530277,22.86138153076172,26.457195281982425,29.846200942993164,16.46083665153492,6.984819412231445,0.0
43,45,3,498,21.399999618530277,21.877769470214844,25.66538429260254,29.032442092895508,18.193506417810536,7.154672622680664,0.0
43,45,4,499,20.399999618530277,19.959436416625977,22.17074584960937,26.52669906616211,3.1355422148808176,6.567262649536133,1.0
43,45,5,500,19.799999237060547,19.038578033447266,21.30645751953125,25.664493560791016,2.2694165568245808,6.62591552734375,1.0
43,46,1,496,21.5,20.17083168029785,24.39379119873047,28.663698196411133,8.374027501849923,8.492866516113281,1.0
43,46,2,497,22.399999618530277,21.74334716796875,25.21079444885254,30.048917770385746,7.9005675781663545,8.305570602416996,1.0
43,46,3,498,22.100000381469727,20.44106674194336,24.398778915405277,29.011749267578125,5.284382748082878,8.570682525634766,1.0
43,46,4,499,20.700000762939453,20.42096900939941,23.83420181274414,28.37188720703125,9.823216220596805,7.9509181976318395,1.0
43,46,5,500,20.600000381469727,20.24984359741211,24.072969436645508,28.6981143951416,12.061514058208559,8.448270797729492,1.0
43,47,1,496,21.5,23.291364669799805,26.174116134643555,28.96145248413086,21.847361640135205,5.670087814331055,0.0
43,47,2,497,23.100000381469727,23.05296897888184,26.33309555053711,29.18702507019043,10.452904372246849,6.13405609130859,1.0
43,47,3,498,23.600000381469727,22.438709259033203,25.12477302551269,28.13035774230957,2.3249316160217752,5.691648483276367,1.0
43,47,4,499,22.100000381469727,20.75822257995605,22.73817253112793,25.60323715209961,0.407263692599372,4.845014572143558,1.0
43,47,5,500,21.100000381469727,20.142732620239254,22.262819290161133,25.161361694335938,1.352147814410273,5.018629074096683,1.0
43,48,1,496,22.299999237060547,21.346630096435547,24.16887855529785,25.938447952270508,3.4927099061351328,4.591817855834961,1.0
43,48,2,497,23.100000381469727,21.95124053955078,24.067768096923828,26.123950958251957,0.9365743510752509,4.172710418701175,1.0
43,48,3,498,23.5,21.125150680541992,23.68121910095215,25.345909118652344,0.03284036254990497,4.220758438110352,1.0
43,48,4,499,22.200000762939453,20.4996337890625,22.98366355895996,24.709135055541992,0.61412737786668,4.209501266479492,1.0
43,48,5,500,21.200000762939453,20.194747924804688,22.707294464111328,24.356395721435547,2.2719343015924096,4.161647796630859,1.0
43,49,1,496,20.5,20.43940544128418,23.52720069885254,28.989503860473636,9.163944071133301,8.550098419189457,1.0
43,49,2,497,20.899999618530277,21.91796875,24.46940040588379,29.79022789001465,12.740621980759872,7.872259140014648,0.0
43,49,3,498,21.0,20.45190048217773,23.804584503173828,28.32487297058105,7.865694235442788,7.87297248840332,1.0
43,49,4,499,20.600000381469727,19.884258270263672,22.816186904907227,26.7362060546875,4.911482706665993,6.851947784423828,1.0
43,49,5,500,19.899999618530277,19.003868103027344,22.174434661865234,26.375782012939453,5.17305476635009,7.371913909912109,1.0
43,50,1,496,21.5,20.037782669067383,23.88225555419922,26.674304962158203,5.675141525513027,6.63652229309082,1.0
43,50,2,497,24.299999237060547,21.169225692749023,25.49498176574707,28.31292533874512,1.4279832438660378,7.143699645996097,1.0
43,50,3,498,26.100000381469727,20.50117874145508,24.31074333190918,27.11239051818848,3.2014407894021133,6.611211776733398,1.0
43,50,4,499,25.0,18.830690383911133,22.517751693725582,25.716928482055664,6.161556654002215,6.886238098144531,1.0
43,50,5,500,22.399999618530277,19.023941040039062,22.68830680847168,26.22732925415039,0.08312103577190805,7.203388214111328,1.0
43,51,1,496,22.700000762939453,20.747238159179688,24.01665687561035,28.823923110961918,1.7335833190336416,8.07668495178223,1.0
43,51,2,497,25.200000762939453,21.614070892333984,24.31169319152832,29.3255672454834,0.7890903414263448,7.711496353149414,1.0
43,51,3,498,27.600000381469727,21.650991439819336,24.708799362182617,30.16022682189941,8.35904333392682,8.509235382080075,1.0
43,51,4,499,26.299999237060547,20.8093376159668,23.609355926513672,29.838178634643555,7.239561424590647,9.028841018676754,1.0
43,51,5,500,24.799999237060547,19.07738494873047,22.71163749694824,26.6810245513916,4.361254757564908,7.603639602661133,1.0
43,52,1,496,22.799999237060547,20.86644744873047,24.478090286254883,27.60147476196289,2.815989569386147,6.735027313232422,1.0
43,52,2,497,25.299999237060547,22.82049560546875,25.810626983642575,29.31787872314453,0.2607406955794395,6.497383117675781,1.0
43,52,3,498,24.700000762939453,23.24004173278809,27.00815773010254,30.45834350585937,5.327588585063495,7.218301773071282,1.0
43,52,4,499,25.799999237060547,22.8866024017334,26.579980850219727,30.35930824279785,0.6083713168663962,7.472705841064453,1.0
43,52,5,500,23.299999237060547,21.906532287597656,25.90041160583496,29.0389347076416,6.762144487674959,7.132402420043945,1.0
43,53,1,496,23.0,20.2218017578125,23.642297744750977,26.81513786315918,0.41254639291219064,6.59333610534668,1.0
43,53,2,497,26.799999237060547,20.755029678344727,24.455060958862305,27.65802383422852,5.498735528559337,6.902994155883793,1.0
43,53,3,498,27.700000762939453,21.009052276611328,25.0211124420166,28.1400203704834,7.176442635976855,7.13096809387207,1.0
43,53,4,499,26.799999237060547,21.79930877685547,25.550426483154297,29.69223976135254,1.5614320673048496,7.89293098449707,1.0
43,53,5,500,24.899999618530277,21.37415313720703,24.568269729614254,28.82745933532715,0.11004471920023678,7.453306198120117,1.0
43,54,1,496,31.799999237060547,28.80126571655273,32.731563568115234,36.94034576416016,0.8678121028933674,8.139080047607433,1.0
43,54,2,497,35.20000076293945,29.87108612060547,32.53766250610352,36.695411682128906,7.08804499381218,6.8243255615234375,1.0
43,54,3,498,35.900001525878906,28.225116729736328,31.16448783874512,35.039241790771484,22.425089881031422,6.814125061035156,0.0
43,54,4,499,34.599998474121094,25.613910675048828,28.601730346679688,31.942575454711918,35.979220528679434,6.3286647796630895,0.0
43,54,5,500,28.5,24.02243995666504,27.31523704528809,30.518800735473636,1.4036632588576965,6.496360778808597,1.0
43,55,1,496,25.100000381469727,20.58703994750977,24.405912399291992,28.210248947143555,0.4817581270035589,7.6232089996337855,1.0
43,55,2,497,26.899999618530277,20.428749084472656,25.213632583618164,29.80496597290039,2.8438337764382715,9.376216888427734,1.0
43,55,3,498,29.299999237060547,21.616832733154297,24.8795166015625,30.570804595947266,19.54066673073976,8.953971862792969,1.0
43,55,4,499,28.600000381469727,21.71274948120117,24.77613067626953,30.18009376525879,14.621979522347829,8.46734428405762,1.0
43,55,5,500,25.399999618530277,20.00460433959961,24.19660758972168,28.01537322998047,1.448152375000072,8.01076889038086,1.0
43,56,1,496,25.399999618530277,19.98151397705078,23.3154239654541,28.05208778381348,4.345455653397964,8.070573806762699,1.0
43,56,2,497,30.399999618530277,23.16191673278809,26.833253860473636,31.8195743560791,12.72167530261504,8.657657623291012,1.0
43,56,3,498,30.200000762939453,26.240840911865234,29.78191947937012,33.7236328125,0.17479195967098052,7.482791900634766,1.0
43,56,4,499,29.100000381469727,26.491455078125,29.61483764648437,33.47194290161133,0.2650574094477597,6.980487823486328,1.0
43,56,5,500,25.600000381469727,24.428037643432617,27.511737823486328,31.14710998535156,3.654740047208179,6.719072341918942,1.0
43,57,1,496,25.5,15.694003105163574,24.4617919921875,28.99197769165039,1.077875867486,13.297974586486816,1.0
43,57,2,497,32.099998474121094,19.124242782592773,27.099767684936523,32.64390182495117,25.00230794510935,13.519659042358398,1.0
43,57,3,498,31.899999618530277,20.267314910888672,28.19226455688477,33.35265350341797,13.747299287355418,13.085338592529297,1.0
43,57,4,499,31.799999237060547,19.26834487915039,27.12649154663086,32.4255256652832,21.84167413250543,13.157180786132812,1.0
43,57,5,500,26.899999618530277,16.82857894897461,25.31971549987793,30.4863395690918,2.497297895664826,13.657760620117191,1.0
43,58,1,496,24.399999618530277,16.204364776611328,25.543123245239254,30.86666679382324,1.3067316259402852,14.66230201721191,1.0
43,58,2,497,26.600000381469727,20.581127166748047,30.07626724243164,35.17822265625,12.084431288622,14.597095489501953,1.0
43,58,3,498,25.5,22.964038848876957,32.43302917480469,36.97216033935547,48.066893538692966,14.008121490478512,1.0
43,58,4,499,25.700000762939453,20.419097900390625,30.1971435546875,34.87939453125,20.224293289371417,14.460296630859375,1.0
43,58,5,500,22.0,18.21020126342773,27.45137596130371,31.86263656616211,29.71749987147996,13.652435302734379,1.0
43,59,1,496,30.200000762939453,18.24401092529297,28.382518768310547,33.31584167480469,3.3032408008002676,15.071830749511719,1.0
43,59,2,497,34.29999923706055,22.46832275390625,32.590476989746094,38.04385757446289,2.9224663140630582,15.57553482055664,1.0
43,59,3,498,34.79999923706055,22.778844833374023,32.89014434814453,38.13680267333984,3.6475456967164064,15.357957839965813,1.0
43,59,4,499,31.700000762939453,20.56684875488281,30.708282470703125,36.179161071777344,0.9835051711561391,15.612312316894535,1.0
43,59,5,500,28.799999237060547,18.11031150817871,28.250919342041016,33.225372314453125,0.30148873111465946,15.115060806274414,1.0
43,60,1,496,31.100000381469727,20.21215438842773,29.603334426879883,34.72346878051758,2.2400089796283282,14.511314392089847,1.0
43,60,2,497,34.599998474121094,23.728422164916992,33.09089279174805,38.26568603515625,2.2773999605706194,14.537263870239258,1.0
43,60,3,498,37.09999847412109,25.250865936279297,34.60871124267578,39.83586502075195,6.2065120695624145,14.584999084472656,1.0
43,60,4,499,35.599998474121094,23.650728225708008,32.92702102661133,37.75776672363281,7.144808434895822,14.107038497924805,1.0
43,60,5,500,31.299999237060547,22.470836639404297,31.760639190673828,36.26810836791992,0.2121891668648459,13.797271728515625,1.0
43,61,1,496,31.200000762939453,22.76098251342773,31.361263275146484,35.36619567871094,0.026005597843322903,12.605213165283207,1.0
43,61,2,497,34.5,25.11897850036621,34.4125862121582,37.731971740722656,0.007641170304850675,12.612993240356445,1.0
43,61,3,498,35.79999923706055,25.70943069458008,34.968238830566406,38.44336700439453,0.691825373811298,12.73393630981445,1.0
43,61,4,499,34.400001525878906,24.09114646911621,32.1010627746582,36.04628372192383,5.285119381864206,11.955137252807617,1.0
43,61,5,500,30.399999618530277,22.46004295349121,30.551925659179688,34.022029876708984,0.023081521827406335,11.561986923217773,1.0
43,62,1,496,29.899999618530277,21.431638717651367,30.787033081054688,35.555843353271484,0.7868283636380448,14.124204635620117,1.0
43,62,2,497,34.0,23.529191970825195,32.57222366333008,37.05899810791016,2.038545267554582,13.529806137084968,1.0
43,62,3,498,35.20000076293945,22.05242156982422,31.41448783874512,36.33662414550781,14.330108099242326,14.284202575683594,1.0
43,62,4,499,26.200000762939453,20.505661010742188,29.53075408935547,34.353538513183594,11.093917721431353,13.847877502441406,1.0
43,62,5,500,26.299999237060547,20.19198989868164,29.329837799072266,33.413970947265625,9.17992171185324,13.221981048583984,1.0
43,63,1,496,22.100000381469727,20.240497589111328,24.1228084564209,26.958223342895508,4.091752508087666,6.71772575378418,1.0
43,63,2,497,24.700000762939453,24.291465759277344,27.38286590576172,30.49604606628418,7.197765374570736,6.204580307006836,1.0
43,63,3,498,27.700000762939453,23.836206436157227,27.808652877807617,31.73622703552246,0.011805282065324718,7.900020599365234,1.0
43,63,4,499,27.100000381469727,21.736358642578125,25.303834915161133,29.899778366088867,3.226210382359568,8.163419723510742,1.0
43,63,5,500,23.700000762939453,19.847393035888672,23.31626510620117,27.07135581970215,0.14725305425236274,7.223962783813477,1.0
43,64,1,496,28.700000762939453,23.303585052490234,26.96722412109375,31.011144638061523,3.002514890526072,7.707559585571289,1.0
43,64,2,497,32.79999923706055,27.1933708190918,31.19988250732422,35.37238693237305,2.5603735487820813,8.179016113281246,1.0
43,64,3,498,34.79999923706055,29.6459903717041,33.623573303222656,37.6338119506836,1.383977977806353,7.987821578979499,1.0
43,64,4,499,34.70000076293945,27.698780059814453,32.09133529663086,35.881629943847656,6.805135515111033,8.182849884033203,1.0
43,64,5,500,30.5,25.064971923828125,29.68174171447754,33.1543083190918,0.6695466218261572,8.089336395263672,1.0
43,65,1,496,28.200000762939453,25.29974174499512,30.30840301513672,34.60335922241211,4.445360057070502,9.303617477416989,1.0
43,65,2,497,33.400001525878906,29.769115447998047,34.29313278198242,38.74956893920898,0.7976834406290436,8.98045349121093,1.0
43,65,3,498,32.099998474121094,31.37880516052246,35.279327392578125,39.29232025146485,10.108132371737156,7.91351509094239,1.0
43,65,4,499,31.5,27.924007415771484,31.85047149658203,35.49342346191406,0.12283026991644874,7.569416046142578,1.0
43,65,5,500,28.100000381469727,24.1213493347168,28.523906707763672,31.6975154876709,0.17969657347202883,7.576166152954098,1.0
43,66,1,496,26.899999618530277,23.483577728271484,26.1932373046875,27.434785842895508,0.499512968268396,3.9512081146240234,1.0
43,66,2,497,27.200000762939453,23.78764915466309,27.31793975830078,28.307092666625977,0.013909606626839377,4.519443511962887,1.0
43,66,3,498,26.399999618530277,24.236652374267575,26.754024505615234,27.78056907653809,0.12533362067551682,3.543916702270515,1.0
43,66,4,499,24.100000381469727,22.81232643127441,25.134780883789062,26.47284698486328,1.0707706879802572,3.6605205535888707,1.0
43,66,5,500,22.600000381469727,22.83937644958496,25.070653915405277,26.475038528442383,6.104128884748224,3.635662078857422,0.0
43,67,1,496,28.899999618530277,24.08031463623047,26.77689743041992,30.001319885253903,4.507562901158993,5.921005249023434,1.0
43,67,2,497,32.29999923706055,24.751882553100582,27.172388076782227,30.00363540649414,26.292396211010782,5.251752853393558,0.0
43,67,3,498,31.299999237060547,24.7178897857666,27.058351516723636,29.55554962158203,17.99157538343931,4.83765983581543,0.0
43,67,4,499,26.399999618530277,23.65872001647949,25.7263126373291,28.36837577819824,0.4538541486399529,4.70965576171875,1.0
43,67,5,500,24.700000762939453,22.67168235778809,24.976150512695312,27.999919891357425,0.07625868429022375,5.328237533569336,1.0
43,68,1,496,29.5,23.818986892700195,26.161659240722656,28.714635848999023,11.144519025052432,4.895648956298828,0.0
43,68,2,497,31.799999237060547,23.815763473510746,25.9761962890625,28.990222930908203,33.91668077711074,5.174459457397457,0.0
43,68,3,498,31.600000381469727,24.432767868041992,26.44940185546875,29.39602279663086,26.528665176043432,4.963254928588867,0.0
43,68,4,499,26.399999618530277,23.419084548950195,25.198463439941406,27.998619079589844,1.4436891884579466,4.579534530639648,1.0
43,68,5,500,24.299999237060547,22.830219268798828,24.750871658325195,27.73217391967773,0.2032859402570466,4.901954650878903,1.0
43,69,1,496,30.5,24.94425201416016,27.41364097595215,30.61993789672852,9.525612025321607,5.675685882568359,1.0
43,69,2,497,33.599998474121094,25.286775588989254,27.647924423217773,30.184829711914062,35.42718550743666,4.898054122924808,0.0
43,69,3,498,35.099998474121094,24.118356704711918,26.35936546325684,29.393144607543945,76.39866543060992,5.274787902832028,0.0
43,69,4,499,33.20000076293945,23.674728393554688,25.491195678710938,28.43978309631348,59.42567582662741,4.765054702758793,0.0
43,69,5,500,29.0,22.26344490051269,24.63994407653809,27.231374740600582,19.010087655715292,4.967929840087891,0.0
43,70,1,496,31.0,25.68124008178711,27.736122131347656,30.91155433654785,10.652898741478566,5.230314254760742,0.0
43,70,2,497,33.900001525878906,25.93313217163086,27.78289031982422,30.025428771972656,37.41904950723983,4.092296600341797,0.0
43,70,3,498,34.599998474121094,26.04103660583496,28.081958770751957,30.82839012145996,42.484841574696425,4.787353515625,0.0
43,70,4,499,33.20000076293945,24.55738067626953,26.59682846069336,29.68155860900879,43.60188445314998,5.124177932739258,0.0
43,70,5,500,28.899999618530277,24.0328426361084,26.01538848876953,29.284252166748047,8.320981369939567,5.251409530639648,1.0
43,71,1,496,31.200000762939453,26.36256980895996,29.094877243041992,32.199893951416016,4.431545034025476,5.837324142456055,1.0
43,71,2,497,33.900001525878906,26.897544860839844,29.52040672302246,32.483585357666016,19.180850637207186,5.586040496826172,0.0
43,71,3,498,35.099998474121094,25.694297790527344,27.91031646728516,30.874977111816406,51.691527359420384,5.1806793212890625,0.0
43,71,4,499,33.400001525878906,23.959901809692383,26.201446533203125,28.872821807861328,51.81919398257742,4.912919998168945,0.0
43,71,5,500,29.600000381469727,23.16286277770996,25.389841079711918,28.108976364135746,17.725441346177803,4.946113586425785,0.0
43,72,1,496,30.600000381469727,27.31159210205078,29.45747375488281,32.18801498413086,1.305367092460082,4.876422882080078,1.0
43,72,2,497,34.5,28.21415901184082,30.67476272583008,32.58990478515625,14.632440203698907,4.37574577331543,0.0
43,72,3,498,34.5,27.36818122863769,29.34844398498535,31.62574958801269,26.538529375833605,4.257568359375,0.0
43,72,4,499,30.5,25.35300636291504,27.46786499023437,29.897911071777344,9.193842717446408,4.544904708862305,0.0
43,72,5,500,27.600000381469727,24.896881103515625,26.830812454223636,29.13481903076172,0.5916500674211366,4.237937927246094,1.0
43,73,1,496,31.100000381469727,27.43912696838379,29.901447296142575,33.36612701416016,1.4365294983472352,5.927000045776374,1.0
43,73,2,497,34.599998474121094,29.86866569519043,32.389312744140625,35.89225769042969,4.887131396739278,6.023591995239258,1.0
43,73,3,498,36.0,29.60261344909668,32.15591812133789,35.407772064208984,14.776965489858412,5.805158615112305,0.0
43,73,4,499,34.29999923706055,27.99419593811035,30.58036994934082,33.72110748291016,13.83564203806236,5.726911544799812,0.0
43,73,5,500,30.0,25.297861099243164,27.54631233215332,30.1081657409668,6.020583171342878,4.810304641723636,1.0
43,74,1,496,29.700000762939453,25.816707611083984,29.024093627929688,31.79727554321289,0.45685045515710954,5.980567932128906,1.0
43,74,2,497,32.70000076293945,27.932781219482425,30.75895881652832,33.08266067504883,3.767643837727519,5.149879455566403,1.0
43,74,3,498,34.0,28.11298179626465,30.99684715270996,33.26918411254883,9.018927024186269,5.15620231628418,0.0
43,74,4,499,30.399999618530277,26.903289794921875,30.019681930541992,31.683185577392575,0.14464154379675434,4.7798957824707,1.0
43,74,5,500,28.100000381469727,24.959238052368164,27.79292297363281,30.184101104736328,0.09429653440384063,5.224863052368164,1.0
43,75,1,496,31.299999237060547,29.16731071472168,31.272104263305664,34.192440032958984,0.0007781295607856009,5.025129318237305,1.0
43,75,2,497,34.70000076293945,31.514375686645508,33.21165466308594,35.857521057128906,2.215174112949171,4.343145370483398,1.0
43,75,3,498,35.20000076293945,30.423311233520508,32.4862060546875,35.41643142700195,7.364681718536303,4.993120193481445,1.0
43,75,4,499,34.79999923706055,28.25983238220215,30.27384376525879,32.80867004394531,20.486083354920993,4.548837661743164,0.0
43,75,5,500,30.5,26.639862060546875,28.575578689575195,31.168760299682617,3.7033973800171225,4.528898239135742,1.0
43,76,1,496,30.600000381469727,27.49424362182617,29.941574096679688,32.77228927612305,0.4335251725024136,5.2780456542968786,1.0
43,76,2,497,33.099998474121094,28.130443572998047,31.32362174987793,34.61003112792969,3.155514266432874,6.479587554931641,1.0
43,76,3,498,34.400001525878906,28.479511260986328,31.20984649658203,34.59661865234375,10.177089110948145,6.117107391357422,1.0
43,76,4,499,31.700000762939453,27.41693687438965,29.52829360961914,33.33251190185547,4.716311959782615,5.91557502746582,1.0
43,76,5,500,29.600000381469727,25.16315650939941,27.52587890625,30.630374908447266,4.301979893967655,5.467218399047855,1.0
43,77,1,496,30.899999618530277,27.44049835205078,30.68045997619629,35.42799758911133,0.048197654556135346,7.987499237060547,1.0
43,77,2,497,33.400001525878906,29.60161781311035,33.67084884643555,36.65812301635742,0.07335827105271164,7.05650520324707,1.0
43,77,3,498,34.79999923706055,29.070701599121094,33.1835823059082,36.69465637207031,2.612803695315961,7.623954772949219,1.0
43,77,4,499,34.400001525878906,28.00304412841797,31.41681289672852,34.76775360107422,8.899414397092166,6.76470947265625,1.0
43,77,5,500,31.600000381469727,26.16844940185547,30.17827606201172,32.880950927734375,2.0213000405383355,6.712501525878906,1.0
43,78,1,496,30.0,26.90049934387207,30.60835838317871,34.551971435546875,0.3700999223838153,7.651472091674805,1.0
43,78,2,497,33.099998474121094,30.8112735748291,33.988067626953125,37.56540298461914,0.7886668202118017,6.754129409790039,1.0
43,78,3,498,35.400001525878906,31.64888381958008,34.92012023925781,38.01466369628906,0.23028604924911633,6.365779876708981,1.0
43,78,4,499,33.400001525878906,28.572532653808597,31.1053524017334,34.47669219970703,5.265414602941746,5.904159545898434,1.0
43,78,5,500,29.799999237060547,25.07337951660156,27.901287078857425,31.736915588378903,3.6051078597083555,6.663536071777344,1.0
43,79,1,496,31.399999618530277,25.883056640625,29.08476829528809,33.37947082519531,5.3602960801217705,7.4964141845703125,1.0
43,79,2,497,34.0,29.003660202026367,31.919767379760746,36.03580093383789,4.327367754307473,7.032140731811523,1.0
43,79,3,498,34.400001525878906,29.837060928344727,32.81017303466797,36.341346740722656,2.527554631466046,6.50428581237793,1.0
43,79,4,499,31.100000381469727,28.048643112182617,30.782699584960938,34.002052307128906,0.10067979546511197,5.953409194946289,1.0
43,79,5,500,29.100000381469727,25.44619369506836,28.419309616088867,31.636280059814453,0.46333991807478014,6.190086364746094,1.0
43,80,1,496,28.200000762939453,26.279970169067383,28.45834732055664,32.195316314697266,0.06674294383265078,5.915346145629883,1.0
43,80,2,497,30.899999618530277,28.887351989746094,31.4061279296875,34.559364318847656,0.25616586735486274,5.6720123291015625,1.0
43,80,3,498,31.299999237060547,28.13019180297852,30.58353042602539,33.75431442260742,0.5133275571861304,5.624122619628903,1.0
43,80,4,499,28.200000762939453,26.57099914550781,28.92850875854492,32.02899169921875,0.5307238996610925,5.457992553710941,1.0
43,80,5,500,27.399999618530277,25.419330596923828,27.575927734375,30.685020446777344,0.03095070194467428,5.265689849853516,1.0
43,81,1,496,31.200000762939453,27.60155487060547,30.6447868347168,33.21828079223633,0.30826250609242895,5.616725921630859,1.0
43,81,2,497,34.400001525878906,31.689998626708984,34.440181732177734,37.13965606689453,0.0016144489782163873,5.449657440185547,1.0
43,81,3,498,35.900001525878906,30.775590896606445,33.617244720458984,36.69207000732422,5.210978632690967,5.916479110717773,1.0
43,81,4,499,34.70000076293945,27.25985336303711,30.17933654785156,32.875831604003906,20.436404945576246,5.615978240966797,0.0
43,81,5,500,29.100000381469727,24.732860565185547,28.11336326599121,30.64371490478516,0.9734527976397658,5.910854339599613,1.0
43,82,1,496,30.399999618530277,25.7204532623291,28.24642562866211,31.37362098693848,4.637880929836698,5.6531677246093786,1.0
43,82,2,497,33.099998474121094,29.39936828613281,32.26738739013672,35.45246124267578,0.693241217173636,6.053092956542972,1.0
43,82,3,498,34.5,30.72962951660156,33.53302001953125,36.66209411621094,0.9350502826273441,5.9324645996093786,1.0
43,82,4,499,33.400001525878906,28.376712799072266,31.27413749694824,34.42256546020508,4.51929786950133,6.0458526611328125,1.0
43,82,5,500,29.200000762939453,25.723777770996094,29.040454864501957,31.589500427246094,0.02545489370822793,5.86572265625,1.0
43,83,1,496,31.700000762939453,27.28077507019043,31.44472885131836,35.28242874145508,0.0651637488626875,8.001653671264648,1.0
43,83,2,497,35.29999923706055,30.368282318115234,33.881980895996094,38.3095588684082,2.0107760155951837,7.941276550292969,1.0
43,83,3,498,35.900001525878906,30.66358184814453,34.53429412841797,38.20433807373047,1.8651566954795271,7.5407562255859375,1.0
43,83,4,499,35.599998474121094,28.108741760253903,32.352622985839844,35.32697296142578,10.545447561889887,7.2182312011718786,0.0
43,83,5,500,31.5,25.63447380065918,29.87752914428711,32.919586181640625,2.6324116776377195,7.285112380981445,1.0
43,84,1,496,29.799999237060547,27.52203369140625,30.986621856689453,34.46318435668945,1.408073241414968,6.941150665283203,1.0
43,84,2,497,32.79999923706055,31.28643035888672,34.99019241333008,38.07231521606445,4.796946149377618,6.785884857177734,1.0
43,84,3,498,34.599998474121094,30.604122161865234,33.910919189453125,37.55470275878906,0.4748302605585195,6.950580596923828,1.0
43,84,4,499,34.400001525878906,27.97203254699707,31.521150588989254,34.979347229003906,8.287782716830428,7.007314682006836,1.0
43,84,5,500,29.200000762939453,25.677682876586918,29.16997528076172,32.029502868652344,0.0009015295800054446,6.351819992065426,1.0
43,85,1,496,31.200000762939453,27.306182861328125,31.74715232849121,34.44571685791016,0.2993748356857395,7.139533996582038,1.0
43,85,2,497,34.099998474121094,29.862905502319336,33.59897232055664,36.82273483276367,0.25102720655559096,6.959829330444336,1.0
43,85,3,498,34.5,30.99073028564453,34.666847229003906,38.04342269897461,0.027837997826281935,7.052692413330078,1.0
43,85,4,499,34.5,29.362823486328125,32.70383834838867,35.94169235229492,3.226196678719134,6.578868865966797,1.0
43,85,5,500,30.200000762939453,26.641332626342773,30.49786758422852,33.48912811279297,0.08872464322485242,6.847795486450195,1.0
43,86,1,496,28.5,24.36202621459961,27.252309799194336,32.063167572021484,1.5567308371864783,7.701141357421875,1.0
43,86,2,497,29.700000762939453,26.315673828125,29.76498794555664,33.8911247253418,0.004223333904519677,7.575450897216797,1.0
43,86,3,498,30.200000762939453,26.66172981262207,29.46961212158203,33.489158630371094,0.5334675674239406,6.827428817749023,1.0
43,86,4,499,27.100000381469727,24.888330459594727,27.978944778442383,31.85773468017578,0.7725432529696263,6.969404220581055,1.0
43,86,5,500,25.899999618530277,23.428470611572266,26.46270751953125,30.080656051635746,0.31664018184892084,6.65218544006348,1.0
43,87,1,496,29.200000762939453,25.047780990600582,27.789804458618164,31.73577880859375,1.9886536167214217,6.687997817993168,1.0
43,87,2,497,32.5,27.1896915435791,30.069175720214844,33.883480072021484,5.908906679193024,6.693788528442383,1.0
43,87,3,498,31.600000381469727,25.980627059936523,29.32908058166504,33.38819122314453,5.157076737144962,7.407564163208008,1.0
43,87,4,499,29.700000762939453,24.826295852661133,28.815284729003903,31.69925880432129,0.7827224607026501,6.872962951660156,1.0
43,87,5,500,28.799999237060547,23.81711196899414,27.140701293945312,29.91920661926269,2.7532696640264476,6.102094650268551,1.0
43,88,1,496,30.0,26.975622177124023,30.521255493164062,34.30903625488281,0.27170728915371,7.333414077758789,1.0
43,88,2,497,32.5,29.743179321289062,33.37019348144531,37.78180694580078,0.7572366951499134,8.038627624511719,1.0
43,88,3,498,34.79999923706055,30.448711395263672,34.385475158691406,38.90193176269531,0.17183021154778544,8.45322036743164,1.0
43,88,4,499,33.900001525878906,27.34490776062012,31.40160369873047,36.47139358520508,6.241991702700034,9.126485824584957,1.0
43,88,5,500,28.399999618530277,23.707897186279297,27.25765991210937,32.06001663208008,1.3049400048658006,8.352119445800781,1.0
43,89,1,496,27.600000381469727,25.85870933532715,30.01020050048828,34.05081558227539,5.809064613717055,8.192106246948242,1.0
43,89,2,497,32.599998474121094,28.254608154296875,32.87564468383789,36.92614364624024,0.07598083293123636,8.671535491943366,1.0
43,89,3,498,31.799999237060547,30.028661727905277,34.47441101074219,39.1670150756836,7.152478335206979,9.138353347778324,1.0
43,89,4,499,30.5,26.558374404907227,30.08936882019043,35.04315948486328,0.16861796583179967,8.484785079956055,1.0
43,89,5,500,28.399999618530277,23.781293869018555,27.30254364013672,31.450664520263672,1.2044096245117621,7.669370651245117,1.0
43,90,1,496,27.700000762939453,25.303674697875977,29.329179763793945,33.400760650634766,2.6542242168252415,8.097085952758789,1.0
43,90,2,497,28.899999618530277,29.010272979736328,33.36588287353516,36.99418640136719,19.94411324733304,7.983913421630859,0.0
43,90,3,498,32.0,29.6919002532959,33.754024505615234,37.29608917236328,3.0766019662987674,7.604188919067383,1.0
43,90,4,499,31.5,27.53734588623047,30.688098907470703,34.670955657958984,0.6591833840502659,7.133609771728516,1.0
43,90,5,500,27.899999618530277,23.77086067199707,27.52934837341309,31.61511993408203,0.1373823455069214,7.844259262084961,1.0
43,91,1,496,28.600000381469727,26.435932159423828,29.47324562072754,33.53654479980469,0.7625572478864342,7.100612640380859,1.0
43,91,2,497,31.799999237060547,29.182483673095703,32.78818893432617,36.47404479980469,0.9765188777819276,7.291561126708984,1.0
43,91,3,498,33.0,29.947696685791016,33.21342468261719,36.53880310058594,0.045550095150247216,6.591106414794922,1.0
43,91,4,499,31.399999618530277,27.490375518798828,31.11973571777344,34.599464416503906,0.07854785406743758,7.109088897705078,1.0
43,91,5,500,28.700000762939453,24.57823181152344,27.90027236938477,31.456846237182617,0.6395655034575555,6.878614425659176,1.0
43,92,1,496,29.399999618530277,25.475849151611328,28.970050811767575,32.98622131347656,0.18485597643667162,7.510372161865234,1.0
43,92,2,497,31.600000381469727,28.44539833068848,32.04024887084961,35.973731994628906,0.1938187324012688,7.528333663940426,1.0
43,92,3,498,32.79999923706055,29.30828666687012,32.4543342590332,36.86992645263672,0.11948427703464404,7.561639785766598,1.0
43,92,4,499,31.0,27.91424369812012,31.226486206054688,34.74879455566406,0.051296001533046365,6.834550857543942,1.0
43,92,5,500,27.799999237060547,25.343847274780277,28.84040069580078,31.864791870117188,1.0824351953488076,6.5209445953369105,1.0
43,93,1,496,28.5,26.03379249572754,29.62174415588379,33.13994216918945,1.2583099512594345,7.106149673461914,1.0
43,93,2,497,33.400001525878906,30.350730895996094,33.93056869506836,36.426513671875,0.2815015210217098,6.075782775878906,1.0
43,93,3,498,35.70000076293945,33.304229736328125,36.73198699951172,39.28633880615234,1.0649955924745882,5.982109069824212,1.0
43,93,4,499,34.29999923706055,32.278839111328125,36.00955581665039,38.613037109375,2.9225836988189258,6.334197998046875,1.0
43,93,5,500,32.0,28.85482406616211,32.94083023071289,35.283477783203125,0.885161523023271,6.428653717041016,1.0
43,94,1,496,26.0,25.673215866088867,29.292818069458008,33.209014892578125,10.842650838549162,7.535799026489258,1.0
43,94,2,497,30.5,28.03680229187012,31.49270248413086,34.68622589111328,0.9854582219995791,6.6494235992431605,1.0
43,94,3,498,30.200000762939453,28.135520935058597,31.3182430267334,34.626590728759766,1.2504657605350076,6.491069793701168,1.0
43,94,4,499,29.399999618530277,25.794824600219727,29.317859649658203,32.2427978515625,0.006746974486305264,6.447973251342773,1.0
43,94,5,500,26.200000762939453,23.73802375793457,27.11396789550781,30.029172897338867,0.8353359194152226,6.291149139404297,1.0
43,95,1,496,28.100000381469727,25.172054290771484,27.216413497924805,31.68364906311035,0.7807257807726273,6.511594772338867,1.0
43,95,2,497,31.700000762939453,28.371566772460938,30.848451614379883,34.60708236694336,0.7251359524125292,6.235515594482422,1.0
43,95,3,498,32.900001525878906,28.495073318481445,31.620929718017575,35.460975646972656,1.6360246896656554,6.965902328491211,1.0
43,95,4,499,33.599998474121094,27.27948760986328,30.53508758544922,34.11768341064453,9.393678755499423,6.83819580078125,1.0
43,95,5,500,28.200000762939453,24.97344970703125,27.81084251403809,31.954877853393555,0.15144414268797568,6.981428146362305,1.0
43,96,1,496,27.399999618530277,25.811901092529297,28.521276473999023,32.72251510620117,1.25726178660988,6.910614013671875,1.0
43,96,2,497,29.799999237060547,28.1361083984375,31.062679290771484,35.43085479736328,1.594360918039456,7.294746398925781,1.0
43,96,3,498,31.0,28.640724182128903,31.751615524291992,35.52495574951172,0.5649258963567263,6.884231567382816,1.0
43,96,4,499,29.200000762939453,26.242759704589844,29.357271194458008,33.298370361328125,0.0247339886300324,7.055610656738281,1.0
43,96,5,500,27.299999237060547,24.60069274902344,26.8898983001709,30.75614547729492,0.1681827784377674,6.155452728271477,1.0
43,97,1,496,29.100000381469727,27.151222229003903,30.538728713989254,33.5051383972168,2.0699392147944207,6.353916168212894,1.0
43,97,2,497,28.399999618530277,28.59333610534668,31.89529800415039,35.14034652709961,12.217110804518573,6.54701042175293,0.0
43,97,3,498,25.799999237060547,28.3985538482666,31.505882263183597,34.44887924194336,32.55710110779914,6.050325393676758,0.0
43,97,4,499,26.799999237060547,26.51934051513672,29.37744903564453,32.43605422973633,6.643247464220622,5.916713714599609,1.0
43,97,5,500,26.299999237060547,25.731107711791992,28.850566864013672,31.344709396362305,6.505395219661295,5.6136016845703125,1.0
43,98,1,496,29.700000762939453,25.65155601501465,28.67748260498047,32.78950500488281,1.0455433833558345,7.137948989868164,1.0
43,98,2,497,31.600000381469727,27.86311149597168,30.84133720397949,34.92143630981445,0.5755698168795843,7.058324813842773,1.0
43,98,3,498,33.20000076293945,27.81085968017578,30.71799087524414,34.89366912841797,6.160373082617298,7.0828094482421875,1.0
43,98,4,499,30.5,26.0162353515625,28.854656219482425,32.529998779296875,2.7071561560878648,6.513763427734375,1.0
43,98,5,500,28.5,24.49058151245117,27.14452743530273,30.44167137145996,1.8373058736469925,5.951089859008793,1.0
43,99,1,496,28.600000381469727,26.83275985717773,29.398624420166016,33.75349807739258,0.6378003551835718,6.920738220214847,1.0
43,99,2,497,31.399999618530277,28.9520206451416,31.297557830810547,35.226531982421875,0.010494319871214249,6.274511337280273,1.0
43,99,3,498,31.899999618530277,28.595129013061523,31.169395446777344,34.90427017211914,0.5337824557827896,6.309141159057617,1.0
43,99,4,499,29.899999618530277,26.76873588562012,29.34034919738769,32.0689811706543,0.313208593885073,5.300245285034176,1.0
43,99,5,500,28.100000381469727,25.44318580627441,28.24441146850586,30.14118385314941,0.020854562058957526,4.697998046875,1.0
44,0,1,496,20.200000762939453,13.005555152893066,17.210155487060547,21.12531089782715,8.939174773695413,8.119755744934082,1.0
44,0,2,497,22.899999618530277,16.370019912719727,20.667619705200195,24.728904724121094,4.983520077439623,8.358884811401367,1.0
44,0,3,498,23.100000381469727,15.81690788269043,19.23561286926269,23.47396278381348,14.933490844501675,7.65705490112305,1.0
44,0,4,499,18.5,15.408892631530762,19.282323837280277,22.96126747131348,0.6120305863769373,7.552374839782718,1.0
44,0,5,500,13.800000190734863,13.053102493286133,17.410062789916992,20.922164916992188,13.032551970013628,7.869062423706055,1.0
44,1,1,496,10.600000381469728,7.084331512451172,12.367961883544922,17.160934448242188,3.1256878728199746,10.076602935791016,1.0
44,1,2,497,18.5,9.226173400878906,14.94766616821289,19.10317039489746,12.619075652459287,9.876996994018555,1.0
44,1,3,498,20.299999237060547,10.000856399536133,15.77878475189209,20.13506317138672,20.441380420897076,10.134206771850586,0.0
44,1,4,499,21.5,9.2857666015625,14.818133354187012,19.459253311157227,44.647341872428115,10.173486709594727,0.0
44,1,5,500,15.0,7.439775466918945,12.899444580078123,17.695999145507812,4.412333072163172,10.256223678588867,1.0
44,2,1,496,18.299999237060547,15.66122055053711,21.628681182861328,26.736173629760746,11.080123496300075,11.074953079223636,1.0
44,2,2,497,23.600000381469727,18.921371459960938,25.00735855102539,30.12763786315918,1.9806570174150693,11.206266403198242,1.0
44,2,3,498,26.299999237060547,21.076120376586918,27.508813858032227,33.06436920166016,1.4612327878749056,11.988248825073246,1.0
44,2,4,499,27.299999237060547,21.963138580322266,28.028568267822266,33.61204528808594,0.5308128325850703,11.648906707763672,1.0
44,2,5,500,25.700000762939453,20.26442527770996,26.607746124267575,31.98448371887207,0.8240016410127218,11.72005844116211,1.0
44,3,1,496,13.600000381469728,7.928123474121094,16.20433807373047,20.684982299804688,6.782574815329999,12.756858825683594,1.0
44,3,2,497,20.100000381469727,11.785395622253418,18.76458740234375,24.01341438293457,1.783327824818116,12.228018760681152,1.0
44,3,3,498,23.5,14.108768463134766,21.20528030395508,26.994598388671875,5.265738483416483,12.88582992553711,1.0
44,3,4,499,24.600000381469727,14.072399139404297,21.098596572875977,26.248748779296875,12.259828630834818,12.176349639892578,1.0
44,3,5,500,14.699999809265137,11.400360107421877,17.732730865478516,23.1547966003418,9.197457659321117,11.754436492919924,1.0
44,4,1,496,17.100000381469727,13.22874927520752,17.337589263916016,23.92347526550293,0.05644847706207656,10.69472599029541,1.0
44,4,2,497,21.5,14.913748741149902,19.105127334594727,25.9388370513916,5.735415083505359,11.0250883102417,1.0
44,4,3,498,23.299999237060547,13.959710121154783,18.33870887756348,24.32316780090332,24.614402031238534,10.363457679748537,1.0
44,4,4,499,22.0,10.912720680236816,15.616166114807127,20.498729705810547,40.75333507373673,9.58600902557373,0.0
44,4,5,500,18.200000762939453,8.283248901367188,13.052759170532228,18.32514953613281,26.494096010606864,10.041900634765621,1.0
44,5,1,496,19.200000762939453,17.650127410888672,21.86593246459961,26.942188262939453,7.107191837916616,9.292060852050781,1.0
44,5,2,497,24.299999237060547,18.313758850097656,22.446258544921875,26.89851951599121,3.4363545536907623,8.584760665893555,1.0
44,5,3,498,26.799999237060547,16.530826568603516,20.684650421142575,25.119150161743164,37.397491140349345,8.588323593139648,0.0
44,5,4,499,25.200000762939453,14.509785652160645,18.7723388671875,23.09760856628418,41.31483744610159,8.587822914123535,0.0
44,5,5,500,19.299999237060547,13.210526466369627,17.60635757446289,21.435998916625977,2.8684220812865533,8.22547245025635,1.0
44,6,1,496,20.200000762939453,18.684139251708984,22.85807037353516,28.616071701049805,7.0653340547724115,9.93193244934082,1.0
44,6,2,497,25.100000381469727,20.87283706665039,25.00126838684082,30.49335289001465,0.009748006763402373,9.620515823364258,1.0
44,6,3,498,27.100000381469727,22.53839683532715,26.57938766479492,32.179351806640625,0.2710376007635242,9.640954971313477,1.0
44,6,4,499,26.899999618530277,21.755130767822266,25.86633682250977,31.035547256469727,1.068458775876934,9.280416488647461,1.0
44,6,5,500,20.399999618530277,19.124101638793945,23.019367218017575,28.656211853027344,6.861086621243848,9.532110214233398,1.0
44,7,1,496,15.5,12.095792770385742,19.41440773010254,23.20493698120117,15.322587877486512,11.109144210815426,1.0
44,7,2,497,20.100000381469727,13.614452362060549,20.023426055908203,25.779373168945312,0.005863627335202182,12.164920806884764,1.0
44,7,3,498,21.399999618530277,13.959888458251951,19.59035873413086,25.60209846496582,3.2748001304899064,11.642210006713869,1.0
44,7,4,499,19.700000762939453,13.958163261413574,19.216588973999023,26.09678077697754,0.23368695768658654,12.138617515563965,1.0
44,7,5,500,15.699999809265137,11.69823932647705,17.99557876586914,24.887460708618164,5.269682746003127,13.189221382141113,1.0
44,8,1,496,20.399999618530277,15.790275573730469,19.88432884216309,25.352859497070312,0.2659163495991379,9.562583923339844,1.0
44,8,2,497,25.200000762939453,18.08538246154785,22.45989990234375,28.46509552001953,7.508152726237313,10.37971305847168,1.0
44,8,3,498,26.399999618530277,18.14408493041992,22.118701934814453,28.01558303833008,18.32950985659048,9.871498107910163,1.0
44,8,4,499,23.600000381469727,16.482994079589844,21.10871315002441,25.842153549194336,6.206512069562468,9.359159469604492,1.0
44,8,5,500,20.299999237060547,15.31806468963623,19.979949951171875,24.94536781311035,0.10243154539784882,9.627303123474121,1.0
44,9,1,496,20.799999237060547,19.91034698486328,23.876394271850582,27.38755989074707,9.464206410080784,7.477212905883789,1.0
44,9,2,497,22.799999237060547,22.2440242767334,25.61350440979004,29.05515480041504,7.91581135697561,6.811130523681641,1.0
44,9,3,498,24.399999618530277,23.0670223236084,26.180702209472656,29.115402221679688,3.1709017173889027,6.048379898071289,1.0
44,9,4,499,23.299999237060547,21.859149932861328,25.134315490722656,28.39529228210449,3.364716118448996,6.5361423492431605,1.0
44,9,5,500,20.799999237060547,20.51892852783203,23.43248748779297,26.78358459472656,6.9299943902442465,6.264656066894528,1.0
44,10,1,496,20.399999618530277,23.290197372436523,26.427356719970703,29.47075843811035,36.329033628284336,6.180561065673828,0.0
44,10,2,497,22.299999237060547,24.82547950744629,28.99354362487793,32.043094635009766,44.80353647168158,7.217615127563477,0.0
44,10,3,498,23.899999618530277,25.13937759399414,28.353424072265625,30.954248428344727,19.832989365127982,5.814870834350586,0.0
44,10,4,499,23.600000381469727,21.62083625793457,25.45684051513672,28.6995849609375,3.4478552819964534,7.07874870300293,1.0
44,10,5,500,22.600000381469727,19.54766845703125,22.82386016845703,25.941530227661133,0.05011320423000143,6.393861770629883,1.0
44,11,1,496,20.0,22.127391815185547,25.41823387145996,29.10838508605957,29.357258285835997,6.980993270874023,0.0
44,11,2,497,23.200000762939453,24.027198791503903,26.817598342895508,30.487957000732425,13.087012250503903,6.460758209228523,0.0
44,11,3,498,23.399999618530277,23.44875717163086,25.68457794189453,29.62639045715332,5.219298115585827,6.177633285522461,0.0
44,11,4,499,22.799999237060547,21.974693298339844,24.346004486083984,27.895065307617188,2.390132230008021,5.920372009277344,1.0
44,11,5,500,21.899999618530277,19.8723201751709,22.91516494750977,25.969186782836918,1.0305606451620406,6.096866607666019,1.0
44,12,1,496,21.100000381469727,22.21229553222656,26.54062271118164,30.992820739746094,29.600371334559895,8.780525207519535,0.0
44,12,2,497,22.299999237060547,22.985408782958984,27.68885612487793,31.460229873657227,29.03977855737685,8.474821090698242,0.0
44,12,3,498,24.100000381469727,23.919822692871094,27.433971405029297,30.64855194091797,11.115362785934849,6.728729248046875,1.0
44,12,4,499,23.5,22.110227584838867,26.03557014465332,29.004335403442383,6.42911595845726,6.894107818603516,1.0
44,12,5,500,21.600000381469727,20.15694236755371,24.66336250305176,27.723812103271484,9.384187487943585,7.566869735717773,1.0
44,13,1,496,15.300000190734863,13.84341526031494,18.937929153442383,24.067773818969727,13.234527137706209,10.224358558654787,1.0
44,13,2,497,18.100000381469727,16.656417846679688,21.603864669799805,27.24434471130371,12.277064951034845,10.587926864624023,1.0
44,13,3,498,18.5,18.3258056640625,22.72092056274414,28.16498565673828,17.816170396996313,9.839179992675781,1.0
44,13,4,499,18.600000381469727,16.44969367980957,20.44023323059082,25.76184844970703,3.386456938984338,9.312154769897461,1.0
44,13,5,500,16.0,13.749669075012209,18.107179641723636,22.53444099426269,4.440206042494553,8.784771919250483,1.0
44,14,1,496,17.100000381469727,16.92789077758789,21.395130157470703,25.43630599975586,18.4481397926902,8.508415222167969,1.0
44,14,2,497,17.100000381469727,19.932159423828125,24.64470863342285,28.420122146606445,56.92262260708958,8.48796272277832,0.0
44,14,3,498,19.200000762939453,19.583850860595703,24.15597152709961,28.18607711791992,24.561646215210203,8.602226257324215,0.0
44,14,4,499,18.700000762939453,17.575292587280273,21.41670227050781,25.907665252685547,7.380467081224177,8.332372665405273,1.0
44,14,5,500,17.700000762939453,15.782259941101074,18.89252471923828,24.07663345336914,1.4221133863466093,8.294373512268066,1.0
44,15,1,496,17.200000762939453,16.441865921020508,20.403249740600582,25.28287506103516,10.26080401288707,8.841009140014652,1.0
44,15,2,497,18.399999618530277,18.075424194335938,23.23309135437012,28.53225517272949,23.358775727043394,10.456830978393551,1.0
44,15,3,498,19.100000381469727,18.24123954772949,23.38459205627441,28.16311264038086,18.357725819805605,9.92187309265137,1.0
44,15,4,499,18.799999237060547,15.528738021850586,20.96147918701172,25.61287879943848,4.6719955740409205,10.084140777587894,1.0
44,15,5,500,18.100000381469727,15.565211296081545,18.896316528320312,22.608827590942383,0.634119405734964,7.043616294860838,1.0
44,16,1,496,19.200000762939453,21.0161190032959,23.216970443725582,27.37911033630371,16.136045416355017,6.3629913330078125,0.0
44,16,2,497,21.299999237060547,23.01580619812012,24.760387420654297,28.535982131958008,11.974286381155252,5.520175933837887,0.0
44,16,3,498,22.899999618530277,22.98361587524414,25.03274154663086,28.03514289855957,4.54858813187819,5.05152702331543,0.0
44,16,4,499,22.799999237060547,22.110973358154297,24.01327514648437,27.07182502746582,1.4720384323882085,4.960851669311523,1.0
44,16,5,500,21.0,21.08591079711914,23.85460090637207,26.395130157470703,8.148746334660245,5.3092193603515625,0.0
44,17,1,496,16.799999237060547,12.908852577209473,20.721981048583984,24.904760360717773,15.381941329920664,11.9959077835083,1.0
44,17,2,497,17.899999618530273,16.266796112060547,23.81051254272461,27.82926368713379,34.93416302706828,11.562467575073242,1.0
44,17,3,498,18.399999618530277,17.525869369506836,24.520851135253903,28.48724937438965,37.46482328977791,10.961380004882812,1.0
44,17,4,499,17.100000381469727,14.656517028808594,20.76097869873047,25.099822998046875,13.402762239453295,10.443305969238281,1.0
44,17,5,500,15.899999618530272,10.356115341186523,17.2271728515625,22.132911682128903,1.7613887904772174,11.77679634094238,1.0
44,18,1,496,17.399999618530273,12.40482234954834,16.458377838134766,22.359935760498047,0.8866515773152059,9.955113410949707,1.0
44,18,2,497,19.0,13.67238712310791,16.866180419921875,23.946941375732425,4.553186000324786,10.274554252624515,1.0
44,18,3,498,19.100000381469727,16.54107093811035,20.028100967407227,26.92082405090332,0.8613706976175308,10.379753112792969,1.0
44,18,4,499,17.399999618530273,15.727299690246582,19.010513305664062,26.681760787963867,2.593754336445272,10.954461097717285,1.0
44,18,5,500,16.899999618530273,14.18858814239502,18.510154724121094,25.41433334350586,2.5925994640601857,11.22574520111084,1.0
44,19,1,496,18.600000381469727,16.82818603515625,21.688983917236328,24.513835906982425,9.541819284237135,7.685649871826175,1.0
44,19,2,497,19.399999618530277,18.75152969360352,23.70132827758789,27.398765563964844,18.501428233230367,8.647235870361325,1.0
44,19,3,498,18.399999618530277,20.032087326049805,24.89615631103516,28.06979179382324,42.20005177357598,8.037704467773434,0.0
44,19,4,499,18.299999237060547,18.28413963317871,23.22344970703125,25.807090759277344,24.240364530254737,7.522951126098633,1.0
44,19,5,500,18.0,16.174415588378906,21.508201599121094,26.00619888305664,12.3074784600758,9.831783294677734,1.0
44,20,1,496,19.600000381469727,20.556900024414062,22.679182052612305,25.45576858520508,9.4813597639004,4.898868560791019,0.0
44,20,2,497,22.200000762939453,22.715049743652344,25.236053466796875,28.098039627075195,9.217616020599962,5.382989883422852,0.0
44,20,3,498,23.799999237060547,20.78375244140625,24.656932830810547,27.85598564147949,0.73433518409729,7.072233200073239,1.0
44,20,4,499,19.0,18.249610900878903,22.090038299560547,25.231470108032227,9.548336692751036,6.981859207153324,1.0
44,20,5,500,13.300000190734863,15.516470909118652,20.27468490600586,22.768064498901367,48.646226877434856,7.251593589782715,0.0
44,21,1,496,22.200000762939453,16.34387969970703,20.89916229248047,24.909591674804688,1.69218072622607,8.565711975097656,1.0
44,21,2,497,26.299999237060547,19.75273895263672,25.638572692871094,29.23158836364746,0.4374850733584026,9.478849411010742,1.0
44,21,3,498,28.399999618530277,21.39883804321289,27.632747650146484,31.468711853027344,0.5886755829888043,10.069873809814453,1.0
44,21,4,499,25.600000381469727,21.265979766845703,26.58572769165039,29.81508445739746,0.9716583300360071,8.549104690551758,1.0
44,21,5,500,22.299999237060547,19.63343048095703,24.50952911376953,27.48126792907715,4.88202227606962,7.847837448120117,1.0
44,22,1,496,19.100000381469727,18.167823791503903,23.18093681335449,26.94646453857422,16.654042161084334,8.778640747070316,1.0
44,22,2,497,23.5,20.211933135986328,25.332677841186523,28.585235595703125,3.358708069576096,8.373302459716797,1.0
44,22,3,498,24.0,20.9713134765625,25.379329681396484,28.9096622467041,1.902550369981327,7.938348770141602,1.0
44,22,4,499,21.299999237060547,18.35351181030273,23.080718994140625,26.12875366210937,3.1709628532553324,7.775241851806641,1.0
44,22,5,500,15.399999618530272,15.418662071228027,19.53466796875,22.6226806640625,17.09548236630873,7.204018592834473,0.0
44,23,1,496,16.0,17.48086166381836,21.600910186767575,25.110538482666016,31.370194920236788,7.629676818847656,0.0
44,23,2,497,23.0,20.33900451660156,24.868688583374023,28.10846710205078,3.4919970216324145,7.769462585449222,1.0
44,23,3,498,25.100000381469727,20.828872680664062,25.340059280395508,27.88494110107422,0.05762827495345846,7.056068420410156,1.0
44,23,4,499,19.899999618530277,18.51234436035156,22.947566986083984,25.686811447143555,9.287666859778234,7.174467086791996,1.0
44,23,5,500,15.199999809265137,15.76213264465332,19.393444061279297,22.387853622436523,17.5849746947506,6.625720977783203,0.0
44,24,1,496,20.100000381469727,19.13774871826172,24.4397087097168,26.83125305175781,18.833068374257014,7.69350433349609,1.0
44,24,2,497,26.299999237060547,20.230091094970703,24.94098281860352,27.94397354125977,1.8469256256357671,7.713882446289066,1.0
44,24,3,498,28.200000762939453,19.58452415466309,24.27298927307129,27.487211227416992,15.421419241556578,7.902687072753903,0.0
44,24,4,499,25.5,18.054271697998047,22.623065948486328,25.446542739868164,8.27674953675887,7.392271041870117,0.0
44,24,5,500,18.200000762939453,16.041213989257812,20.800037384033203,23.200101852416992,6.7601904310286045,7.15888786315918,1.0
44,25,1,496,21.899999618530277,21.277374267578125,24.76385498046875,27.70671844482422,8.201667534103743,6.429344177246094,1.0
44,25,2,497,25.5,23.36310386657715,27.015958786010746,30.00884246826172,2.298131040883174,6.64573860168457,1.0
44,25,3,498,26.899999618530277,23.511022567749023,25.95141220092773,29.28071594238281,0.8998180888338673,5.7696933746337855,1.0
44,25,4,499,25.200000762939453,22.234664916992188,24.875627517700195,28.25103187561035,0.10521800222704769,6.016366958618164,1.0
44,25,5,500,19.899999618530277,21.46173095703125,23.879716873168945,27.159677505493164,15.838149426868739,5.697946548461914,0.0
44,26,1,496,22.600000381469727,22.92667007446289,26.277904510498047,29.319246292114254,13.526978782323567,6.392576217651364,0.0
44,26,2,497,23.799999237060547,23.95377349853516,27.2590389251709,30.515756607055664,11.964955563922558,6.561983108520504,0.0
44,26,3,498,25.0,23.982755661010746,27.616426467895508,30.567428588867188,6.845687461904163,6.584672927856442,1.0
44,26,4,499,26.100000381469727,22.90455818176269,26.28338432312012,29.2138671875,0.03362967005523518,6.309309005737308,1.0
44,26,5,500,19.100000381469727,21.66228485107422,24.86014175415039,27.530113220214844,33.179228633267485,5.867828369140625,0.0
44,27,1,496,22.100000381469727,21.412145614624023,25.147859573364254,28.768474578857425,9.289445653615964,7.356328964233402,1.0
44,27,2,497,25.5,24.233102798461918,27.357666015625,30.18682861328125,3.4509230256080627,5.953725814819332,1.0
44,27,3,498,27.100000381469727,23.55195999145508,27.234094619750977,30.312997817993164,0.017981264740228653,6.761037826538082,1.0
44,27,4,499,25.899999618530277,21.428815841674805,25.946260452270508,29.024951934814453,0.0021400647383412784,7.596136093139648,1.0
44,27,5,500,20.200000762939453,21.010862350463867,24.72509384155273,27.287294387817383,20.47646737011379,6.276432037353516,0.0
44,28,1,496,22.200000762939453,24.08278083801269,27.11942672729492,29.968944549560547,24.200751818774698,5.886163711547855,0.0
44,28,2,497,25.600000381469727,26.23011589050293,28.92758560180664,31.61054229736328,11.072823398604669,5.380426406860352,0.0
44,28,3,498,26.799999237060547,25.953413009643555,28.974607467651367,30.836091995239254,4.728920956553338,4.8826789855957,1.0
44,28,4,499,25.899999618530277,24.69169044494629,28.005014419555664,29.77455139160156,4.43108731253595,5.08286094665527,1.0
44,28,5,500,22.799999237060547,21.7219295501709,24.332019805908203,26.611963272094727,2.3470870233722962,4.890033721923828,1.0
44,29,1,496,22.700000762939453,23.52124786376953,26.547372817993164,29.59005546569824,14.802271730008215,6.068807601928707,0.0
44,29,2,497,24.799999237060547,25.10555458068848,27.45955467224121,30.677400588989254,7.073235112799011,5.571846008300774,0.0
44,29,3,498,26.5,24.528200149536133,27.158933639526367,30.318523406982425,0.4341935412994644,5.790323257446293,1.0
44,29,4,499,25.100000381469727,24.094945907592773,25.76927375793457,28.64888381958008,0.44792685244465247,4.553937911987308,1.0
44,29,5,500,21.100000381469727,22.03348922729492,24.86945152282715,27.39336204528809,14.20876190708077,5.359872817993171,0.0
44,30,1,496,21.799999237060547,21.8408145904541,24.32118034362793,27.78315734863281,6.356354172112333,5.942342758178707,0.0
44,30,2,497,21.100000381469727,22.18850326538086,24.861888885498047,28.118932723999023,14.151805116740434,5.930429458618164,0.0
44,30,3,498,23.5,22.13505172729492,25.05085182189941,27.308778762817383,2.405141373488721,5.1737270355224645,1.0
44,30,4,499,22.299999237060547,21.914871215820312,24.292390823364254,26.585603713989254,3.9696242331738034,4.670732498168942,1.0
44,30,5,500,22.200000762939453,21.000791549682617,23.57805633544922,25.724123001098636,1.899037160925218,4.723331451416019,1.0
44,31,1,496,21.5,24.739486694335938,26.62742805480957,30.517549514770508,26.290518457248254,5.77806282043457,0.0
44,31,2,497,23.299999237060547,26.00186538696289,27.63515281677246,30.47729110717773,18.793556559689023,4.47542572021484,0.0
44,31,3,498,23.899999618530277,25.22810935974121,26.957056045532227,30.47220230102539,9.345593997873927,5.24409294128418,0.0
44,31,4,499,23.899999618530277,22.88382148742676,24.992599487304688,28.04569625854492,1.193774473245859,5.161874771118157,1.0
44,31,5,500,21.600000381469727,20.715763092041016,22.872848510742188,25.91049575805664,1.6201423601924034,5.194732666015625,1.0
44,32,1,496,24.0,21.59591293334961,24.61187171936035,28.3709659576416,0.3743870009529928,6.775053024291992,1.0
44,32,2,497,24.799999237060547,23.20721435546875,26.526973724365234,29.624691009521484,2.9824408798012882,6.417476654052734,1.0
44,32,3,498,23.5,23.8967227935791,26.91608619689941,29.591196060180664,11.669644904646677,5.6944732666015625,0.0
44,32,4,499,23.700000762939453,22.96409034729004,26.14228820800781,28.712352752685547,5.964767964338517,5.748262405395508,1.0
44,32,5,500,22.0,22.499794006347656,25.68077278137207,27.468238830566406,13.548088268089487,4.96844482421875,0.0
44,33,1,496,22.100000381469727,21.131763458251957,23.93924140930176,28.325634002685547,3.3828075584606396,7.19387054443359,1.0
44,33,2,497,21.600000381469727,23.451719284057617,25.392549514770508,29.28214263916016,14.383428928500507,5.830423355102543,0.0
44,33,3,498,23.0,22.83417510986328,25.93167495727539,28.87032890319824,8.594718055115663,6.036153793334957,1.0
44,33,4,499,21.899999618530277,22.743955612182617,25.920879364013672,28.49979782104492,16.16747392763861,5.755842208862301,0.0
44,33,5,500,20.5,22.259748458862305,25.287145614624023,27.9157657623291,22.91676313561402,5.656017303466797,0.0
44,34,1,496,18.200000762939453,22.081422805786133,24.45377540588379,27.89022445678711,39.109697284733556,5.808801651000977,0.0
44,34,2,497,18.399999618530277,22.889488220214844,25.48775291442871,29.18856430053711,50.236246783519114,6.299076080322266,0.0
44,34,3,498,18.299999237060547,22.51447868347168,24.79085731506348,28.37809562683105,42.13123858877593,5.8636169433593714,0.0
44,34,4,499,18.299999237060547,21.60919189453125,23.80400848388672,27.55280303955078,30.294117789148004,5.943611145019531,0.0
44,34,5,500,18.899999618530277,21.05220413208008,23.172592163085938,27.46278953552246,18.255047051792612,6.410585403442379,0.0
44,35,1,496,21.899999618530277,22.08473014831543,26.26796531677246,29.18276596069336,19.07912434102033,7.09803581237793,0.0
44,35,2,497,22.600000381469727,22.87211036682129,26.92604255676269,30.812475204467773,18.71464090241349,7.940364837646484,0.0
44,35,3,498,21.799999237060547,23.011228561401367,26.481355667114254,29.753738403320312,21.915098025205193,6.742509841918945,0.0
44,35,4,499,21.600000381469727,21.39182472229004,24.97063636779785,28.707557678222656,11.361186952330172,7.315732955932617,1.0
44,35,5,500,21.299999237060547,21.432838439941406,24.30278587341309,28.49637222290039,9.016727583457417,7.063533782958984,0.0
44,36,1,496,22.700000762939453,22.60994529724121,25.25091552734375,28.76873588562012,6.507166135255829,6.15879058837891,1.0
44,36,2,497,22.600000381469727,23.232973098754883,26.63858413696289,29.469905853271484,16.31015875013327,6.236932754516602,0.0
44,36,3,498,23.0,24.153345108032227,26.382583618164062,29.423385620117188,11.44187193387188,5.270040512084961,0.0
44,36,4,499,21.799999237060547,22.544795989990234,25.00703430175781,27.849590301513672,10.285073906197772,5.3047943115234375,0.0
44,36,5,500,20.799999237060547,21.582996368408203,23.87287139892578,27.20231819152832,9.44254332316632,5.619321823120117,0.0
44,37,1,496,23.899999618530277,24.885387420654297,26.733774185180664,28.61010360717773,8.03027829459459,3.724716186523434,0.0
44,37,2,497,23.899999618530277,25.418174743652344,27.179428100585938,29.95694732666016,10.754651168917894,4.538772583007816,0.0
44,37,3,498,24.399999618530277,24.422197341918945,25.973695755004883,28.824108123779297,2.4765195299551013,4.401910781860352,0.0
44,37,4,499,24.100000381469727,23.38245391845703,25.015565872192383,27.900310516357425,0.8382601678022183,4.517856597900394,1.0
44,37,5,500,21.899999618530277,22.08646011352539,24.032201766967773,27.10049057006836,4.546286001801476,5.014030456542969,0.0
44,38,1,496,2.700000047683716,2.2761096954345703,7.533683776855469,11.134337425231934,23.364498393659744,8.858227729797363,1.0
44,38,2,497,7.199999809265137,4.835552215576172,10.904866218566896,14.931918144226074,13.726035110772512,10.096365928649902,1.0
44,38,3,498,11.5,8.096868515014648,13.622471809387209,17.202655792236328,4.504886581643412,9.10578727722168,1.0
44,38,4,499,13.699999809265137,7.05107307434082,12.005637168884276,16.21514892578125,2.8708647571184036,9.16407585144043,1.0
44,38,5,500,10.899999618530272,4.950307846069336,10.11446475982666,14.308141708374023,0.6170650142385029,9.357833862304688,1.0
44,39,1,496,5.400000095367432,1.4373760223388672,6.455316543579102,11.20047378540039,1.1136928058660942,9.763097763061523,1.0
44,39,2,497,9.300000190734863,6.694967269897461,11.788594245910645,16.66872787475586,6.193100371456239,9.973760604858398,1.0
44,39,3,498,11.199999809265137,8.083240509033203,13.34503173828125,17.997201919555664,4.601161976498588,9.913961410522461,1.0
44,39,4,499,12.199999809265137,7.205535888671875,12.07786464691162,16.201202392578125,0.014916997883120054,8.99566650390625,1.0
44,39,5,500,7.900000095367432,4.236433029174805,9.001001358032227,13.143766403198242,1.2122037803894727,8.907333374023438,1.0
44,40,1,496,22.0,20.616167068481445,24.233556747436523,29.044132232666016,4.988775744019222,8.42796516418457,1.0
44,40,2,497,23.899999618530277,24.55080986022949,27.627870559692383,32.533138275146484,13.897021753960844,7.982328414916996,0.0
44,40,3,498,26.299999237060547,27.253721237182617,30.34014892578125,34.77226638793945,16.322809507269994,7.518545150756836,0.0
44,40,4,499,25.899999618530277,25.935434341430664,29.722082138061523,34.061500549316406,14.608314786106321,8.126066207885742,0.0
44,40,5,500,23.399999618530277,24.0463924407959,26.73055076599121,31.0236873626709,11.092570945853344,6.977294921875,0.0
44,41,1,496,20.200000762939453,16.513355255126953,21.111347198486328,26.60602569580078,0.8305523255839944,10.092670440673828,1.0
44,41,2,497,24.5,21.03607940673828,24.71349334716797,29.75232315063477,0.04557940928498283,8.716243743896488,1.0
44,41,3,498,24.100000381469727,23.98016929626465,28.19000816345215,33.07704162597656,16.72816365667677,9.096872329711914,1.0
44,41,4,499,22.5,24.18436622619629,28.89313125610352,33.08652877807617,40.87212725776776,8.902162551879883,0.0
44,41,5,500,20.399999618530277,22.19108390808105,26.41706085205078,31.01056671142578,36.20502588793529,8.81948280334473,0.0
44,42,1,496,22.5,19.664501190185547,23.50907516479492,28.29422950744629,1.0182326882058916,8.629728317260742,1.0
44,42,2,497,28.899999618530277,23.10972213745117,27.17406272888184,32.19304656982422,2.9788581470493227,9.08332443237305,1.0
44,42,3,498,28.600000381469727,25.812894821166992,29.67609405517578,34.97774887084961,1.157977594590193,9.164854049682617,1.0
44,42,4,499,24.899999618530277,23.90882110595703,28.403194427490234,33.707149505615234,12.272373869523992,9.798328399658203,1.0
44,42,5,500,23.600000381469727,20.411027908325195,25.248613357543945,30.18683242797852,2.7179247448802926,9.775804519653324,1.0
44,43,1,496,16.799999237060547,14.086082458496094,18.606632232666016,23.694969177246094,3.2639227808103897,9.60888671875,1.0
44,43,2,497,18.799999237060547,15.756972312927246,19.84691619873047,25.31064224243164,1.0960351246321807,9.553669929504395,1.0
44,43,3,498,19.700000762939453,16.901683807373047,20.86589813232422,26.71178436279297,1.3593166759383166,9.810100555419922,1.0
44,43,4,499,20.299999237060547,17.052091598510742,20.500476837158203,26.18486785888672,0.04019126814091578,9.132776260375977,1.0
44,43,5,500,17.799999237060547,16.53464126586914,19.98257827758789,25.08362197875977,4.76365126814926,8.548980712890629,1.0
44,44,1,496,19.200000762939453,18.043798446655277,21.58495140075684,27.306304931640625,5.687989544825558,9.262506484985348,1.0
44,44,2,497,19.899999618530277,18.94550895690918,22.92191696166992,28.755765914916992,9.131984428768149,9.810256958007812,1.0
44,44,3,498,20.200000762939453,20.190189361572266,23.930191040039062,29.229108810424805,13.91431950336846,9.038919448852539,1.0
44,44,4,499,19.5,20.039363861083984,23.869983673095703,28.652978897094727,19.096757303123013,8.613615036010742,0.0
44,44,5,500,19.0,20.251129150390625,24.01142120361328,28.354007720947266,25.11434248002479,8.10287857055664,0.0
44,45,1,496,21.0,21.706314086914062,25.07742118835449,27.952411651611328,16.62536354724213,6.246097564697266,0.0
44,45,2,497,22.399999618530277,23.38920211791992,26.72243881225586,30.583864212036133,18.68348058345506,7.1946620941162145,0.0
44,45,3,498,21.399999618530277,23.391571044921875,26.24234962463379,30.07318115234375,23.448353581610682,6.681610107421875,0.0
44,45,4,499,20.399999618530277,21.891441345214844,24.82983016967773,28.33980178833008,19.623398711879354,6.448360443115238,0.0
44,45,5,500,19.799999237060547,20.10148811340332,23.45655059814453,26.83561515808105,13.370367856245139,6.734127044677731,0.0
44,46,1,496,21.5,22.79742813110352,26.059999465942383,28.693798065185547,20.793595129394816,5.896369934082028,0.0
44,46,2,497,22.399999618530277,23.840431213378903,27.537860870361328,30.071195602416992,26.397618243066937,6.2307643890380895,0.0
44,46,3,498,22.100000381469727,22.87546730041504,26.78102684020996,29.845762252807617,21.91200870742614,6.970294952392578,0.0
44,46,4,499,20.700000762939453,22.93893814086914,26.330062866210938,29.17539405822754,31.69759928669373,6.236455917358398,0.0
44,46,5,500,20.600000381469727,21.94479751586914,25.032207489013672,28.105806350708008,19.644459844163066,6.161008834838867,0.0
44,47,1,496,21.5,23.245046615600582,26.24858283996582,29.381149291992188,22.549038988017855,6.136102676391605,0.0
44,47,2,497,23.100000381469727,23.393985748291016,26.428129196166992,28.95707893371582,11.076441407218226,5.563093185424805,0.0
44,47,3,498,23.600000381469727,23.39227104187012,26.020566940307617,28.56208610534668,5.859142465764307,5.169815063476559,1.0
44,47,4,499,22.100000381469727,22.44721031188965,25.677677154541016,28.21291732788086,12.799771092573792,5.765707015991211,0.0
44,47,5,500,21.100000381469727,21.808507919311523,25.850494384765625,29.04216957092285,22.56719327535029,7.233661651611328,0.0
44,48,1,496,22.299999237060547,22.779705047607425,24.49540901184082,27.31561851501465,4.819824079200771,4.535913467407223,0.0
44,48,2,497,23.100000381469727,23.782310485839844,25.564409255981445,28.576831817626957,6.073311100772116,4.794521331787113,0.0
44,48,3,498,23.5,23.59684562683105,25.283111572265625,27.7292594909668,3.179486879147589,4.132413864135749,0.0
44,48,4,499,22.200000762939453,22.706567764282227,24.64921188354492,27.381731033325195,5.998635113297478,4.675163269042969,0.0
44,48,5,500,21.200000762939453,21.576879501342773,24.344993591308597,27.118959426879883,9.89097989049335,5.542079925537109,0.0
44,49,1,496,20.5,19.56328773498535,22.582347869873047,28.144838333129883,4.336172651164816,8.581550598144531,1.0
44,49,2,497,20.899999618530277,21.19163703918457,24.674715042114254,30.315807342529297,14.248476529042765,9.124170303344727,0.0
44,49,3,498,21.0,22.79862594604492,26.333572387695312,31.544553756713867,28.446994414785877,8.745927810668949,0.0
44,49,4,499,20.600000381469727,21.97398376464844,25.99312400817871,31.38105773925781,29.08578245296667,9.407073974609368,0.0
44,49,5,500,19.899999618530277,20.684139251708984,25.146623611450195,30.39798355102539,27.52706332308295,9.713844299316406,0.0
44,50,1,496,21.5,21.102684020996094,24.48662757873535,28.4275016784668,8.919944294062589,7.324817657470707,1.0
44,50,2,497,24.299999237060547,23.16035842895508,26.05791473388672,31.78715705871582,3.0902668939816067,8.626798629760739,1.0
44,50,3,498,26.100000381469727,23.069395065307617,26.465307235717773,31.578105926513672,0.13344909776060376,8.508710861206055,1.0
44,50,4,499,25.0,21.428794860839844,25.200912475585938,29.43759536743164,0.04036582284606993,8.008800506591797,1.0
44,50,5,500,22.399999618530277,19.87000274658203,23.483680725097656,27.72709274291992,1.1743647407310995,7.857089996337887,1.0
44,51,1,496,22.700000762939453,20.3222713470459,24.352148056030277,29.436119079589844,2.7295906780673365,9.113847732543945,1.0
44,51,2,497,25.200000762939453,22.190088272094727,27.728302001953125,33.15143585205078,6.392307155198068,10.961347579956055,1.0
44,51,3,498,27.600000381469727,23.69359397888184,29.2985954284668,34.30377578735352,2.8852251336829915,10.610181808471683,1.0
44,51,4,499,26.299999237060547,21.36849021911621,27.954465866088867,32.99158477783203,2.7372598265683337,11.62309455871582,1.0
44,51,5,500,24.799999237060547,18.24661636352539,24.1171875,29.39307403564453,0.4662318682676414,11.14645767211914,1.0
44,52,1,496,22.799999237060547,19.397687911987305,25.430213928222656,31.11540985107422,6.91802932160499,11.717721939086914,1.0
44,52,2,497,25.299999237060547,23.240478515625,29.2818660736084,34.67349624633789,15.855263503999595,11.43301773071289,1.0
44,52,3,498,24.700000762939453,24.836332321166992,30.748437881469727,35.578330993652344,36.5835915768148,10.741998672485352,0.0
44,52,4,499,25.799999237060547,24.5046501159668,29.67167282104492,34.05030059814453,14.989856340922389,9.54565048217773,1.0
44,52,5,500,23.299999237060547,21.74353408813477,26.975887298583984,31.238319396972656,13.512153040850535,9.494785308837887,1.0
44,53,1,496,23.0,21.388032913208008,25.39316940307617,31.78565216064453,5.727259791819944,10.397619247436523,1.0
44,53,2,497,26.799999237060547,24.14059829711914,27.79024887084961,33.59206008911133,0.9805943372193724,9.451461791992188,1.0
44,53,3,498,27.700000762939453,25.71915435791016,29.172420501708984,35.00502014160156,2.1680198871181346,9.285865783691403,1.0
44,53,4,499,26.799999237060547,23.71158599853516,27.493165969848636,32.0395393371582,0.4804801194441147,8.327953338623043,1.0
44,53,5,500,24.899999618530277,21.85274124145508,25.501522064208984,30.707691192626957,0.3618292526552935,8.854949951171875,1.0
44,54,1,496,31.799999237060547,27.430238723754883,30.783248901367188,34.36957931518555,1.033781245132559,6.939340591430664,1.0
44,54,2,497,35.20000076293945,28.51584243774414,31.88096809387207,35.60675048828125,11.015977858336555,7.090908050537109,1.0
44,54,3,498,35.900001525878906,27.14919853210449,30.25459671020508,34.487083435058594,31.87059553283321,7.337884902954105,0.0
44,54,4,499,34.599998474121094,25.529661178588867,28.66378593444824,32.890220642089844,35.23861931616925,7.360559463500977,0.0
44,54,5,500,28.5,22.8939208984375,26.82387924194336,30.40174674987793,2.8093807955883676,7.50782585144043,1.0
44,55,1,496,25.100000381469727,21.373023986816406,26.194543838500977,30.211992263793945,1.1980253793299198,8.838968276977539,1.0
44,55,2,497,26.899999618530277,23.11476325988769,28.760440826416016,31.69061851501465,3.461241487999346,8.575855255126957,1.0
44,55,3,498,29.299999237060547,24.856264114379883,29.916467666625977,32.92937469482422,0.38003332465086714,8.073110580444336,1.0
44,55,4,499,28.600000381469727,24.061962127685547,28.39089584350586,32.42012405395508,0.043724707797082374,8.358161926269531,1.0
44,55,5,500,25.399999618530277,21.91183280944824,26.403125762939453,30.43747329711914,1.0062620615972193,8.525640487670902,1.0
44,56,1,496,25.399999618530277,21.196168899536133,24.318756103515625,29.62342071533203,1.16908753876124,8.427251815795898,1.0
44,56,2,497,30.399999618530277,23.68570899963379,26.96384620666504,32.58507537841797,11.807150269873116,8.89936637878418,1.0
44,56,3,498,30.200000762939453,25.93629264831543,28.7752685546875,34.43354034423828,2.0298618652304867,8.497247695922852,1.0
44,56,4,499,29.100000381469727,25.05967903137207,28.18064308166504,33.226078033447266,0.845217844704166,8.166399002075195,1.0
44,56,5,500,25.600000381469727,22.647932052612305,26.35634994506836,29.60699844360352,0.5720646623558423,6.9590663909912145,1.0
44,57,1,496,25.5,21.03978729248047,24.344526290893555,29.02399253845215,1.3351194924362062,7.98420524597168,1.0
44,57,2,497,32.099998474121094,23.492300033569336,26.418546676635746,31.644237518310547,32.27889452714949,8.151937484741211,0.0
44,57,3,498,31.899999618530277,25.770729064941406,28.82386779785156,33.85521697998047,9.462586978192165,8.084487915039062,1.0
44,57,4,499,31.799999237060547,25.621034622192383,29.195606231689453,34.03326416015625,6.782862926425878,8.412229537963867,1.0
44,57,5,500,26.899999618530277,23.4702205657959,27.082300186157227,31.894760131835938,0.03323349695710801,8.424539566040039,1.0
44,58,1,496,24.399999618530277,18.27843475341797,28.4258975982666,32.579811096191406,16.20785454324502,14.301376342773438,1.0
44,58,2,497,26.600000381469727,22.23036766052246,32.37784576416016,36.48276901245117,33.3834972662772,14.252401351928711,1.0
44,58,3,498,25.5,23.315542221069336,33.462913513183594,37.46598815917969,63.40799161844188,14.150445938110352,1.0
44,58,4,499,25.700000762939453,22.13706588745117,32.28449249267578,36.78446960449219,43.3555313389661,14.64740371704102,1.0
44,58,5,500,22.0,20.32564353942871,30.473121643066406,34.90390396118164,71.79379037820036,14.57826042175293,1.0
44,59,1,496,30.200000762939453,18.711444854736328,28.850643157958984,32.74095153808594,1.8207659461186267,14.02950668334961,1.0
44,59,2,497,34.29999923706055,21.94306755065918,32.08208465576172,36.54702758789063,4.919145089937956,14.603960037231452,1.0
44,59,3,498,34.79999923706055,23.37394142150879,33.48617172241211,37.923583984375,1.7261427382472903,14.549642562866211,1.0
44,59,4,499,31.700000762939453,21.538728713989254,31.683517456054688,35.915191650390625,0.00027169940585736185,14.37646293640137,1.0
44,59,5,500,28.799999237060547,18.73038101196289,28.8778133392334,33.218902587890625,0.006055034496966982,14.488521575927734,1.0
44,60,1,496,31.100000381469727,24.73166275024414,29.461238861083984,34.76842498779297,2.6855393206969893,10.036762237548828,1.0
44,60,2,497,34.599998474121094,28.063587188720703,32.62261962890625,37.97846221923828,3.910027097503189,9.914875030517578,1.0
44,60,3,498,37.09999847412109,28.73182678222656,33.67387390136719,38.95839309692383,11.738329588028089,10.22656631469727,1.0
44,60,4,499,35.599998474121094,27.731861114501957,31.949901580810547,37.08366012573242,13.323207330555306,9.351799011230465,1.0
44,60,5,500,31.299999237060547,24.729990005493164,29.433128356933597,34.35987091064453,3.4852068830659713,9.629880905151367,1.0
44,61,1,496,31.200000762939453,23.577430725097656,28.650596618652344,32.382015228271484,6.499461490908288,8.804584503173828,1.0
44,61,2,497,34.5,28.17615127563477,32.43274688720703,36.29051971435547,4.273535432352219,8.1143684387207,1.0
44,61,3,498,35.79999923706055,29.758056640625,33.81486892700195,38.15660095214844,3.9407423479133286,8.398544311523438,1.0
44,61,4,499,34.400001525878906,29.307750701904297,33.129337310791016,37.444732666015625,1.6145875475049252,8.136981964111328,1.0
44,61,5,500,30.399999618530277,25.972034454345703,29.89546775817871,34.215763092041016,0.2545523981098122,8.243728637695312,1.0
44,62,1,496,29.899999618530277,26.81499481201172,29.28188705444336,34.100791931152344,0.38206314188210383,7.285797119140625,1.0
44,62,2,497,34.0,30.06663703918457,33.35130310058594,38.37220001220703,0.4208076673094183,8.305562973022461,1.0
44,62,3,498,35.20000076293945,31.304180145263672,34.34999084472656,38.99934768676758,0.722516861060285,7.695167541503906,1.0
44,62,4,499,26.200000762939453,30.132333755493164,33.370460510253906,37.10416412353516,51.41549298785685,6.971830368041999,0.0
44,62,5,500,26.299999237060547,27.68037414550781,30.32850646972656,33.92801284790039,16.22887052364237,6.247638702392582,0.0
44,63,1,496,22.100000381469727,19.67718315124512,23.1009578704834,27.898283004760746,1.001915894812555,8.221099853515625,1.0
44,63,2,497,24.700000762939453,22.59962654113769,26.94944953918457,31.777393341064453,5.060019796950655,9.177766799926761,1.0
44,63,3,498,27.700000762939453,24.09522819519043,28.80801773071289,33.01523208618164,1.2277016008738428,8.920003890991211,1.0
44,63,4,499,27.100000381469727,23.13716506958008,27.63995361328125,31.49374771118164,0.29154949254370877,8.356582641601559,1.0
44,63,5,500,23.700000762939453,20.463607788085938,24.530216217041016,29.30605125427246,0.6892577002290636,8.842443466186523,1.0
44,64,1,496,28.700000762939453,22.343965530395508,27.210559844970703,31.240306854248047,2.2184342481195927,8.896341323852539,1.0
44,64,2,497,32.79999923706055,27.67623710632324,31.74292755126953,34.89300537109375,1.1174005489010597,7.216768264770511,1.0
44,64,3,498,34.79999923706055,30.063915252685547,34.268123626708984,36.79148864746094,0.28289166488684714,6.727573394775391,1.0
44,64,4,499,34.70000076293945,29.325965881347656,33.78963851928711,36.098289489746094,0.8287594146677293,6.7723236083984375,1.0
44,64,5,500,30.5,25.9508113861084,30.639875411987305,33.11125564575195,0.01956513087861822,7.160444259643555,1.0
44,65,1,496,28.200000762939453,22.48533821105957,26.572322845458984,30.705299377441406,2.6493354030535556,8.219961166381836,1.0
44,65,2,497,33.400001525878906,26.65611457824707,31.038881301879883,35.316383361816406,5.574888712177199,8.660268783569336,1.0
44,65,3,498,32.099998474121094,29.064573287963867,33.52475357055664,37.309688568115234,2.0299270848190645,8.245115280151367,1.0
44,65,4,499,31.5,27.45091438293457,31.913820266723636,35.16277313232422,0.17124721315122154,7.711858749389648,1.0
44,65,5,500,28.100000381469727,24.291114807128903,29.06835174560547,32.133338928222656,0.9377043644235528,7.8422241210937536,1.0
44,66,1,496,26.899999618530277,22.963716506958008,25.818012237548828,28.99999046325684,1.170696692603095,6.036273956298832,1.0
44,66,2,497,27.200000762939453,23.933578491210938,26.840150833129883,29.66144180297852,0.12949197198395268,5.727863311767582,1.0
44,66,3,498,26.399999618530277,23.96617317199707,26.55627822875977,28.89834213256836,0.02442300401526154,4.932168960571289,1.0
44,66,4,499,24.100000381469727,23.620872497558597,25.81126976013184,28.526758193969727,2.928442886346614,4.905885696411129,1.0
44,66,5,500,22.600000381469727,22.632301330566406,24.96435165405273,27.388145446777344,5.590156940164872,4.7558441162109375,0.0
44,67,1,496,28.899999618530277,25.052921295166016,26.54740524291992,29.781925201416016,5.534700296153494,4.72900390625,1.0
44,67,2,497,32.29999923706055,24.93660545349121,26.920228958129883,31.494922637939453,28.941928254065715,6.558317184448242,0.0
44,67,3,498,31.299999237060547,24.39753150939941,26.472028732299805,29.969032287597656,23.309299194839696,5.571500778198246,0.0
44,67,4,499,26.399999618530277,24.06384658813477,25.52143669128418,29.250194549560547,0.7718728171312312,5.186347961425778,1.0
44,67,5,500,24.700000762939453,22.8031063079834,24.479198455810547,27.35255622863769,0.048753658833447844,4.549449920654293,1.0
44,68,1,496,29.5,24.303709030151367,26.79329490661621,30.28764915466309,7.326252462549746,5.983940124511722,1.0
44,68,2,497,31.799999237060547,24.76988220214844,26.95614242553711,30.80390167236328,23.462948810542002,6.03401947021484,0.0
44,68,3,498,31.600000381469727,23.731426239013672,26.035457611083984,29.9465389251709,30.96413624345223,6.215112686157227,0.0
44,68,4,499,26.399999618530277,23.187135696411133,25.35257911682129,28.5094051361084,1.097089707400308,5.322269439697266,1.0
44,68,5,500,24.299999237060547,22.6369686126709,25.37916374206543,28.0833683013916,1.1645960288624337,5.446399688720703,1.0
44,69,1,496,30.5,26.479686737060547,28.309833526611328,31.85424423217773,4.796829181155772,5.374557495117184,1.0
44,69,2,497,33.599998474121094,26.415700912475582,29.006420135498047,31.519023895263672,21.10096195306687,5.1033229827880895,0.0
44,69,3,498,35.099998474121094,25.45291328430176,28.403114318847656,30.945823669433597,44.84825738915242,5.492910385131836,0.0
44,69,4,499,33.20000076293945,23.65260887145996,26.5346736907959,29.012035369873047,44.42658497864977,5.359426498413086,0.0
44,69,5,500,29.0,23.149578094482425,25.511125564575195,27.931827545166016,12.17224482616075,4.78224945068359,0.0
44,70,1,496,31.0,28.841625213623047,31.47085952758789,33.60914993286133,0.22170869472029153,4.767524719238281,1.0
44,70,2,497,33.900001525878906,29.458593368530277,31.839902877807617,33.78851318359375,4.244006439785153,4.329919815063473,0.0
44,70,3,498,34.599998474121094,26.887470245361328,29.884567260742188,31.90522766113281,22.235291528108064,5.017757415771481,0.0
44,70,4,499,33.20000076293945,24.4123477935791,27.510412216186523,29.432432174682617,32.371417831342114,5.020084381103516,0.0
44,70,5,500,28.899999618530277,23.58129501342773,26.100297927856445,28.103168487548828,7.838329556761911,4.521873474121097,0.0
44,71,1,496,31.200000762939453,27.16604804992676,29.95764923095703,32.957279205322266,1.5434373290190706,5.791231155395504,1.0
44,71,2,497,33.900001525878906,27.244741439819336,29.936561584472656,32.84001922607422,15.708856169134378,5.595277786254883,0.0
44,71,3,498,35.099998474121094,26.03060531616211,28.83116912841797,31.60099601745605,39.29822136554867,5.570390701293942,0.0
44,71,4,499,33.400001525878906,24.086790084838867,26.61724090576172,29.594745635986328,46.005841629812494,5.507955551147461,0.0
44,71,5,500,29.600000381469727,22.19027328491211,24.95637321472168,27.76186752319336,21.563273263760493,5.57159423828125,0.0
44,72,1,496,30.600000381469727,26.500932693481445,28.599594116210938,30.8709774017334,4.001625226086617,4.370044708251953,1.0
44,72,2,497,34.5,27.439144134521484,29.629344940185547,32.73460006713867,23.723280711696134,5.2954559326171875,0.0
44,72,3,498,34.5,26.255090713500977,29.116607666015625,32.232425689697266,28.980913021601737,5.977334976196289,0.0
44,72,4,499,30.5,25.25501823425293,27.738130569458008,30.213563919067383,7.627922751362348,4.958545684814453,0.0
44,72,5,500,27.600000381469727,22.97633552551269,25.97528076171875,28.821632385253903,2.639713842803758,5.845296859741211,1.0
44,73,1,496,31.100000381469727,28.6234188079834,31.00087547302246,33.47690963745117,0.009825747474678792,4.853490829467773,1.0
44,73,2,497,34.599998474121094,29.32448005676269,32.100181579589844,34.642303466796875,6.249084506183863,5.317823410034183,1.0
44,73,3,498,36.0,28.89748954772949,31.4840087890625,34.40581512451172,20.394176617264748,5.50832557678223,0.0
44,73,4,499,34.29999923706055,26.650671005249023,29.11646270751953,32.0221061706543,26.869050953086116,5.371435165405273,0.0
44,73,5,500,30.0,24.95985412597656,27.60982894897461,30.75010681152344,5.7129176531598205,5.790252685546882,1.0
44,74,1,496,29.700000762939453,28.12554359436035,30.65358543395996,33.503273010253906,0.9093237248052901,5.377729415893555,1.0
44,74,2,497,32.70000076293945,29.35428237915039,31.796741485595703,35.0789794921875,0.8158773221075535,5.724697113037109,1.0
44,74,3,498,34.0,28.637149810791016,31.324298858642575,34.21941375732422,7.159376597861429,5.582263946533203,1.0
44,74,4,499,30.399999618530277,26.90365219116211,29.10990524291992,31.74499893188477,1.6643434979814813,4.84134674072266,1.0
44,74,5,500,28.100000381469727,25.25268173217773,27.88862609863281,30.5330867767334,0.04467908744482124,5.280405044555668,1.0
44,75,1,496,31.299999237060547,27.44386100769043,30.547237396240234,33.687767028808594,0.5666503889951855,6.243906021118164,1.0
44,75,2,497,34.70000076293945,28.226533889770508,31.679733276367188,34.88665008544922,9.12201569044555,6.660116195678711,1.0
44,75,3,498,35.20000076293945,29.20314598083496,31.513824462890625,34.96610641479492,13.587895715041668,5.762960433959961,0.0
44,75,4,499,34.79999923706055,27.35858154296875,30.01220703125,32.89647674560547,22.922954206020222,5.537895202636719,0.0
44,75,5,500,30.5,25.00237274169922,27.51155662536621,30.833606719970703,8.93079380339259,5.831233978271484,1.0
44,76,1,496,30.600000381469727,28.788148880004883,31.64107131958008,34.152957916259766,1.0838286981779748,5.364809036254883,1.0
44,76,2,497,33.099998474121094,30.671016693115234,33.12566375732422,35.6514778137207,0.0006587067618966103,4.980461120605469,1.0
44,76,3,498,34.400001525878906,29.42030906677246,32.37181854248047,35.34894561767578,4.113526214146987,5.92863655090332,1.0
44,76,4,499,31.700000762939453,26.90013694763184,29.936511993408203,33.26837921142578,3.109892640262842,6.368242263793942,1.0
44,76,5,500,29.600000381469727,24.745359420776367,28.17133331298828,31.37073135375977,2.0410895925633668,6.625371932983402,1.0
44,77,1,496,30.899999618530277,26.650598526000977,30.776561737060547,34.463741302490234,0.015236910581735142,7.813142776489258,1.0
44,77,2,497,33.400001525878906,28.16782760620117,32.54572296142578,35.67644119262695,0.729791865684092,7.508613586425785,1.0
44,77,3,498,34.79999923706055,28.62602996826172,32.93254089355469,35.860782623291016,3.4874006647296483,7.234752655029297,1.0
44,77,4,499,34.400001525878906,27.575687408447266,31.836538314819336,34.27943420410156,6.571343634455843,6.703746795654297,0.0
44,77,5,500,31.600000381469727,26.050201416015625,30.416095733642575,32.631690979003906,1.4016302151467328,6.581489562988281,1.0
44,78,1,496,30.0,27.1179141998291,31.565263748168945,33.89131546020508,2.4500506013318955,6.773401260375977,1.0
44,78,2,497,33.099998474121094,29.842832565307617,34.14107894897461,37.18376922607422,1.0838485551212216,7.340936660766602,1.0
44,78,3,498,35.400001525878906,29.774524688720703,34.50901412963867,36.984352111816406,0.7938585402589524,7.209827423095703,1.0
44,78,4,499,33.400001525878906,27.627382278442383,32.01700973510742,35.06016159057617,1.9126662933413172,7.432779312133789,1.0
44,78,5,500,29.799999237060547,23.69202423095703,28.26249122619629,31.194061279296875,2.3639308834717667,7.502037048339844,1.0
44,79,1,496,31.399999618530277,27.462099075317383,29.59684181213379,32.36027526855469,3.2513780747685943,4.898176193237305,1.0
44,79,2,497,34.0,29.544252395629883,31.613285064697266,35.03171157836914,5.6964081823971355,5.487459182739258,1.0
44,79,3,498,34.400001525878906,29.97290802001953,32.03025817871094,34.90278244018555,5.615683531446848,4.929874420166016,1.0
44,79,4,499,31.100000381469727,28.695655822753903,30.403339385986328,33.55230712890625,0.4853365426279197,4.856651306152347,1.0
44,79,5,500,29.100000381469727,26.218997955322266,28.196895599365234,31.691390991210938,0.8155982474600023,5.472393035888672,1.0
44,80,1,496,28.200000762939453,26.9143123626709,29.674015045166016,32.85029220581055,2.1727181042078882,5.935979843139648,1.0
44,80,2,497,30.899999618530277,28.182531356811523,29.88239479064941,33.9411735534668,1.0355195857264479,5.758642196655273,1.0
44,80,3,498,31.299999237060547,27.37028312683105,29.137672424316406,33.1745719909668,4.675657245112234,5.804288864135746,1.0
44,80,4,499,28.200000762939453,26.241737365722656,28.35594367980957,31.47756576538086,0.02431819332196028,5.235828399658203,1.0
44,80,5,500,27.399999618530277,25.208568572998047,27.52976417541504,30.500804901123047,0.01683884022349865,5.292236328125,1.0
44,81,1,496,31.200000762939453,25.40614318847656,30.17397689819336,32.933204650878906,1.0527249710285105,7.527061462402347,1.0
44,81,2,497,34.400001525878906,28.12437438964844,33.066375732421875,35.34284210205078,1.7785577569738962,7.21846771240234,1.0
44,81,3,498,35.900001525878906,28.79819107055664,33.74409866333008,36.00390625,4.647917152746231,7.205715179443359,1.0
44,81,4,499,34.70000076293945,28.06635093688965,32.44350051879883,35.04551696777344,5.0917933518067,6.979166030883789,1.0
44,81,5,500,29.100000381469727,25.301145553588867,29.68171119689941,32.647117614746094,0.33838747278786785,7.345972061157227,1.0
44,82,1,496,30.399999618530277,28.426029205322266,30.88240623474121,34.20087432861328,0.23271614336408333,5.774845123291016,1.0
44,82,2,497,33.099998474121094,31.143817901611328,33.68825149536133,36.96620941162109,0.34604161699826363,5.8223915100097585,1.0
44,82,3,498,34.5,30.670713424682617,33.27776336669922,36.73671722412109,1.4938623877824284,6.0660037994384695,1.0
44,82,4,499,33.400001525878906,27.81636428833008,30.78201103210449,34.13118362426758,6.853874225493219,6.3148193359374964,1.0
44,82,5,500,29.200000762939453,25.36250305175781,27.973989486694336,31.202537536621094,1.503103649480181,5.840034484863285,1.0
44,83,1,496,31.700000762939453,24.54043197631836,29.36849403381348,32.549251556396484,5.435923627959693,8.008819580078125,1.0
44,83,2,497,35.29999923706055,29.44447135925293,33.51985168457031,36.79344940185547,3.1689253086369717,7.348978042602539,1.0
44,83,3,498,35.900001525878906,32.15819549560547,35.84564208984375,39.50986099243164,0.002954948286060244,7.351665496826172,1.0
44,83,4,499,35.599998474121094,30.630393981933597,33.79816055297852,37.71280670166016,3.246619894067382,7.082412719726566,1.0
44,83,5,500,31.5,27.8853816986084,30.838985443115234,34.56259536743164,0.43694024441356305,6.677213668823242,1.0
44,84,1,496,29.799999237060547,25.155906677246094,29.41946792602539,32.541465759277344,0.14480407867813483,7.38555908203125,1.0
44,84,2,497,32.79999923706055,28.803409576416016,34.14740753173828,36.85468292236328,1.8155091125663603,8.051273345947266,1.0
44,84,3,498,34.599998474121094,29.55279922485352,34.60541534423828,38.01914978027344,2.934248186647892e-05,8.466350555419918,1.0
44,84,4,499,34.400001525878906,28.348712921142575,33.37718963623047,36.38427734375,1.0461441616062075,8.035564422607425,1.0
44,84,5,500,29.200000762939453,25.319509506225582,30.30425071716309,33.76316833496094,1.219367961402903,8.443658828735355,1.0
44,85,1,496,31.200000762939453,26.84000396728516,31.156179428100582,33.54426193237305,0.0019203093870604265,6.704257965087887,1.0
44,85,2,497,34.099998474121094,30.86836051940918,35.698509216308594,38.03014373779297,2.555236592888832,7.161783218383789,1.0
44,85,3,498,34.5,31.8126163482666,36.4461784362793,38.78197479248047,3.787610505838529,6.969358444213867,1.0
44,85,4,499,34.5,28.52308464050293,33.01194381713867,35.97309494018555,2.2143112033518264,7.450010299682617,1.0
44,85,5,500,30.200000762939453,25.45787239074707,30.051313400268555,32.8837890625,0.022107931818027282,7.42591667175293,1.0
44,86,1,496,28.5,26.06673812866211,28.100961685180664,30.88300323486328,0.15923157669385546,4.816265106201172,1.0
44,86,2,497,29.700000762939453,29.074838638305664,30.47201156616211,33.49205780029297,0.5960006802924909,4.417219161987305,1.0
44,86,3,498,30.200000762939453,28.92741584777832,30.70902633666992,33.25273895263672,0.25910703471162927,4.325323104858398,1.0
44,86,4,499,27.100000381469727,27.17519760131836,28.69220924377441,31.35750961303711,2.535129061201576,4.18231201171875,0.0
44,86,5,500,25.899999618530277,24.51866149902344,26.576690673828125,29.829572677612305,0.45791078432011517,5.310911178588864,1.0
44,87,1,496,29.200000762939453,25.623783111572266,28.20559883117676,31.44887351989746,0.988835201893373,5.825090408325195,1.0
44,87,2,497,32.5,28.008378982543945,30.47037124633789,33.30387115478516,4.1193928776920075,5.295492172241218,1.0
44,87,3,498,31.600000381469727,26.934398651123047,29.595548629760746,32.803863525390625,4.017826824929202,5.869464874267578,1.0
44,87,4,499,29.700000762939453,24.66042709350586,27.231388092041016,30.29518699645996,6.094048518920317,5.634759902954102,1.0
44,87,5,500,28.799999237060547,23.12499618530273,25.94273567199707,29.043031692504883,8.163955080239248,5.918035507202152,1.0
44,88,1,496,30.0,24.29534721374512,28.98406791687012,32.068302154541016,1.0321179975326158,7.772954940795895,1.0
44,88,2,497,32.5,28.297643661499023,34.04774856567383,37.823917388916016,2.3955256225453923,9.526273727416992,1.0
44,88,3,498,34.79999923706055,29.57176780700684,34.87652969360352,38.36788177490234,0.005856910778676316,8.796113967895497,1.0
44,88,4,499,33.900001525878906,26.93704032897949,31.618587493896484,35.42228317260742,5.204849985326291,8.485242843627933,1.0
44,88,5,500,28.399999618530277,23.777944564819336,28.227468490600582,32.24540710449219,0.029766990104692647,8.467462539672852,1.0
44,89,1,496,27.600000381469727,24.15237808227539,27.33912467956543,32.64396667480469,0.06805613184405956,8.491588592529297,1.0
44,89,2,497,32.599998474121094,28.08356666564941,31.82586479187012,37.03108596801758,0.5992829579954504,8.947519302368168,1.0
44,89,3,498,31.799999237060547,28.50151252746582,33.75596237182617,38.25386428833008,3.8257917845621705,9.752351760864258,1.0
44,89,4,499,30.5,24.9431266784668,30.296499252319336,35.00861358642578,0.0414125543065893,10.06548690795898,1.0
44,89,5,500,28.399999618530277,22.3035888671875,27.86186981201172,32.94883346557617,0.28958368866370093,10.645244598388672,1.0
44,90,1,496,27.700000762939453,23.32965850830078,27.805173873901367,31.30983543395996,0.011061383269407088,7.98017692565918,1.0
44,90,2,497,28.899999618530277,26.7194938659668,31.24230194091797,34.62435531616211,5.486380169462774,7.904861450195309,1.0
44,90,3,498,32.0,27.70966911315918,32.17594528198242,35.49443435668945,0.030956742251873948,7.784765243530273,1.0
44,90,4,499,31.5,25.7311954498291,30.062671661376957,33.14996719360352,2.065912753008878,7.418771743774421,1.0
44,90,5,500,27.899999618530277,23.74486541748047,27.860265731811523,30.370588302612305,0.00157878175377874,6.625722885131836,1.0
44,91,1,496,28.600000381469727,23.685630798339844,27.47564697265625,30.23303985595703,1.2641705879104848,6.5474090576171875,1.0
44,91,2,497,31.799999237060547,26.161006927490234,31.13319396972656,34.4029655456543,0.4446292645443511,8.241958618164062,1.0
44,91,3,498,33.0,26.924957275390625,32.57798767089844,35.22827911376953,0.1780944059137255,8.303321838378906,1.0
44,91,4,499,31.399999618530277,24.56164932250977,30.099018096923828,32.59336853027344,1.692552919561431,8.031719207763668,1.0
44,91,5,500,28.700000762939453,21.94190216064453,26.86581802368164,30.298566818237305,3.3642263209912926,8.356664657592773,1.0
44,92,1,496,29.399999618530277,24.05384635925293,28.222639083862305,32.88443756103516,1.3861778285936537,8.830591201782234,1.0
44,92,2,497,31.600000381469727,26.85246467590332,30.8098258972168,35.41657257080078,0.6243757155643778,8.564107894897461,1.0
44,92,3,498,32.79999923706055,27.70419311523437,31.43702507019043,36.5639877319336,1.85769857955529,8.85979461669923,1.0
44,92,4,499,31.0,26.14030265808105,30.65293312072754,34.559085845947266,0.12045541868792498,8.418783187866214,1.0
44,92,5,500,27.799999237060547,22.80475616455078,27.8887996673584,32.552791595458984,0.007885516421083594,9.748035430908203,1.0
44,93,1,496,28.5,24.79741668701172,29.204317092895508,34.06169509887695,0.4960625673447794,9.264278411865234,1.0
44,93,2,497,33.400001525878906,27.15658569335937,31.81954574584961,36.80776977539063,2.4978404726280132,9.65118408203126,1.0
44,93,3,498,35.70000076293945,28.85000228881836,33.96189498901367,38.57720947265625,3.021011681354139,9.72720718383789,1.0
44,93,4,499,34.29999923706055,29.108787536621094,33.64714813232422,38.01386260986328,0.4262145649554441,8.905075073242188,1.0
44,93,5,500,32.0,26.305458068847656,31.450963973999023,35.432613372802734,0.301440557846945,9.127155303955078,1.0
44,94,1,496,26.0,23.36634063720703,27.50664710998535,30.756561279296875,2.269985514027212,7.390220642089844,1.0
44,94,2,497,30.5,25.23960494995117,30.219802856445312,33.65870666503906,0.07851043925620615,8.419101715087894,1.0
44,94,3,498,30.200000762939453,25.12579727172852,30.204740524291992,33.62833786010742,2.2465337679022923e-05,8.502540588378903,1.0
44,94,4,499,29.399999618530277,23.377870559692383,28.738046646118164,31.609031677246094,0.43818173768523155,8.231161117553711,1.0
44,94,5,500,26.200000762939453,22.38724136352539,27.5987491607666,30.214704513549805,1.9564970804240147,7.827463150024414,1.0
44,95,1,496,28.100000381469727,22.030834197998047,26.2039794921875,29.566314697265625,3.5948952125945652,7.535480499267578,1.0
44,95,2,497,31.700000762939453,23.80657958984375,28.301837921142575,32.10431671142578,11.547510699369038,8.297737121582031,1.0
44,95,3,498,32.900001525878906,24.7829532623291,29.272560119628903,33.042625427246094,13.158331155777004,8.259672164916992,1.0
44,95,4,499,33.599998474121094,24.882333755493164,28.74134826660156,32.14441680908203,23.60648183902962,7.262083053588867,0.0
44,95,5,500,28.200000762939453,23.874732971191406,27.702600479125977,31.26568984985352,0.24740704233772703,7.390956878662113,1.0
44,96,1,496,27.399999618530277,23.49668884277344,27.497730255126957,30.657957077026367,0.009551277329592267,7.161268234252926,1.0
44,96,2,497,29.799999237060547,24.544382095336918,28.50054931640625,31.821413040161133,1.6885700962884584,7.277030944824215,1.0
44,96,3,498,31.0,24.80624389648437,29.255556106567383,32.23459243774414,3.0430844973343483,7.428348541259769,1.0
44,96,4,499,29.200000762939453,24.274921417236328,28.58175277709961,31.152973175048828,0.38223057199502364,6.8780517578125,1.0
44,96,5,500,27.299999237060547,23.089582443237305,27.146541595458984,29.782697677612305,0.023549247765913606,6.693115234375,1.0
44,97,1,496,29.100000381469727,23.96152877807617,27.568050384521484,30.37076568603516,2.3468707931497192,6.4092369079589915,1.0
44,97,2,497,28.399999618530277,25.26330947875977,29.14789390563965,31.81769561767578,0.5593458646908349,6.554386138916012,1.0
44,97,3,498,25.799999237060547,24.73271369934082,28.81737518310547,31.802425384521484,9.104557599770487,7.069711685180664,1.0
44,97,4,499,26.799999237060547,23.728290557861328,27.87885093688965,30.987478256225582,1.1639209902241419,7.259187698364254,1.0
44,97,5,500,26.299999237060547,22.863155364990234,26.94300651550293,29.90021133422852,0.41345836012988,7.037055969238285,1.0
44,98,1,496,29.700000762939453,25.32771110534668,28.17052459716797,32.9964485168457,2.339297341663041,7.668737411499023,1.0
44,98,2,497,31.600000381469727,26.673370361328125,29.470094680786133,34.00621032714844,4.5364982938044704,7.3328399658203125,1.0
44,98,3,498,33.20000076293945,26.31149101257324,29.276371002197266,33.45349884033203,15.394870499381796,7.142007827758793,1.0
44,98,4,499,30.5,25.14985466003418,28.17683982849121,32.27042388916016,5.397073182484746,7.120569229125984,1.0
44,98,5,500,28.5,24.55568504333496,27.67896270751953,31.52991104125977,0.6741022356436588,6.974225997924808,1.0
44,99,1,496,28.600000381469727,24.268552780151367,26.646419525146484,30.669940948486328,3.8164781621926522,6.401388168334961,1.0
44,99,2,497,31.399999618530277,25.86727523803711,27.79436492919922,31.839433670043945,13.000601512907476,5.972158432006836,1.0
44,99,3,498,31.899999618530277,25.385242462158203,27.667638778686523,31.528322219848636,17.91287827864292,6.143079757690433,0.0
44,99,4,499,29.899999618530277,24.345903396606445,27.094167709350582,30.376867294311523,7.87269270257097,6.030963897705078,1.0
44,99,5,500,28.100000381469727,23.705900192260746,26.685138702392575,29.683847427368164,2.001833570921018,5.977947235107418,1.0
45,0,1,496,20.200000762939453,12.172807693481444,14.966620445251465,19.171920776367188,27.38826954956403,6.999113082885744,0.0
45,0,2,497,22.899999618530277,12.75494384765625,16.269187927246094,21.451148986816406,43.96766368527101,8.696205139160156,0.0
45,0,3,498,23.100000381469727,15.317435264587402,17.702774047851562,21.137269973754883,29.13005209630137,5.8198347091674805,0.0
45,0,4,499,18.5,12.63257884979248,18.57088279724121,20.598796844482425,0.005024370944738621,7.966217994689945,1.0
45,0,5,500,13.800000190734863,9.846786499023438,16.4711971282959,18.381885528564453,7.135293079235453,8.535099029541016,1.0
45,1,1,496,10.600000381469728,6.0496368408203125,9.498947143554688,14.772183418273926,1.2123182327231956,8.722546577453613,1.0
45,1,2,497,18.5,7.510175704956055,11.622801780700684,17.073545455932617,47.29585534753369,9.563369750976562,0.0
45,1,3,498,20.299999237060547,9.160392761230469,13.628460884094238,18.63842010498047,44.509423995100406,9.47802734375,0.0
45,1,4,499,21.5,8.273025512695312,12.66486930847168,18.067140579223636,78.0595343363857,9.794115066528324,0.0
45,1,5,500,15.0,7.521705627441406,11.829967498779297,16.473453521728516,10.049106058795587,8.95174789428711,1.0
45,2,1,496,18.299999237060547,16.369625091552734,21.2864990234375,26.6690616607666,8.919180974029587,10.299436569213867,1.0
45,2,2,497,23.600000381469727,20.025379180908203,25.25555992126465,30.120853424072266,2.7408773898059735,10.095474243164062,1.0
45,2,3,498,26.299999237060547,22.751129150390625,27.85541534423828,33.338619232177734,2.4193192664679373,10.58749008178711,1.0
45,2,4,499,27.299999237060547,24.06379127502441,29.498592376708984,34.48524856567383,4.833811793709174,10.421457290649418,1.0
45,2,5,500,25.700000762939453,22.93260955810547,28.33112525939941,33.57074737548828,6.922816115871664,10.638137817382812,1.0
45,3,1,496,13.600000381469728,9.109678268432615,14.329930305480955,24.303539276123047,0.5327976939670355,15.193861007690431,1.0
45,3,2,497,20.100000381469727,13.509696006774902,19.46864891052246,29.18768310546875,0.398604679867276,15.677987098693848,1.0
45,3,3,498,23.5,16.243927001953125,21.96746826171875,31.081432342529297,2.3486535288393497,14.837505340576172,1.0
45,3,4,499,24.600000381469727,15.012892723083496,20.604324340820312,28.87818145751953,15.965427021819778,13.865288734436035,1.0
45,3,5,500,14.699999809265137,11.498652458190918,16.968338012695312,25.177156448364254,5.1453582051408375,13.678503990173336,1.0
45,4,1,496,17.100000381469727,9.391067504882812,13.08321475982666,16.864418029785156,16.134566730238475,7.473350524902344,0.0
45,4,2,497,21.5,9.988033294677734,14.511239051818848,18.4420166015625,48.84277959082192,8.453983306884766,0.0
45,4,3,498,23.299999237060547,11.042207717895508,14.260385513305664,18.569562911987305,81.71461627469762,7.527355194091797,0.0
45,4,4,499,22.0,9.250715255737305,11.803821563720703,16.41206169128418,103.96205470444693,7.161346435546875,0.0
45,4,5,500,18.200000762939453,8.038825988769531,10.484100341796877,14.9175386428833,59.535119308988186,6.8787126541137695,0.0
45,5,1,496,19.200000762939453,14.322260856628418,20.72085189819336,25.43265151977539,2.3129881756030954,11.110390663146973,1.0
45,5,2,497,24.299999237060547,15.44162368774414,20.987606048583984,26.032188415527344,10.971948635065928,10.590564727783203,1.0
45,5,3,498,26.799999237060547,14.67341423034668,19.70372009277344,24.42464256286621,50.35717769364414,9.751228332519531,0.0
45,5,4,499,25.200000762939453,10.79507541656494,17.271764755249023,21.631778717041016,62.85692619363908,10.836703300476076,0.0
45,5,5,500,19.299999237060547,7.923288345336914,14.432061195373535,18.983417510986328,23.69682077770358,11.060129165649414,0.0
45,6,1,496,20.200000762939453,17.593372344970703,22.60401153564453,26.35517883300781,5.779267795282067,8.761806488037106,1.0
45,6,2,497,25.100000381469727,20.850107192993164,25.73819732666016,29.72695541381836,0.40729534085040087,8.876848220825195,1.0
45,6,3,498,27.100000381469727,21.20381164550781,26.044023513793945,30.23885726928711,1.1150871450663544,9.0350456237793,1.0
45,6,4,499,26.899999618530277,20.128360748291016,24.7525577545166,28.651750564575195,4.611506559318529,8.52338981628418,1.0
45,6,5,500,20.399999618530277,16.1822509765625,21.258323669433597,25.61776733398437,0.7367201763590856,9.435516357421871,1.0
45,7,1,496,15.5,11.374122619628906,19.52006149291992,22.844532012939453,16.160894406857523,11.470409393310547,1.0
45,7,2,497,20.100000381469727,12.503286361694336,20.30129623413086,23.938337326049805,0.04052002029857249,11.435050964355469,1.0
45,7,3,498,21.399999618530277,12.637420654296877,19.940940856933597,23.931230545043945,2.1288524697920366,11.293809890747069,1.0
45,7,4,499,19.700000762939453,11.904871940612791,18.21593475341797,22.56029319763184,2.2024519206170226,10.655421257019048,1.0
45,7,5,500,15.699999809265137,11.813475608825684,17.133583068847656,21.60887908935547,2.0551609621552416,9.795403480529785,1.0
45,8,1,496,20.399999618530277,17.150009155273438,22.736900329589844,28.118627548217773,5.4611049333507085,10.968618392944336,1.0
45,8,2,497,25.200000762939453,17.983806610107422,23.973020553588867,29.51725959777832,1.5054804341380077,11.533452987670898,1.0
45,8,3,498,26.399999618530277,17.616382598876953,23.97515869140625,29.311054229736328,5.87985352185571,11.694671630859375,1.0
45,8,4,499,23.600000381469727,17.991657257080078,23.76077461242676,28.581979751586918,0.025848353339825967,10.59032249450684,1.0
45,8,5,500,20.299999237060547,17.0692138671875,22.14936828613281,26.946420669555664,3.4201658796664427,9.877206802368164,1.0
45,9,1,496,20.799999237060547,19.44609260559082,22.963075637817383,26.72080993652344,4.678899515511148,7.274717330932621,1.0
45,9,2,497,22.799999237060547,21.627864837646484,24.87246322631836,29.14398956298828,4.295106986770406,7.516124725341797,1.0
45,9,3,498,24.399999618530277,21.942495346069336,25.681373596191406,29.199928283691406,1.6419192706271042,7.25743293762207,1.0
45,9,4,499,23.299999237060547,21.269332885742188,25.45204734802246,28.75400161743164,4.631311071894743,7.484668731689453,1.0
45,9,5,500,20.799999237060547,20.065332412719727,24.101537704467773,27.519243240356445,10.900156251769658,7.453910827636719,1.0
45,10,1,496,20.399999618530277,23.13915061950684,25.553125381469727,28.588111877441406,26.554705128670285,5.448961257934567,0.0
45,10,2,497,22.299999237060547,25.04458999633789,26.60650062561035,30.48577117919922,18.545954209581396,5.441181182861328,0.0
45,10,3,498,23.899999618530277,24.57317543029785,26.028289794921875,29.920146942138672,4.529619074924979,5.34697151184082,0.0
45,10,4,499,23.600000381469727,22.51739501953125,24.690507888793945,27.13322639465332,1.189206623530481,4.61583137512207,1.0
45,10,5,500,22.600000381469727,19.43191909790039,22.35567283630371,24.80156707763672,0.059695949326851405,5.369647979736328,1.0
45,11,1,496,20.0,21.12250328063965,25.417465209960938,29.220497131347656,29.348929301137105,8.097993850708008,0.0
45,11,2,497,23.200000762939453,22.72163200378418,27.045021057128903,31.283536911010746,14.784181062728722,8.561904907226566,1.0
45,11,3,498,23.399999618530277,21.99001884460449,25.947216033935547,29.740108489990234,6.488311466910073,7.750089645385746,1.0
45,11,4,499,22.799999237060547,20.343414306640625,24.13397789001465,28.270727157592773,1.7794990465372393,7.927312850952148,1.0
45,11,5,500,21.899999618530277,18.828519821166992,23.015045166015625,27.19412612915039,1.2433265729668994,8.365606307983398,1.0
45,12,1,496,21.100000381469727,22.277175903320312,24.90321922302246,27.99657440185547,14.464473556741723,5.719398498535156,0.0
45,12,2,497,22.299999237060547,23.92078399658203,27.071775436401367,29.79389953613281,22.769848096595524,5.873115539550778,0.0
45,12,3,498,24.100000381469727,22.17633628845215,26.116567611694336,28.0544548034668,4.066543394015753,5.878118515014652,1.0
45,12,4,499,23.5,20.836820602416992,24.383878707885746,26.558656692504883,0.7812415702537755,5.721836090087891,1.0
45,12,5,500,21.600000381469727,19.23263931274414,22.647972106933597,25.121198654174805,1.0982447373717226,5.888559341430664,1.0
45,13,1,496,15.300000190734863,12.770770072937012,18.639686584472656,23.676931381225582,11.153505208517345,10.90616130828857,1.0
45,13,2,497,18.100000381469727,15.5238676071167,21.45970916748047,26.074024200439453,11.287643126797775,10.550156593322754,1.0
45,13,3,498,18.5,17.579631805419922,22.81849670410156,27.85285186767578,18.649413783336026,10.27322006225586,1.0
45,13,4,499,18.600000381469727,17.198650360107422,21.47039794921875,26.302474975585938,8.23918219693951,9.103824615478516,1.0
45,13,5,500,16.0,14.839479446411133,18.6258544921875,23.32979393005371,6.8951118141412735,8.490314483642578,1.0
45,14,1,496,17.100000381469727,16.05896759033203,22.21625518798828,26.9619140625,26.176063245224213,10.902946472167969,1.0
45,14,2,497,17.100000381469727,19.145343780517575,24.434057235717773,28.239126205444336,53.78838994134276,9.093782424926761,0.0
45,14,3,498,19.200000762939453,19.61153221130371,24.06903076171875,28.44235038757324,23.70745312901272,8.830818176269528,0.0
45,14,4,499,18.700000762939453,17.32685661315918,21.744821548461918,26.354671478271484,9.270933615949637,9.027814865112305,1.0
45,14,5,500,17.700000762939453,15.3162841796875,18.561941146850582,22.14797019958496,0.7429412254168649,6.831686019897461,1.0
45,15,1,496,17.200000762939453,15.130908966064451,19.904809951782227,24.195877075195312,7.315992748048302,9.064968109130861,1.0
45,15,2,497,18.399999618530277,17.75908660888672,22.63137626647949,27.00768280029297,17.904548336809906,9.24859619140625,1.0
45,15,3,498,19.100000381469727,18.091083526611328,22.758695602416992,27.25675201416016,13.38605071978236,9.165668487548832,1.0
45,15,4,499,18.799999237060547,16.367145538330078,20.640966415405277,24.514305114746094,3.389160151742557,8.147159576416016,1.0
45,15,5,500,18.100000381469727,13.490313529968262,17.79751205444336,21.14236831665039,0.09149918798721046,7.652054786682129,1.0
45,16,1,496,19.200000762939453,19.668701171875,24.49996757507324,27.62831115722656,28.08964820971956,7.959609985351559,0.0
45,16,2,497,21.299999237060547,22.70171165466309,25.744722366333008,28.869733810424805,19.755563695889578,6.168022155761715,0.0
45,16,3,498,22.899999618530277,23.00962829589844,26.433820724487305,29.522293090820312,12.48789160890735,6.5126647949218714,0.0
45,16,4,499,22.799999237060547,21.343692779541016,24.980188369750977,27.902557373046875,4.753224654301448,6.558864593505859,1.0
45,16,5,500,21.0,20.97425651550293,23.387659072875977,26.09475326538086,5.700915848286968,5.12049674987793,1.0
45,17,1,496,16.799999237060547,18.04793930053711,20.88126945495605,24.95414352416992,16.656766591480817,6.906204223632809,0.0
45,17,2,497,17.899999618530273,19.66925048828125,23.199092864990234,27.418819427490234,28.08038923467757,7.749568939208984,0.0
45,17,3,498,18.399999618530277,19.26070213317871,22.900510787963867,27.06064224243164,20.2546007861965,7.79994010925293,0.0
45,17,4,499,17.100000381469727,18.222944259643555,21.403165817260746,25.157360076904297,18.517232767786513,6.934415817260742,0.0
45,17,5,500,15.899999618530272,16.058849334716797,19.345090866088867,23.3894157409668,11.86865370400484,7.3305664062500036,0.0
45,18,1,496,17.399999618530273,17.189037322998047,19.551189422607425,22.85432243347168,4.627617573165495,5.665285110473633,1.0
45,18,2,497,19.0,20.240726470947266,22.82479476928711,26.124439239501957,14.629055027166032,5.883712768554691,0.0
45,18,3,498,19.100000381469727,21.14210700988769,24.093706130981445,27.02544403076172,24.937097112706397,5.883337020874027,0.0
45,18,4,499,17.399999618530273,19.103879928588867,22.48068618774414,25.488656997680664,25.813376014590176,6.384777069091797,0.0
45,18,5,500,16.899999618530273,15.493040084838867,18.242393493652344,21.24925422668457,1.8020213159652485,5.756214141845703,1.0
45,19,1,496,18.600000381469727,19.0839786529541,21.398832321166992,25.357515335083008,7.833460226669558,6.273536682128906,0.0
45,19,2,497,19.399999618530277,22.842159271240234,25.389759063720703,28.854230880737305,35.87721821124792,6.01207160949707,0.0
45,19,3,498,18.399999618530277,23.172195434570312,25.25644302368164,28.066747665405277,47.010816168043625,4.8945522308349645,0.0
45,19,4,499,18.299999237060547,20.674785614013672,23.36756706237793,26.549701690673828,25.68024366419195,5.874916076660156,0.0
45,19,5,500,18.0,18.03244400024414,20.86850929260254,24.08145904541016,8.228345561747119,6.049015045166019,0.0
45,20,1,496,19.600000381469727,17.585784912109375,20.002965927124023,22.54234313964844,0.16238123098446522,4.956558227539066,1.0
45,20,2,497,22.200000762939453,19.607149124145508,21.48944091796875,24.39930725097656,0.5048952932847897,4.792158126831051,1.0
45,20,3,498,23.799999237060547,18.702224731445312,21.401336669921875,24.22199058532715,5.753582110992284,5.519765853881836,1.0
45,20,4,499,19.0,15.190969467163086,17.48084259033203,20.134441375732425,2.3078392353490926,4.9434719085693395,1.0
45,20,5,500,13.300000190734863,11.578271865844728,14.379470825195312,16.834476470947266,1.1652568506624448,5.256204605102537,1.0
45,21,1,496,22.200000762939453,17.98823356628418,23.30727767944336,26.478412628173828,1.2260621698223986,8.490179061889648,1.0
45,21,2,497,26.299999237060547,21.920373916625977,26.730300903320312,30.47020721435547,0.18515952398593072,8.549833297729492,1.0
45,21,3,498,28.399999618530277,23.770601272583008,27.94483184814453,31.46932029724121,0.20717769919793097,7.698719024658203,1.0
45,21,4,499,25.600000381469727,20.0830135345459,24.523344039916992,28.794919967651367,1.1591888778057182,8.711906433105469,1.0
45,21,5,500,22.299999237060547,17.265365600585938,21.43448257446289,23.99374008178711,0.7491190932341851,6.728374481201172,1.0
45,22,1,496,19.100000381469727,20.24024200439453,23.28301429748535,27.236478805541992,17.497605421580374,6.996236801147461,0.0
45,22,2,497,23.5,21.910913467407227,25.3346004486084,29.62967109680176,3.365758806034137,7.718757629394535,1.0
45,22,3,498,24.0,21.242752075195312,24.06551551818848,27.50263214111328,0.004292283123505069,6.259880065917969,1.0
45,22,4,499,21.299999237060547,17.12653923034668,20.98819351196289,23.881595611572266,0.09722281020367518,6.755056381225586,1.0
45,22,5,500,15.399999618530272,14.328287124633787,18.240087509155277,20.788911819458008,8.066099226474792,6.4606246948242205,1.0
45,23,1,496,16.0,15.990071296691896,20.17686462402344,23.67698097229004,17.44619808741848,7.686909675598143,1.0
45,23,2,497,23.0,23.133657455444336,26.865005493164062,30.179950714111328,14.938267462188378,7.046293258666992,0.0
45,23,3,498,25.100000381469727,22.501937866210938,26.33559226989746,29.627899169921875,1.5266873147484148,7.1259613037109375,1.0
45,23,4,499,19.899999618530277,18.336387634277344,22.71415328979492,25.42204475402832,7.919460885492259,7.085657119750977,1.0
45,23,5,500,15.199999809265137,12.045604705810549,16.22576141357422,18.60121154785156,1.0521868688747418,6.55560684204101,1.0
45,24,1,496,20.100000381469727,19.14353370666504,23.711816787719727,27.04475212097168,13.045217752456665,7.901218414306641,1.0
45,24,2,497,26.299999237060547,20.72030067443848,25.37139320373535,28.266876220703125,0.8623091651279537,7.546575546264645,1.0
45,24,3,498,28.200000762939453,20.132652282714844,24.608198165893555,27.589344024658203,12.90104589614566,7.456691741943359,0.0
45,24,4,499,25.5,17.804767608642578,21.881175994873047,25.165231704711918,13.095887180083082,7.3604640960693395,0.0
45,24,5,500,18.200000762939453,14.650372505187988,18.98594093322754,22.660476684570312,0.6177019512724655,8.010104179382324,1.0
45,25,1,496,21.899999618530277,20.834203720092773,24.227466583251957,27.664522171020508,5.417102471870749,6.830318450927734,1.0
45,25,2,497,25.5,22.833425521850582,26.35852432250977,29.27056884765625,0.7370640123408582,6.437143325805668,1.0
45,25,3,498,26.899999618530277,21.718090057373047,25.54059600830078,28.016225814819336,1.8479781755049869,6.298135757446289,1.0
45,25,4,499,25.200000762939453,21.04764938354492,24.382831573486328,26.800268173217773,0.6677654841914773,5.752618789672855,1.0
45,25,5,500,19.899999618530277,19.51247787475586,22.46409797668457,25.37674140930176,6.574600390289542,5.864263534545902,1.0
45,26,1,496,22.600000381469727,20.287921905517575,21.97370147705078,25.897306442260746,0.3922503176763712,5.609384536743171,1.0
45,26,2,497,23.799999237060547,22.025840759277344,24.150165557861328,27.83488273620605,0.12261645222315565,5.809041976928707,1.0
45,26,3,498,25.0,21.73094367980957,24.024049758911133,26.514158248901367,0.952478873081418,4.783214569091797,1.0
45,26,4,499,26.100000381469727,21.91268539428711,23.862281799316406,26.28226661682129,5.007384452914266,4.36958122253418,1.0
45,26,5,500,19.100000381469727,18.130342483520508,20.184215545654297,23.09479331970215,1.1755225222477748,4.964450836181641,1.0
45,27,1,496,22.100000381469727,20.123537063598636,24.912601470947266,28.46059799194336,7.91072488853024,8.337060928344723,1.0
45,27,2,497,25.5,22.409927368164062,25.39717102050781,29.16180992126465,0.010573799023405448,6.751882553100586,1.0
45,27,3,498,27.100000381469727,21.23998260498047,24.498310089111328,28.450197219848636,6.768792377351929,7.210214614868168,1.0
45,27,4,499,25.899999618530277,21.209869384765625,23.60886001586914,26.901315689086918,5.2493206788822295,5.691446304321293,1.0
45,27,5,500,20.200000762939453,19.565406799316406,22.134017944335938,24.823734283447266,3.740422457936802,5.258327484130859,1.0
45,28,1,496,22.200000762939453,22.3452091217041,24.835020065307617,28.355493545532227,6.943326723852806,6.010284423828125,0.0
45,28,2,497,25.600000381469727,23.44823455810547,25.73220634460449,28.85577774047852,0.017478416688390067,5.40754318237305,1.0
45,28,3,498,26.799999237060547,23.89016342163086,26.014108657836918,28.681659698486328,0.6176240025124515,4.791496276855469,1.0
45,28,4,499,25.899999618530277,21.460716247558597,24.145545959472656,26.238996505737305,3.078107641780674,4.778280258178707,1.0
45,28,5,500,22.799999237060547,19.464757919311523,22.37470245361328,25.01388931274414,0.18087735401059035,5.549131393432617,1.0
45,29,1,496,22.700000762939453,22.364669799804688,24.459636688232425,27.487688064575195,3.0963185895816547,5.123018264770508,1.0
45,29,2,497,24.799999237060547,24.453527450561523,26.33100891113281,29.13872528076172,2.3439906221028544,4.685197830200195,1.0
45,29,3,498,26.5,24.063241958618164,26.252849578857425,28.525325775146484,0.06108333067095197,4.46208381652832,1.0
45,29,4,499,25.100000381469727,23.219470977783203,25.32563591003418,27.30632972717285,0.05091139175056014,4.086858749389648,1.0
45,29,5,500,21.100000381469727,22.184932708740234,24.225866317749023,26.04576873779297,9.771037851591245,3.8608360290527344,0.0
45,30,1,496,21.799999237060547,22.98257064819336,24.454286575317383,26.59502410888672,7.045241274030559,3.6124534606933594,0.0
45,30,2,497,21.100000381469727,23.291837692260746,25.04081916809082,26.798547744750977,15.53005270898575,3.506710052490231,0.0
45,30,3,498,23.5,22.17265892028809,23.938159942626957,25.502073287963867,0.19198413532285796,3.3294143676757777,1.0
45,30,4,499,22.299999237060547,21.908884048461918,23.743791580200195,25.29769515991211,2.0845363301086763,3.3888111114501918,1.0
45,30,5,500,22.200000762939453,21.184478759765625,22.846492767333984,24.476531982421875,0.4179519117460586,3.29205322265625,1.0
45,31,1,496,21.5,23.722972869873047,26.357372283935547,29.941680908203125,23.59406550474523,6.218708038330078,0.0
45,31,2,497,23.299999237060547,25.47551155090332,28.209306716918945,31.37333297729492,24.10129993179362,5.897821426391598,0.0
45,31,3,498,23.899999618530277,25.00872611999512,27.850927352905277,31.53175926208496,15.60982996225357,6.52303314208984,0.0
45,31,4,499,23.899999618530277,22.54480361938477,25.60062026977539,28.780851364135746,2.8921105994413545,6.236047744750977,1.0
45,31,5,500,21.600000381469727,21.34879875183105,23.43299865722656,26.98504447937012,3.3598826789275207,5.63624572753907,1.0
45,32,1,496,24.0,22.50892448425293,27.231239318847656,31.72764205932617,10.440907535667066,9.218717575073239,1.0
45,32,2,497,24.799999237060547,22.86571884155273,27.17972946166992,31.48975372314453,5.6631159419193695,8.6240348815918,1.0
45,32,3,498,23.5,21.39828872680664,25.985435485839844,30.52395248413086,6.17738955427194,9.125663757324219,1.0
45,32,4,499,23.700000762939453,19.477798461914062,23.46011734008789,28.095867156982425,0.05754405655898154,8.618068695068363,1.0
45,32,5,500,22.0,18.590633392333984,22.67186737060547,27.11806297302246,0.4514057636843063,8.527429580688477,1.0
45,33,1,496,22.100000381469727,23.02908134460449,25.85613441467285,27.765480041503903,14.108542875386775,4.736398696899414,0.0
45,33,2,497,21.600000381469727,24.261388778686523,27.277732849121094,28.687744140625,32.23664597422248,4.426355361938477,0.0
45,33,3,498,23.0,24.328102111816406,27.262025833129883,28.425880432128903,18.16486420226647,4.0977783203124964,0.0
45,33,4,499,21.899999618530277,22.559104919433597,25.99281883239746,27.135610580444336,16.751169117400394,4.576505661010739,0.0
45,33,5,500,20.5,21.295881271362305,24.45211410522461,26.39862060546875,15.619205900715315,5.102739334106445,0.0
45,34,1,496,18.200000762939453,20.40201568603516,25.02823638916016,27.13253402709961,46.62480176718969,6.73051834106445,0.0
45,34,2,497,18.399999618530277,20.84817314147949,26.11153221130371,27.90462684631348,59.46773492940696,7.0564537048339915,0.0
45,34,3,498,18.299999237060547,20.430835723876957,24.940675735473636,27.32134246826172,44.098584356575934,6.890506744384762,0.0
45,34,4,499,18.299999237060547,19.72391700744629,23.306846618652344,25.25440788269043,25.068520702552632,5.530490875244141,0.0
45,34,5,500,18.899999618530277,18.863353729248047,22.28639030456543,24.46396255493164,11.467641878465631,5.600608825683594,1.0
45,35,1,496,21.899999618530277,23.956029891967773,26.596763610839844,29.02110481262207,22.0595919994557,5.065074920654297,0.0
45,35,2,497,22.600000381469727,25.229900360107425,27.473731994628903,30.153343200683597,23.753259837107144,4.923442840576172,0.0
45,35,3,498,21.799999237060547,23.630970001220703,25.89718246459961,28.880619049072266,16.78691040002741,5.2496490478515625,0.0
45,35,4,499,21.600000381469727,22.112045288085938,24.613433837890625,26.866167068481445,9.080781196276803,4.754121780395508,0.0
45,35,5,500,21.299999237060547,21.428306579589844,23.130571365356445,25.98705673217773,3.3509943168937752,4.558750152587887,0.0
45,36,1,496,22.700000762939453,23.183488845825195,26.211406707763672,29.255489349365234,12.329971709346864,6.072000503540039,0.0
45,36,2,497,22.600000381469727,25.05074691772461,28.10506820678711,31.03599166870117,30.30577176134466,5.985244750976559,0.0
45,36,3,498,23.0,24.841821670532227,27.49947738647461,30.33283233642578,20.24529675139638,5.491010665893555,0.0
45,36,4,499,21.799999237060547,22.313875198364254,25.17780494689941,27.246654510498047,11.409571413420029,4.932779312133793,0.0
45,36,5,500,20.799999237060547,21.29536437988281,23.639232635498047,26.30509185791016,8.061246290802956,5.009727478027351,0.0
45,37,1,496,23.899999618530277,22.032712936401367,24.513574600219727,28.133394241333008,0.37647425815520835,6.100681304931641,1.0
45,37,2,497,23.899999618530277,23.063989639282227,25.64507293701172,29.184419631958008,3.0452808868758314,6.120429992675781,1.0
45,37,3,498,24.399999618530277,22.236316680908203,25.473285675048828,28.627418518066406,1.1519429591171426,6.391101837158203,1.0
45,37,4,499,24.100000381469727,22.02399444580078,24.726726531982425,27.76341438293457,0.39278566773646606,5.739419937133789,1.0
45,37,5,500,21.899999618530277,21.561214447021484,24.583139419555664,27.036001205444336,7.199239191846554,5.474786758422852,1.0
45,38,1,496,2.700000047683716,3.1910400390625,6.733322143554688,11.962242126464844,16.267687129041015,8.771202087402344,0.0
45,38,2,497,7.199999809265137,5.542070388793945,9.584545135498049,14.733203887939451,5.686056412859225,9.191133499145506,1.0
45,38,3,498,11.5,6.763710021972656,10.973152160644531,16.37360191345215,0.2775686458335258,9.609891891479492,1.0
45,38,4,499,13.699999809265137,7.101284027099609,11.558591842651367,16.812694549560547,4.585628079476919,9.711410522460938,1.0
45,38,5,500,10.899999618530272,5.747777938842773,10.234541893005373,15.223735809326172,0.44283398446077155,9.475957870483398,1.0
45,39,1,496,5.400000095367432,3.1434688568115234,7.327817916870117,11.89055347442627,3.7164815529033604,8.747084617614746,1.0
45,39,2,497,9.300000190734863,6.31620979309082,9.799606323242188,14.75820255279541,0.249606287638926,8.44199275970459,1.0
45,39,3,498,11.199999809265137,8.619722366333008,12.6220703125,17.397907257080078,2.0222845161706573,8.77818489074707,1.0
45,39,4,499,12.199999809265137,8.078523635864258,11.303478240966797,16.193538665771484,0.8037509224241148,8.115015029907227,1.0
45,39,5,500,7.900000095367432,5.1491546630859375,8.356094360351562,13.236533164978027,0.20802197855141458,8.08737850189209,1.0
45,40,1,496,22.0,20.05595016479492,25.237106323242188,28.84693145751953,10.478857347974554,8.790981292724613,1.0
45,40,2,497,23.899999618530277,23.260440826416016,27.99092674255371,32.22311782836914,16.735684734070645,8.962677001953125,1.0
45,40,3,498,26.299999237060547,25.26612091064453,29.381851196289062,34.05045318603516,9.49781149860064,8.784332275390632,1.0
45,40,4,499,25.899999618530277,25.33590507507324,29.45419692993164,34.11928939819336,12.632318528372682,8.78338432312012,1.0
45,40,5,500,23.399999618530277,23.599552154541016,27.45745086669922,31.99137115478516,16.462910631267704,8.391819000244144,0.0
45,41,1,496,20.200000762939453,18.71096420288086,23.260154724121094,27.91133689880371,9.364542266135686,9.200372695922852,1.0
45,41,2,497,24.5,21.165531158447266,25.391624450683597,32.40397262573242,0.7949941610568266,11.238441467285156,1.0
45,41,3,498,24.100000381469727,24.14060401916504,27.902549743652344,34.024845123291016,14.459381651835429,9.884241104125977,0.0
45,41,4,499,22.5,24.39560317993164,28.40287971496582,33.48057174682617,34.843988929354964,9.084968566894531,0.0
45,41,5,500,20.399999618530277,21.61284828186035,25.67064666748047,29.71328353881836,27.779720314607363,8.100435256958008,0.0
45,42,1,496,22.5,18.15355491638184,20.89657974243164,26.33605194091797,2.570956522380584,8.18249702453613,1.0
45,42,2,497,28.899999618530277,21.396263122558597,24.454742431640625,29.66388320922852,19.760311457594103,8.267620086669922,1.0
45,42,3,498,28.600000381469727,24.00481414794922,27.280702590942383,32.73320388793945,1.740546660090331,8.728389739990234,1.0
45,42,4,499,24.899999618530277,23.524206161499023,26.425994873046875,31.85172271728516,2.328661516807177,8.327516555786136,1.0
45,42,5,500,23.600000381469727,21.717554092407227,24.90427017211914,29.609228134155277,1.7011196868006664,7.89167404174805,1.0
45,43,1,496,16.799999237060547,17.483821868896484,19.16223907470703,23.96040725708008,5.580177050564089,6.476585388183597,0.0
45,43,2,497,18.799999237060547,22.17168426513672,24.076345443725582,27.78338050842285,27.839829292588508,5.611696243286133,0.0
45,43,3,498,19.700000762939453,23.24151611328125,26.52988052368164,30.41325569152832,46.64725754619576,7.17173957824707,0.0
45,43,4,499,20.299999237060547,22.531478881835938,25.325122833251957,28.953235626220703,25.251867156999687,6.421756744384766,0.0
45,43,5,500,17.799999237060547,18.66588592529297,22.531679153442383,25.81888198852539,22.388794831091218,7.152996063232422,0.0
45,44,1,496,19.200000762939453,16.425085067749023,21.17155647277832,25.578744888305664,3.8870319169982395,9.15365982055664,1.0
45,44,2,497,19.899999618530277,19.66264915466309,24.39777565002441,28.438720703125,20.229989229483117,8.77607154846191,1.0
45,44,3,498,20.200000762939453,20.514209747314453,25.794208526611328,29.353784561157227,31.29516050312668,8.839574813842773,0.0
45,44,4,499,19.5,20.39334487915039,25.31688117980957,28.3284912109375,33.83610666002278,7.935146331787109,0.0
45,44,5,500,19.0,18.7125186920166,22.96407890319824,26.630184173583984,15.71392155078135,7.917665481567383,1.0
45,45,1,496,21.0,22.84038543701172,25.277009963989254,28.30836296081543,18.29281423206336,5.467977523803711,0.0
45,45,2,497,22.399999618530277,25.15713119506836,28.04940414428711,31.286361694335938,31.91577149564178,6.129230499267578,0.0
45,45,3,498,21.399999618530277,25.662338256835938,28.040225982666016,31.51418685913086,44.09260616696333,5.851848602294922,0.0
45,45,4,499,20.399999618530277,23.881736755371094,26.63758850097656,29.442102432250977,38.90751506641746,5.560365676879883,0.0
45,45,5,500,19.799999237060547,21.37340545654297,24.325538635253903,27.317541122436523,20.48050684460028,5.944135665893555,0.0
45,46,1,496,21.5,22.92207145690918,26.29964256286621,29.79127311706543,23.03656873127693,6.86920166015625,0.0
45,46,2,497,22.399999618530277,24.03736114501953,27.51071548461914,30.609167098999023,26.119416663892444,6.571805953979492,0.0
45,46,3,498,22.100000381469727,24.31234741210937,27.44806671142578,30.07773971557617,28.601813469609624,5.765392303466797,0.0
45,46,4,499,20.700000762939453,23.062061309814453,26.576101303100582,29.08881187438965,34.528557558081914,6.026750564575195,0.0
45,46,5,500,20.600000381469727,21.017974853515625,24.824295043945312,27.062427520751957,17.844665395419725,6.044452667236332,0.0
45,47,1,496,21.5,22.899906158447266,26.550975799560547,28.763410568237305,25.512356527746306,5.863504409790039,0.0
45,47,2,497,23.100000381469727,24.54802131652832,26.76133728027344,29.4661865234375,13.405387886541602,4.91816520690918,0.0
45,47,3,498,23.600000381469727,25.571292877197266,27.23624420166016,30.429845809936523,13.222269119873117,4.858552932739258,0.0
45,47,4,499,22.100000381469727,23.99235725402832,25.862234115600582,28.94367218017578,14.154402670232203,4.951314926147461,0.0
45,47,5,500,21.100000381469727,23.52470016479492,25.301002502441406,27.515687942504883,17.64841882040855,3.9909877777099645,0.0
45,48,1,496,22.299999237060547,22.360445022583008,24.91014862060547,27.363052368164062,6.812879804419936,5.002607345581055,0.0
45,48,2,497,23.100000381469727,23.538951873779297,25.56110572814941,28.390151977539062,6.057039527455327,4.851200103759766,0.0
45,48,3,498,23.5,22.877670288085938,25.18835830688477,27.80156707763672,2.8505537724268044,4.923896789550781,1.0
45,48,4,499,22.200000762939453,23.000375747680664,25.18486976623535,27.140066146850582,8.90944296683665,4.139690399169918,0.0
45,48,5,500,21.200000762939453,21.569055557250977,24.420982360839844,26.5835018157959,10.374722454012954,5.014446258544922,0.0
45,49,1,496,20.5,17.735782623291016,21.722003936767575,26.435197830200195,1.4932936214754504,8.69941520690918,1.0
45,49,2,497,20.899999618530277,19.1854248046875,24.08883285522461,28.964712142944336,10.168657411446452,9.779287338256836,1.0
45,49,3,498,21.0,19.71637725830078,24.883207321166992,29.5361442565918,15.079299099164928,9.81976699829102,1.0
45,49,4,499,20.600000381469727,19.908588409423828,24.436006546020508,28.97372817993164,14.714943294471595,9.065139770507812,1.0
45,49,5,500,19.899999618530277,19.57364273071289,23.841981887817383,28.964984893798828,15.53922421137392,9.391342163085938,1.0
45,50,1,496,21.5,21.675270080566406,23.559011459350582,26.762439727783203,4.239528189737015,5.087169647216797,0.0
45,50,2,497,24.299999237060547,23.53694725036621,25.044767379760746,28.539520263671875,0.5546795863811038,5.002573013305664,1.0
45,50,3,498,26.100000381469727,23.36353302001953,25.1970329284668,28.601707458496094,0.8153502211825916,5.2381744384765625,1.0
45,50,4,499,25.0,22.27750587463379,24.61253547668457,27.89839553833008,0.15012875682805316,5.620889663696293,1.0
45,50,5,500,22.399999618530277,22.268230438232425,24.45834732055664,27.027624130249023,4.236795262437212,4.759393692016598,1.0
45,51,1,496,22.700000762939453,18.771339416503903,23.752010345458984,28.53192901611328,1.1067241617129184,9.760589599609379,1.0
45,51,2,497,25.200000762939453,20.645095825195312,24.377063751220703,29.870800018310547,0.6772253252565861,9.225704193115234,1.0
45,51,3,498,27.600000381469727,21.63789176940918,25.469350814819336,31.54254150390625,4.539667575867497,9.90464973449707,1.0
45,51,4,499,26.299999237060547,21.702003479003903,25.469606399536133,30.0335693359375,0.6895522646118479,8.331565856933597,1.0
45,51,5,500,24.799999237060547,22.046390533447266,26.288270950317383,30.04076766967773,2.2149526924804377,7.994377136230465,1.0
45,52,1,496,22.799999237060547,19.384523391723636,22.888612747192383,27.70634078979492,0.00785235417788499,8.321817398071282,1.0
45,52,2,497,25.299999237060547,21.298702239990234,24.606569290161133,29.328828811645508,0.4808450912569242,8.030126571655273,1.0
45,52,3,498,24.700000762939453,22.099876403808597,25.130788803100582,29.79236221313477,0.18557833554586672,7.692485809326172,1.0
45,52,4,499,25.799999237060547,22.25269317626953,25.95846366882324,30.34235954284668,0.02511097613387279,8.089666366577148,1.0
45,52,5,500,23.299999237060547,21.20196914672852,25.03725242614746,28.786449432373047,3.018048642992653,7.584480285644528,1.0
45,53,1,496,23.0,20.475929260253903,23.59220314025879,27.28375625610352,0.350704559332371,6.8078269958496165,1.0
45,53,2,497,26.799999237060547,22.71693420410156,25.721057891845703,29.433517456054688,1.1641144264140166,6.7165832519531286,1.0
45,53,3,498,27.700000762939453,24.618322372436523,27.60513687133789,31.721454620361328,0.008999157929793,7.103132247924805,1.0
45,53,4,499,26.799999237060547,24.41948509216309,27.71756172180176,31.30021858215332,0.8419209134044715,6.880733489990231,1.0
45,53,5,500,24.899999618530277,21.48437118530273,25.22700500488281,28.82670211791992,0.10693252270356869,7.3423309326171875,1.0
45,54,1,496,31.799999237060547,28.01304054260254,31.40111541748047,34.182167053222656,0.15910830152279232,6.169126510620117,1.0
45,54,2,497,35.20000076293945,28.870946884155277,31.923593521118164,35.19099426269531,10.734844414258987,6.3200473785400355,0.0
45,54,3,498,35.900001525878906,27.86345672607422,31.419937133789062,34.469974517822266,20.07097695727134,6.606517791748047,0.0
45,54,4,499,34.599998474121094,25.687334060668945,28.74967765808105,31.433618545532227,34.22625365059143,5.746284484863281,0.0
45,54,5,500,28.5,24.116853713989254,26.698951721191406,30.09766387939453,3.243774902599398,5.980810165405277,1.0
45,55,1,496,25.100000381469727,19.1580753326416,24.154157638549805,29.219282150268555,0.8946184943342814,10.061206817626953,1.0
45,55,2,497,26.899999618530277,21.74013900756836,25.935977935791016,30.16685104370117,0.9293378047914371,8.426712036132809,1.0
45,55,3,498,29.299999237060547,22.986618041992188,26.826440811157227,30.525753021240234,6.118491286357312,7.539134979248047,1.0
45,55,4,499,28.600000381469727,24.701904296875,27.832002639770508,31.905363082885746,0.5898205312550999,7.203458786010746,1.0
45,55,5,500,25.399999618530277,23.05730438232422,26.523344039916992,30.322668075561523,1.261902689060654,7.265363693237305,1.0
45,56,1,496,25.399999618530277,18.4581298828125,22.761934280395508,27.17007064819336,6.959388728268114,8.71194076538086,1.0
45,56,2,497,30.399999618530277,21.07779884338379,24.87876510620117,28.779132843017575,30.48403054013405,7.7013339996337855,0.0
45,56,3,498,30.200000762939453,23.59084129333496,27.09254264831543,31.28550338745117,9.65629593414269,7.694662094116207,1.0
45,56,4,499,29.100000381469727,24.61731338500977,28.379627227783203,32.43459701538086,0.5189374805522675,7.81728363037109,1.0
45,56,5,500,25.600000381469727,22.97612190246582,26.63600349426269,30.80195426940918,1.0733024497167134,7.825832366943359,1.0
45,57,1,496,25.5,21.3848876953125,25.645753860473636,30.50064849853516,0.02124418784296826,9.11576080322266,1.0
45,57,2,497,32.099998474121094,24.404346466064453,28.81936264038086,33.69184112548828,10.762571473620483,9.287494659423828,1.0
45,57,3,498,31.899999618530277,26.626527786254883,30.765697479248047,35.56541061401367,1.2866413431802437,8.938882827758789,1.0
45,57,4,499,31.799999237060547,26.106534957885746,30.11349105834961,35.000675201416016,2.8443098368588835,8.89414024353027,1.0
45,57,5,500,26.899999618530277,24.2924747467041,27.96612930297852,32.95932388305664,1.1366325040617085,8.666849136352539,1.0
45,58,1,496,24.399999618530277,19.264801025390625,29.412189483642575,33.717063903808594,25.122047243934432,14.452262878417969,1.0
45,58,2,497,26.600000381469727,21.8376579284668,31.985122680664062,36.01058578491211,28.99954217728009,14.172927856445309,1.0
45,58,3,498,25.5,23.103490829467773,33.25096893310547,37.846824645996094,60.07751940196613,14.74333381652832,1.0
45,58,4,499,25.700000762939453,21.214656829833984,31.36211395263672,35.767372131347656,32.05952577294374,14.552715301513672,1.0
45,58,5,500,22.0,18.613910675048828,28.76136589050293,32.72565078735352,45.716068705256475,14.111740112304695,1.0
45,59,1,496,30.200000762939453,21.30898094177246,29.06063842773437,34.849159240722656,1.2981465308839768,13.540178298950195,1.0
45,59,2,497,34.29999923706055,23.434144973754883,32.11069869995117,37.79247283935547,4.793036841787398,14.358327865600586,1.0
45,59,3,498,34.79999923706055,25.06876373291016,33.49942398071289,38.82313919067383,1.6914959974237718,13.754375457763668,1.0
45,59,4,499,31.700000762939453,23.902172088623047,32.335689544677734,36.67155075073242,0.4041002272279002,12.769378662109375,1.0
45,59,5,500,28.799999237060547,22.181161880493164,29.96560287475586,34.441490173339844,1.3586318402085453,12.26032829284668,1.0
45,60,1,496,31.100000381469727,26.97882652282715,30.01642417907715,33.96665954589844,1.1741373863915214,6.987833023071289,1.0
45,60,2,497,34.599998474121094,28.83929443359375,32.37928771972656,36.44548797607422,4.931556254683528,7.606193542480469,1.0
45,60,3,498,37.09999847412109,30.153884887695312,33.85871887207031,37.04149627685547,10.505893458670425,6.887611389160156,0.0
45,60,4,499,35.599998474121094,28.317094802856445,31.64805221557617,35.738319396972656,15.617879230427235,7.421224594116211,1.0
45,60,5,500,31.299999237060547,25.10351181030273,29.02190399169922,32.59983825683594,5.18971794693789,7.496326446533207,1.0
45,61,1,496,31.200000762939453,28.08222198486328,30.623594284057617,33.85409164428711,0.3322444288969564,5.771869659423828,1.0
45,61,2,497,34.5,30.582494735717773,33.29029083251953,36.4388542175293,1.4633962698862888,5.856359481811523,1.0
45,61,3,498,35.79999923706055,31.529380798339844,35.286949157714844,37.21832275390625,0.2632203839166323,5.688941955566406,1.0
45,61,4,499,34.400001525878906,29.33719062805176,33.668514251708984,35.642852783203125,0.5350736322725425,6.305662155151364,1.0
45,61,5,500,30.399999618530277,26.06097984313965,30.778846740722656,33.27690505981445,0.14352514199344754,7.215925216674805,1.0
45,62,1,496,29.899999618530277,24.9128475189209,30.629779815673828,34.72137451171875,0.5325791361428803,9.808526992797852,1.0
45,62,2,497,34.0,29.046566009521484,33.96928024291992,38.27942657470703,0.0009437034750590101,9.232860565185547,1.0
45,62,3,498,35.20000076293945,30.174148559570312,35.78647994995117,39.74494171142578,0.3439578367979266,9.570793151855469,1.0
45,62,4,499,26.200000762939453,28.00492286682129,34.43741607666016,38.38741683959961,67.85501105072046,10.38249397277832,0.0
45,62,5,500,26.299999237060547,24.440526962280277,31.177997589111328,34.731956481933594,23.794867922610138,10.291429519653317,1.0
45,63,1,496,22.100000381469727,18.911060333251957,22.3121280670166,26.82318687438965,0.04499815497547388,7.912126541137692,1.0
45,63,2,497,24.700000762939453,21.49409294128418,25.398122787475582,29.860706329345703,0.4873743611424239,8.366613388061523,1.0
45,63,3,498,27.700000762939453,24.693788528442383,28.474090576171875,33.31474304199219,0.5992150389502058,8.620954513549805,1.0
45,63,4,499,27.100000381469727,24.467453002929688,27.900196075439453,33.12379837036133,0.6403131486476923,8.65634536743164,1.0
45,63,5,500,23.700000762939453,20.895212173461918,24.234811782836918,29.372264862060547,0.28602282700376613,8.47705268859863,1.0
45,64,1,496,28.700000762939453,24.49778938293457,27.12666130065918,31.00902938842773,2.47539706356838,6.5112400054931605,1.0
45,64,2,497,32.79999923706055,27.653284072875977,30.64586067199707,34.66041946411133,4.640312957493734,7.007135391235352,1.0
45,64,3,498,34.79999923706055,30.501140594482425,33.79306411743164,37.77104949951172,1.0139183351420797,7.269908905029293,1.0
45,64,4,499,34.70000076293945,30.091495513916016,33.94561767578125,37.77019119262695,0.5690938421903411,7.6786956787109375,1.0
45,64,5,500,30.5,26.61039352416992,31.136255264282227,34.828914642333984,0.40482076132684597,8.218521118164066,1.0
45,65,1,496,28.200000762939453,25.46714782714844,28.599897384643555,31.77210998535156,0.1599173080503533,6.304962158203118,1.0
45,65,2,497,33.400001525878906,29.673114776611328,32.774940490722656,36.30619430541992,0.3907012976706028,6.633079528808594,1.0
45,65,3,498,32.099998474121094,30.72862243652344,34.69245147705078,37.75267028808594,6.720812572399154,7.0240478515624964,1.0
45,65,4,499,31.5,28.90706443786621,32.57277297973633,35.97834777832031,1.1508418660523603,7.071283340454102,1.0
45,65,5,500,28.100000381469727,25.08038902282715,28.732240676879883,32.14214324951172,0.39972779114032164,7.06175422668457,1.0
45,66,1,496,26.899999618530277,23.932348251342773,25.656944274902344,28.423316955566406,1.5451865873219592,4.490968704223633,1.0
45,66,2,497,27.200000762939453,24.03883934020996,25.67704391479492,28.632850646972656,2.3193975613103355,4.594011306762695,1.0
45,66,3,498,26.399999618530277,23.440061569213867,25.13112449645996,27.62544059753418,1.6100440754089596,4.1853790283203125,1.0
45,66,4,499,24.100000381469727,22.630390167236328,24.414470672607425,26.978485107421875,0.09889156400822909,4.348094940185547,1.0
45,66,5,500,22.600000381469727,22.67465591430664,24.463403701782227,27.09339904785156,3.4722719341516495,4.418743133544918,0.0
45,67,1,496,28.899999618530277,23.695215225219727,26.26854515075684,28.04944610595703,6.924552615964785,4.354230880737305,0.0
45,67,2,497,32.29999923706055,24.64665985107422,26.66199111938477,28.89046859741211,31.787135534977967,4.243808746337891,0.0
45,67,3,498,31.299999237060547,23.90714263916016,26.065406799316406,28.0134334564209,27.400957989288145,4.106290817260739,0.0
45,67,4,499,26.399999618530277,22.82435607910156,25.278148651123047,27.021209716796875,1.258549593072538,4.196853637695316,1.0
45,67,5,500,24.700000762939453,21.614421844482425,24.418724060058597,26.45783233642578,0.07911658358352525,4.843410491943356,1.0
45,68,1,496,29.5,24.04027938842773,25.880746841430664,28.00680351257324,13.098993425814115,3.966524124145508,0.0
45,68,2,497,31.799999237060547,24.463502883911133,25.907175064086918,28.06756019592285,34.72537673358234,3.6040573120117188,0.0
45,68,3,498,31.600000381469727,23.246795654296875,24.97147560119629,27.227479934692383,43.93734076269902,3.980684280395508,0.0
45,68,4,499,26.399999618530277,23.02888298034668,24.93218994140625,26.914077758789062,2.15446524825894,3.885194778442383,1.0
45,68,5,500,24.299999237060547,22.475364685058597,24.323211669921875,25.681032180786133,0.0005388170393416658,3.2056674957275355,1.0
45,69,1,496,30.5,25.80763053894043,28.33782958984375,31.551727294921875,4.674980882555246,5.744096755981445,1.0
45,69,2,497,33.599998474121094,26.977703094482425,30.23680686950684,32.84074783325195,11.311057769347803,5.863044738769528,0.0
45,69,3,498,35.099998474121094,27.06108283996582,29.52809715270996,32.196983337402344,31.046084335543128,5.135900497436523,0.0
45,69,4,499,33.20000076293945,25.07754135131836,27.520137786865234,30.19918441772461,32.26084342697868,5.12164306640625,0.0
45,69,5,500,29.0,22.92247009277344,26.028152465820312,28.665849685668945,8.831877766409889,5.743379592895504,0.0
45,70,1,496,31.0,24.712892532348636,28.196365356445312,30.54958915710449,7.86036721454002,5.836696624755852,0.0
45,70,2,497,33.900001525878906,26.23282623291016,28.98275375366211,31.46567916870117,24.179325653371052,5.2328529357910085,0.0
45,70,3,498,34.599998474121094,25.78963279724121,27.92879676818848,30.09188461303711,44.50493220123821,4.302251815795898,0.0
45,70,4,499,33.20000076293945,25.41097068786621,26.36777877807617,28.66776466369629,46.679257250449204,3.256793975830078,0.0
45,70,5,500,28.899999618530277,23.30419158935547,25.298891067504883,27.233253479003903,12.967982796268213,3.929061889648434,0.0
45,71,1,496,31.200000762939453,23.972558975219727,27.204578399658203,30.219385147094727,15.963399861007929,6.246826171875,0.0
45,71,2,497,33.900001525878906,27.150440216064453,29.80903625488281,32.15593719482422,16.73599684849617,5.005496978759766,0.0
45,71,3,498,35.099998474121094,26.804746627807617,30.016447067260746,32.88273620605469,25.842494906191824,6.07798957824707,0.0
45,71,4,499,33.400001525878906,24.676044464111328,27.702381134033203,29.897689819335938,32.462878129575984,5.221645355224609,0.0
45,71,5,500,29.600000381469727,22.70379638671875,25.79070472717285,28.32438468933105,14.510733381845057,5.620588302612301,0.0
45,72,1,496,30.600000381469727,26.20332336425781,28.819223403930664,30.79093360900879,3.1711666437331587,4.58761024475098,1.0
45,72,2,497,34.5,26.28848648071289,28.74782943725586,30.62677383422852,33.08746618290024,4.3382873535156286,0.0
45,72,3,498,34.5,25.416479110717773,28.640254974365234,29.8520565032959,34.33661176545138,4.435577392578125,0.0
45,72,4,499,30.5,23.573925018310547,26.425439834594727,28.50925064086914,16.60204054150745,4.935325622558594,0.0
45,72,5,500,27.600000381469727,23.23904800415039,26.036874771118164,27.93802070617676,2.443361673736945,4.698972702026371,1.0
45,73,1,496,31.100000381469727,26.87264442443848,29.386398315429688,32.29738235473633,2.9364320407366904,5.424737930297848,1.0
45,73,2,497,34.599998474121094,28.60675621032715,31.76449966430664,34.57323455810547,8.04005350045918,5.96647834777832,0.0
45,73,3,498,36.0,28.876182556152344,32.11249542236328,34.750736236572266,15.112691841146443,5.874553680419922,0.0
45,73,4,499,34.29999923706055,26.715065002441406,30.197603225708008,32.64140319824219,16.829653033961222,5.926338195800781,0.0
45,73,5,500,30.0,24.379453659057617,27.651609420776367,30.251644134521484,5.51493831258631,5.872190475463867,1.0
45,74,1,496,29.700000762939453,26.40124893188477,29.37589263916016,32.327938079833984,0.10504607589973372,5.926689147949215,1.0
45,74,2,497,32.70000076293945,29.02320671081543,32.13911819458008,35.28392028808594,0.31458925548940897,6.260713577270508,1.0
45,74,3,498,34.0,29.057111740112305,32.2342643737793,34.55067825317383,3.1178223017050186,5.493566513061523,1.0
45,74,4,499,30.399999618530277,26.860326766967773,29.89195442199707,32.19470977783203,0.2581099217204646,5.334383010864258,1.0
45,74,5,500,28.100000381469727,24.662078857421875,27.2949275970459,30.190324783325195,0.6481421882199356,5.52824592590332,1.0
45,75,1,496,31.299999237060547,28.92862319946289,32.783939361572266,35.53423309326172,2.2020782931358553,6.605609893798828,1.0
45,75,2,497,34.70000076293945,30.396074295043945,33.92932891845703,36.75215530395508,0.5939350918779382,6.356081008911133,1.0
45,75,3,498,35.20000076293945,28.833871841430664,32.10881805419922,35.36296081542969,9.555410538814613,6.529088973999023,1.0
45,75,4,499,34.79999923706055,25.44966125488281,28.68763732910156,31.650774002075195,37.36096809386804,6.201112747192386,0.0
45,75,5,500,30.5,22.94143486022949,26.74010467529297,29.36297607421875,14.136812852753792,6.421541213989261,0.0
45,76,1,496,30.600000381469727,27.490890502929688,30.919967651367188,33.4288330078125,0.10237905380563461,5.9379425048828125,1.0
45,76,2,497,33.099998474121094,29.671260833740234,33.53361129760742,36.53557205200195,0.18802008069178555,6.864311218261719,1.0
45,76,3,498,34.400001525878906,29.969148635864254,33.577816009521484,36.46329498291016,0.6759890233079204,6.494146347045909,1.0
45,76,4,499,31.700000762939453,26.765382766723636,30.66315460205078,33.555694580078125,1.0750499613495776,6.790311813354489,1.0
45,76,5,500,29.600000381469727,24.961360931396484,28.776798248291016,31.463573455810547,0.6776617520699801,6.5022125244140625,1.0
45,77,1,496,30.899999618530277,25.424945831298828,31.71041488647461,35.16780090332031,0.656772906517284,9.742855072021484,1.0
45,77,2,497,33.400001525878906,28.41230583190918,34.30532455444336,37.77217102050781,0.8196097860491136,9.359865188598633,1.0
45,77,3,498,34.79999923706055,28.532718658447266,34.92790985107422,38.13874053955078,0.016361125177354552,9.606021881103516,1.0
45,77,4,499,34.400001525878906,28.87851905822754,33.622798919677734,36.25422668457031,0.6040438910858938,7.375707626342773,1.0
45,77,5,500,31.600000381469727,27.38823509216309,30.50083541870117,33.24820327758789,1.208163615378006,5.859968185424801,1.0
45,78,1,496,30.0,27.61458396911621,30.33709716796875,32.91653060913086,0.11363450065255165,5.301946640014648,1.0
45,78,2,497,33.099998474121094,30.48492431640625,33.968204498291016,35.892967224121094,0.753781700404943,5.408042907714844,1.0
45,78,3,498,35.400001525878906,30.5,34.30766677856445,36.481353759765625,1.1931952001905302,5.981353759765625,1.0
45,78,4,499,33.400001525878906,28.56704330444336,31.934812545776367,34.240318298339844,2.1467787474139186,5.673274993896484,1.0
45,78,5,500,29.799999237060547,25.32470321655273,29.02159118652344,31.457500457763672,0.6059190931409775,6.132797241210941,1.0
45,79,1,496,31.399999618530277,26.523239135742188,29.854228973388672,32.44976806640625,2.389406887381494,5.9265289306640625,1.0
45,79,2,497,34.0,29.20821952819824,32.89642333984375,35.54472732543945,1.2178814448416233,6.3365077972412145,1.0
45,79,3,498,34.400001525878906,29.976337432861328,33.54499053955078,36.78731918334961,0.7310437867417932,6.810981750488281,1.0
45,79,4,499,31.100000381469727,26.989356994628903,30.763153076171875,34.27386474609375,0.11346610708642402,7.284507751464847,1.0
45,79,5,500,29.100000381469727,25.46469497680664,28.5676383972168,32.220096588134766,0.2834092822777128,6.755401611328125,1.0
45,80,1,496,28.200000762939453,26.69298553466797,30.18683433532715,32.97149658203125,3.9475076443668513,6.278511047363281,1.0
45,80,2,497,30.899999618530277,28.22054481506348,31.52853012084961,34.38751220703125,0.3950505923457923,6.16696739196777,1.0
45,80,3,498,31.299999237060547,27.203582763671875,30.131893157958984,32.9586067199707,1.3644718120340258,5.755023956298828,1.0
45,80,4,499,28.200000762939453,26.421857833862305,28.518526077270508,31.09943389892578,0.10145837586969719,4.677576065063477,1.0
45,80,5,500,27.399999618530277,25.384239196777344,27.78143882751465,30.535795211791992,0.14549587015062299,5.151556015014648,1.0
45,81,1,496,31.200000762939453,25.47649955749512,29.60778045654297,33.20416259765625,2.5351655041013146,7.727663040161129,1.0
45,81,2,497,34.400001525878906,28.873815536499023,33.656864166259766,36.83720779418945,0.5522531352617079,7.96339225769043,1.0
45,81,3,498,35.900001525878906,29.2480583190918,34.4369010925293,36.92274475097656,2.1406628780678147,7.674686431884762,1.0
45,81,4,499,34.70000076293945,24.98431968688965,31.910512924194336,33.55178451538086,7.781242402506905,8.567464828491211,0.0
45,81,5,500,29.100000381469727,21.225683212280277,28.72538185119629,30.995384216308597,0.1403390432242304,9.76970100402832,1.0
45,82,1,496,30.399999618530277,27.135684967041016,29.400619506835938,32.77566146850586,0.9987606076501905,5.639976501464844,1.0
45,82,2,497,33.099998474121094,30.414663314819336,33.216495513916016,35.81070327758789,0.013571560280979611,5.396039962768555,1.0
45,82,3,498,34.5,30.297760009765625,32.8608512878418,35.6490478515625,2.686808500569896,5.351287841796875,1.0
45,82,4,499,33.400001525878906,27.76595115661621,30.05569839477539,33.45709991455078,11.184363432708778,5.69114875793457,1.0
45,82,5,500,29.200000762939453,24.27006721496582,27.361888885498047,31.28299331665039,3.3786552739911713,7.01292610168457,1.0
45,83,1,496,31.700000762939453,27.52736091613769,31.483251571655277,35.315860748291016,0.046980211922344375,7.788499832153324,1.0
45,83,2,497,35.29999923706055,32.94120788574219,35.97464370727539,39.60589218139648,0.4551451611914672,6.66468429565429,1.0
45,83,3,498,35.900001525878906,34.546024322509766,38.13414001464844,41.90205383300781,4.991374787001405,7.356029510498047,1.0
45,83,4,499,35.599998474121094,32.286460876464844,35.964576721191406,39.09468078613281,0.13291729823686182,6.808219909667969,1.0
45,83,5,500,31.5,27.12265968322754,30.87737274169922,34.585411071777344,0.3876647027791478,7.462751388549805,1.0
45,84,1,496,29.799999237060547,25.74297523498535,29.09366798400879,32.90221405029297,0.49890383903766633,7.159238815307617,1.0
45,84,2,497,32.79999923706055,30.0954647064209,34.41830825805664,36.6806526184082,2.6189240874373354,6.585187911987305,1.0
45,84,3,498,34.599998474121094,31.85304450988769,36.44923782348633,39.09195327758789,3.4196861712407554,7.238908767700199,1.0
45,84,4,499,34.400001525878906,29.282930374145508,33.80741882324219,36.60737991333008,0.35115425946423784,7.32444953918457,1.0
45,84,5,500,29.200000762939453,25.501169204711918,30.0330867767334,33.90675354003906,0.6940323063790856,8.405584335327145,1.0
45,85,1,496,31.200000762939453,26.451120376586918,29.631671905517575,32.317657470703125,2.459655405022215,5.866537094116207,1.0
45,85,2,497,34.099998474121094,30.47550773620605,33.813716888427734,36.4676628112793,0.08195714630710427,5.992155075073246,1.0
45,85,3,498,34.5,30.93871116638184,34.53881072998047,36.90756988525391,0.0015062727616168559,5.968858718872074,1.0
45,85,4,499,34.5,28.59597969055176,33.256736755371094,35.4354248046875,1.5457034954451956,6.839445114135739,1.0
45,85,5,500,30.200000762939453,25.70146942138672,29.982635498046875,32.3944091796875,0.047247658381820656,6.692939758300781,1.0
45,86,1,496,28.5,25.535306930541992,27.71303367614746,31.99478530883789,0.6193159948779794,6.459478378295898,1.0
45,86,2,497,29.700000762939453,27.61370849609375,30.152433395385746,34.227882385253906,0.20469528690228211,6.614173889160156,1.0
45,86,3,498,30.200000762939453,27.923662185668945,30.147186279296875,34.01934814453125,0.0027893696824321523,6.095685958862305,1.0
45,86,4,499,27.100000381469727,25.516571044921875,27.115955352783203,31.111085891723636,0.00025456110961386,5.594514846801761,1.0
45,86,5,500,25.899999618530277,22.89253616333008,25.17801094055176,28.880332946777344,0.5212676511291647,5.987796783447262,1.0
45,87,1,496,29.200000762939453,25.96668243408203,28.76070022583008,32.90049743652344,0.19298496190458225,6.933815002441406,1.0
45,87,2,497,32.5,28.52455139160156,31.645586013793945,35.70801544189453,0.7300232598245202,7.183464050292972,1.0
45,87,3,498,31.600000381469727,27.50125312805176,29.98311233520508,34.17650604248047,2.6143269541535004,6.675252914428707,1.0
45,87,4,499,29.700000762939453,24.88504409790039,27.4249324798584,31.888996124267575,5.175935692681378,7.003952026367184,1.0
45,87,5,500,28.799999237060547,23.52369499206543,26.01123046875,30.18927383422852,7.777231243104325,6.6655788421630895,1.0
45,88,1,496,30.0,25.25798797607422,28.018630981445312,31.773038864135746,3.9258231876883656,6.515050888061527,1.0
45,88,2,497,32.5,30.090869903564453,33.29069519042969,36.01067352294922,0.6251988841686398,5.919803619384766,1.0
45,88,3,498,34.79999923706055,31.005369186401367,34.33897018432617,37.11202239990234,0.21254778746515512,6.1066532135009695,1.0
45,88,4,499,33.900001525878906,28.48322105407715,31.37462615966797,33.75069046020508,6.377520740265027,5.26746940612793,0.0
45,88,5,500,28.399999618530277,25.24629211425781,27.911113739013672,30.30372428894043,0.23900940319072453,5.057432174682621,1.0
45,89,1,496,27.600000381469727,23.855430603027344,28.04380416870117,31.67619514465332,0.19696180156097082,7.820764541625977,1.0
45,89,2,497,32.599998474121094,28.156036376953125,32.4337158203125,35.54697036743164,0.027649920957628638,7.390933990478516,1.0
45,89,3,498,31.799999237060547,28.53500747680664,32.54668045043945,35.32466506958008,0.5575328344129957,6.7896575927734375,1.0
45,89,4,499,30.5,25.30710220336914,29.20832061767578,32.34186935424805,1.6684356267214753,7.034767150878906,1.0
45,89,5,500,28.399999618530277,22.937116622924805,26.997726440429688,30.18563842773437,1.9663700660203276,7.248521804809567,1.0
45,90,1,496,27.700000762939453,24.268281936645508,27.931745529174805,31.366024017333984,0.05370563667747774,7.097742080688477,1.0
45,90,2,497,28.899999618530277,29.41192626953125,32.75141906738281,35.80974197387695,14.833431770999569,6.397815704345703,0.0
45,90,3,498,32.0,30.853450775146484,33.847591400146484,37.28840255737305,3.4135939818952465,6.4349517822265625,1.0
45,90,4,499,31.5,29.406593322753903,32.028770446777344,35.86040115356445,0.2795981853851117,6.45380783081055,1.0
45,90,5,500,27.899999618530277,25.69141387939453,28.548973083496094,32.54180908203125,0.4211665582297382,6.850395202636719,1.0
45,91,1,496,28.600000381469727,26.97072029113769,29.174640655517575,32.44842529296875,0.33021144455778584,5.477705001831058,1.0
45,91,2,497,31.799999237060547,31.277374267578125,33.39313507080078,37.04615020751953,2.5380817847471917,5.768775939941406,1.0
45,91,3,498,33.0,31.322717666625977,33.89808654785156,37.18317794799805,0.8065594474319369,5.86046028137207,1.0
45,91,4,499,31.399999618530277,27.55499267578125,30.176029205322266,33.43932342529297,1.49810357240859,5.884330749511719,1.0
45,91,5,500,28.700000762939453,24.147090911865234,27.401691436767575,30.599594116210938,1.6856071064248774,6.452503204345703,1.0
45,92,1,496,29.399999618530277,26.17791175842285,28.102100372314453,31.22209930419922,1.6845424533276039,5.044187545776367,1.0
45,92,2,497,31.600000381469727,30.8209171295166,32.95563507080078,35.541229248046875,1.8377454109177052,4.720312118530273,1.0
45,92,3,498,32.79999923706055,31.556344985961918,33.47377395629883,36.76784896850586,0.4539723722846247,5.211503982543942,1.0
45,92,4,499,31.0,28.07637596130371,30.594921112060547,33.972312927246094,0.16408890545426402,5.895936965942383,1.0
45,92,5,500,27.799999237060547,24.08752822875977,27.415987014770508,29.856136322021484,0.14746538686813437,5.768608093261715,1.0
45,93,1,496,28.5,25.263324737548828,29.044090270996094,32.62262344360352,0.29603422299260274,7.359298706054695,1.0
45,93,2,497,33.400001525878906,29.331249237060547,32.7309455871582,36.61402893066406,0.44763584913744126,7.282779693603516,1.0
45,93,3,498,35.70000076293945,32.08162307739258,35.698326110839844,39.29679107666016,2.804459654726088e-06,7.215167999267585,1.0
45,93,4,499,34.29999923706055,33.371726989746094,36.70302200317383,40.704586029052734,5.774518414458726,7.332859039306641,1.0
45,93,5,500,32.0,31.918519973754883,35.29118347167969,38.63353729248047,10.83188864425756,6.715017318725586,1.0
45,94,1,496,26.0,23.50027847290039,26.981325149536133,29.645034790039062,0.9629990491121134,6.144756317138672,1.0
45,94,2,497,30.5,25.9327392578125,30.393733978271484,33.16472625732422,0.011292467374005355,7.231986999511719,1.0
45,94,3,498,30.200000762939453,26.764028549194336,31.216991424560547,33.92898178100586,1.03427000582451,7.164953231811523,1.0
45,94,4,499,29.399999618530277,23.42297744750977,29.006067276000977,31.811880111694336,0.15518269049062208,8.388902664184567,1.0
45,94,5,500,26.200000762939453,21.49269294738769,27.198808670043945,29.89592742919922,0.9976172352944559,8.403234481811527,1.0
45,95,1,496,28.100000381469727,22.790979385375977,27.467609405517575,29.9671630859375,0.3999183464657153,7.176183700561523,1.0
45,95,2,497,31.700000762939453,25.43784713745117,29.6834716796875,32.539573669433594,4.0663895436009625,7.101726531982425,1.0
45,95,3,498,32.900001525878906,27.191484451293945,31.1203727722168,34.09971618652344,3.1670785008609403,6.908231735229492,1.0
45,95,4,499,33.599998474121094,26.5340576171875,30.532306671142575,33.31713104248047,9.410732998061597,6.783073425292969,0.0
45,95,5,500,28.200000762939453,24.564542770385746,28.421072006225582,30.75830078125,0.048872494608074954,6.193758010864254,1.0
45,96,1,496,27.399999618530277,23.788951873779297,28.306188583374023,30.79630470275879,0.8211784400045807,7.007352828979492,1.0
45,96,2,497,29.799999237060547,26.96513557434082,31.44920921325684,34.02825927734375,2.719893545585376,7.06312370300293,1.0
45,96,3,498,31.0,27.18572807312012,31.723121643066406,34.239681243896484,0.522904910671059,7.053953170776364,1.0
45,96,4,499,29.200000762939453,24.96090316772461,29.284011840820312,31.89512252807617,0.007057861206703819,6.934219360351559,1.0
45,96,5,500,27.299999237060547,22.60114097595215,27.334339141845703,30.1613712310791,0.0011792290606535971,7.560230255126953,1.0
45,97,1,496,29.100000381469727,25.967756271362305,28.88780212402344,31.573564529418945,0.045028100463240066,5.605808258056641,1.0
45,97,2,497,28.399999618530277,27.474288940429688,30.37550163269043,33.939388275146484,3.90260820795082,6.465099334716797,1.0
45,97,3,498,25.799999237060547,26.51397705078125,30.691123962402344,33.617733001708984,23.923101078849868,7.103755950927734,0.0
45,97,4,499,26.799999237060547,24.882190704345703,29.76368522644043,32.95479202270508,8.783434643646615,8.072601318359375,1.0
45,97,5,500,26.299999237060547,23.59101676940918,28.625696182250977,31.771190643310547,5.4088662808680965,8.180173873901367,1.0
45,98,1,496,29.700000762939453,24.909269332885746,28.43818473815918,30.805667877197266,1.5921796803922916,5.89639854431152,1.0
45,98,2,497,31.600000381469727,27.56741714477539,30.823848724365234,33.4582633972168,0.6024113948260492,5.890846252441406,1.0
45,98,3,498,33.20000076293945,28.21133041381836,31.231107711791992,33.81373596191406,3.8765398468567582,5.602405548095703,1.0
45,98,4,499,30.5,26.85095977783203,29.81820106506348,31.995285034179688,0.4648497876805729,5.144325256347656,1.0
45,98,5,500,28.5,25.37409019470215,28.769954681396484,30.86269760131836,0.07287553000787739,5.488607406616211,1.0
45,99,1,496,28.600000381469727,25.277488708496094,28.471269607543945,30.88365364074707,0.016571612155530602,5.606164932250977,1.0
45,99,2,497,31.399999618530277,27.9849796295166,30.94993019104004,33.56245422363281,0.20256248956139053,5.577474594116211,1.0
45,99,3,498,31.899999618530277,28.128761291503903,31.783184051513672,34.22419738769531,0.01364587669741096,6.09543609619141,1.0
45,99,4,499,29.899999618530277,27.042179107666016,30.354639053344727,32.40333938598633,0.20669701568840215,5.3611602783203125,1.0
45,99,5,500,28.100000381469727,25.535341262817383,28.974777221679688,31.27639579772949,0.7652345201677235,5.741054534912106,1.0
