seed,target_index,lead,truth,model,q05,q50,q95
44,0,1,-0.6697542667388916,STDK,-0.7352981567382812,-0.11104236543178558,0.48030567169189453
44,0,1,-0.6697542667388916,STDK_plus_QLSTM,-0.9021756052970886,-0.07071002572774887,0.7082907557487488
44,0,1,-0.6697542667388916,STDK_plus_QConvLSTM,-0.2861311435699463,0.5663363933563232,1.6231706142425537
44,0,2,-0.4212431311607361,STDK,-0.8374030590057373,-0.21702197194099426,0.3778848350048065
44,0,2,-0.4212431311607361,STDK_plus_QLSTM,-0.9764070510864258,-0.13510844111442566,0.6400607824325562
44,0,2,-0.4212431311607361,STDK_plus_QConvLSTM,-0.3315819203853607,0.4968452751636505,1.5005435943603516
44,0,3,-0.4399983882904053,STDK,-0.9880692958831787,-0.3688443899154663,0.22976815700531006
44,0,3,-0.4399983882904053,STDK_plus_QLSTM,-1.0185065269470215,-0.17368844151496887,0.592680811882019
44,0,3,-0.4399983882904053,STDK_plus_QConvLSTM,-0.4507943391799927,0.3528810739517212,1.3469414710998535
44,0,4,-0.7533544301986694,STDK,-1.1161367893218994,-0.4953833818435669,0.10759669542312622
44,0,4,-0.7533544301986694,STDK_plus_QLSTM,-1.0327479839324951,-0.19247016310691833,0.5696182250976562
44,0,4,-0.7533544301986694,STDK_plus_QConvLSTM,-0.5638204216957092,0.24310435354709625,1.1771079301834106
44,0,5,-0.5526423454284668,STDK,-1.2487624883651733,-0.6234763264656067,-0.019576668739318848
44,0,5,-0.5526423454284668,STDK_plus_QLSTM,-1.02365243434906,-0.19412383437156677,0.5603506565093994
44,0,5,-0.5526423454284668,STDK_plus_QConvLSTM,-0.6626113653182983,0.11619234830141068,1.086426019668579
44,1,1,-0.7838003039360046,STDK,-1.6737589836120605,-1.1580865383148193,-0.4467179775238037
44,1,1,-0.7838003039360046,STDK_plus_QLSTM,-1.813025712966919,-1.0369651317596436,-0.06078648567199707
44,1,1,-0.7838003039360046,STDK_plus_QConvLSTM,-1.7827799320220947,-0.7989141941070557,0.3384220600128174
44,1,2,-0.9655381441116333,STDK,-1.7510002851486206,-1.242181658744812,-0.5249204039573669
44,1,2,-0.9655381441116333,STDK_plus_QLSTM,-1.8639817237854004,-1.0692625045776367,-0.08748704195022583
44,1,2,-0.9655381441116333,STDK_plus_QConvLSTM,-1.7892389297485352,-0.8571578860282898,0.30525606870651245
44,1,3,-0.633173406124115,STDK,-1.7666187286376953,-1.2607605457305908,-0.5370811820030212
44,1,3,-0.633173406124115,STDK_plus_QLSTM,-1.897486686706543,-1.0928854942321777,-0.11054593324661255
44,1,3,-0.633173406124115,STDK_plus_QConvLSTM,-1.7050646543502808,-0.7157307863235474,0.3965851068496704
44,1,4,-0.7860773801803589,STDK,-1.7948505878448486,-1.2876721620559692,-0.5553610324859619
44,1,4,-0.7860773801803589,STDK_plus_QLSTM,-1.925719976425171,-1.1195025444030762,-0.13678061962127686
44,1,4,-0.7860773801803589,STDK_plus_QConvLSTM,-1.7172865867614746,-0.7201002836227417,0.41618239879608154
44,1,5,-0.7598663568496704,STDK,-1.8360610008239746,-1.3233343362808228,-0.5805553793907166
44,1,5,-0.7598663568496704,STDK_plus_QLSTM,-1.9623889923095703,-1.1601004600524902,-0.17040526866912842
44,1,5,-0.7598663568496704,STDK_plus_QConvLSTM,-1.762021541595459,-0.7784340381622314,0.43003571033477783
44,2,1,-0.6339322924613953,STDK,-0.893079400062561,-0.3649129867553711,0.26178526878356934
44,2,1,-0.6339322924613953,STDK_plus_QLSTM,-1.1614550352096558,-0.4147982895374298,0.4595213830471039
44,2,1,-0.6339322924613953,STDK_plus_QConvLSTM,-1.0825471878051758,-0.22914786636829376,0.8004518151283264
44,2,2,-0.5530821681022644,STDK,-0.8792098164558411,-0.3577347993850708,0.27219080924987793
44,2,2,-0.5530821681022644,STDK_plus_QLSTM,-1.1455010175704956,-0.39575937390327454,0.47525110840797424
44,2,2,-0.5530821681022644,STDK_plus_QConvLSTM,-1.0215401649475098,-0.24158227443695068,0.8095333576202393
44,2,3,-0.15030840039253235,STDK,-0.8948176503181458,-0.3761618733406067,0.25876307487487793
44,2,3,-0.15030840039253235,STDK_plus_QLSTM,-1.1413905620574951,-0.390345960855484,0.4818247854709625
44,2,3,-0.15030840039253235,STDK_plus_QConvLSTM,-1.0077364444732666,-0.21300959587097168,0.7984050512313843
44,2,4,-0.40319740772247314,STDK,-0.9284628033638,-0.4082499146461487,0.23349660634994507
44,2,4,-0.40319740772247314,STDK_plus_QLSTM,-1.1439566612243652,-0.395195871591568,0.4808785617351532
44,2,4,-0.40319740772247314,STDK_plus_QConvLSTM,-1.0272343158721924,-0.2872643768787384,0.7722746133804321
44,2,5,-0.46498432755470276,STDK,-0.9797989130020142,-0.45342516899108887,0.19409435987472534
44,2,5,-0.46498432755470276,STDK_plus_QLSTM,-1.1573964357376099,-0.4081738293170929,0.4733051359653473
44,2,5,-0.46498432755470276,STDK_plus_QConvLSTM,-1.0773394107818604,-0.3217816948890686,0.7552855610847473
44,3,1,0.23013873398303986,STDK,-0.5101669430732727,0.08296513557434082,0.5691267251968384
44,3,1,0.23013873398303986,STDK_plus_QLSTM,-0.8066734671592712,0.059183668345212936,0.7540146708488464
44,3,1,0.23013873398303986,STDK_plus_QConvLSTM,-0.9286776185035706,-0.1112094447016716,0.6950397491455078
44,3,2,0.21062083542346954,STDK,-0.5086069703102112,0.07946719229221344,0.5723110437393188
44,3,2,0.21062083542346954,STDK_plus_QLSTM,-0.7778539657592773,0.09028168022632599,0.7866802215576172
44,3,2,0.21062083542346954,STDK_plus_QConvLSTM,-0.9445052742958069,-0.16854210197925568,0.5907807350158691
44,3,3,1.0631916522979736,STDK,-0.4891988933086395,0.09735777974128723,0.5981829166412354
44,3,3,1.0631916522979736,STDK_plus_QLSTM,-0.7444165349006653,0.12411274015903473,0.8244574069976807
44,3,3,1.0631916522979736,STDK_plus_QConvLSTM,-1.0955263376235962,-0.23072583973407745,0.5240190029144287
44,3,4,0.23617559671401978,STDK,-0.513623833656311,0.07507897913455963,0.5846375226974487
44,3,4,0.23617559671401978,STDK_plus_QLSTM,-0.7058520317077637,0.1605023294687271,0.8694770336151123
44,3,4,0.23617559671401978,STDK_plus_QConvLSTM,-1.1308420896530151,-0.27868321537971497,0.5381377935409546
44,3,5,0.8970106840133667,STDK,-0.568220853805542,0.027470920234918594,0.5456786751747131
44,3,5,0.8970106840133667,STDK_plus_QLSTM,-0.6643875241279602,0.19989974796772003,0.9219020009040833
44,3,5,0.8970106840133667,STDK_plus_QConvLSTM,-1.25232994556427,-0.46088099479675293,0.4561953544616699
44,4,1,0.2253907322883606,STDK,-0.18030744791030884,0.30626600980758667,0.9134616255760193
44,4,1,0.2253907322883606,STDK_plus_QLSTM,-0.4303753077983856,0.2892375886440277,1.0706216096878052
44,4,1,0.2253907322883606,STDK_plus_QConvLSTM,-0.47153082489967346,0.4225092828273773,1.1930437088012695
44,4,2,0.3261488676071167,STDK,-0.17450398206710815,0.3062792718410492,0.9203063249588013
44,4,2,0.3261488676071167,STDK_plus_QLSTM,-0.4600401222705841,0.25953152775764465,1.0340452194213867
44,4,2,0.3261488676071167,STDK_plus_QConvLSTM,-0.38597428798675537,0.5116103291511536,1.3129017353057861
44,4,3,0.2398546040058136,STDK,-0.1646011769771576,0.31379076838493347,0.9380508661270142
44,4,3,0.2398546040058136,STDK_plus_QLSTM,-0.4968271255493164,0.22308564186096191,0.9927780032157898
44,4,3,0.2398546040058136,STDK_plus_QConvLSTM,-0.3414974510669708,0.4918806254863739,1.280845046043396
44,4,4,0.03422759473323822,STDK,-0.15671312808990479,0.32296985387802124,0.9596369862556458
44,4,4,0.03422759473323822,STDK_plus_QLSTM,-0.5398832559585571,0.18191933631896973,0.948062539100647
44,4,4,0.03422759473323822,STDK_plus_QConvLSTM,-0.3619594871997833,0.48077359795570374,1.3117873668670654
44,4,5,0.3639217019081116,STDK,-0.14750978350639343,0.3369631767272949,0.9870682954788208
44,4,5,0.3639217019081116,STDK_plus_QLSTM,-0.5888204574584961,0.13699844479560852,0.9012248516082764
44,4,5,0.3639217019081116,STDK_plus_QConvLSTM,-0.4232051968574524,0.39982062578201294,1.2294549942016602
44,5,1,-0.7688862681388855,STDK,-0.9678652882575989,-0.4757654666900635,0.16451913118362427
44,5,1,-0.7688862681388855,STDK_plus_QLSTM,-1.3201887607574463,-0.518048882484436,0.30470335483551025
44,5,1,-0.7688862681388855,STDK_plus_QConvLSTM,-1.301538109779358,-0.20289818942546844,0.5863946676254272
44,5,2,-0.8929081559181213,STDK,-1.0538729429244995,-0.5678813457489014,0.07960349321365356
44,5,2,-0.8929081559181213,STDK_plus_QLSTM,-1.342055320739746,-0.535291314125061,0.29136520624160767
44,5,2,-0.8929081559181213,STDK_plus_QConvLSTM,-1.2988710403442383,-0.239934504032135,0.673041582107544
44,5,3,-0.6190394163131714,STDK,-1.1369028091430664,-0.6535044312477112,0.005276858806610107
44,5,3,-0.6190394163131714,STDK_plus_QLSTM,-1.3600189685821533,-0.5499498844146729,0.27436113357543945
44,5,3,-0.6190394163131714,STDK_plus_QConvLSTM,-1.042783260345459,-0.09075409919023514,1.0193891525268555
44,5,4,-0.5452433824539185,STDK,-1.251719355583191,-0.7670246362686157,-0.09239590167999268
44,5,4,-0.5452433824539185,STDK_plus_QLSTM,-1.39435613155365,-0.5803629159927368,0.23661386966705322
44,5,4,-0.5452433824539185,STDK_plus_QConvLSTM,-1.088338017463684,-0.10783080756664276,0.9463915228843689
44,5,5,0.17907769978046417,STDK,-1.3919413089752197,-0.9023359417915344,-0.2143605351448059
44,5,5,0.17907769978046417,STDK_plus_QLSTM,-1.4335012435913086,-0.6128841638565063,0.1934208869934082
44,5,5,0.17907769978046417,STDK_plus_QConvLSTM,-1.0137605667114258,0.03651101142168045,1.1752487421035767
44,6,1,-0.02514827251434326,STDK,0.3019428253173828,0.9074133634567261,1.5286486148834229
44,6,1,-0.02514827251434326,STDK_plus_QLSTM,0.25636130571365356,0.9557179808616638,1.7007966041564941
44,6,1,-0.02514827251434326,STDK_plus_QConvLSTM,-0.09515136480331421,0.9922062754631042,1.7740161418914795
44,6,2,0.6735158562660217,STDK,0.23282909393310547,0.8319159746170044,1.4563026428222656
44,6,2,0.6735158562660217,STDK_plus_QLSTM,0.2947642207145691,0.9908422827720642,1.7225570678710938
44,6,2,0.6735158562660217,STDK_plus_QConvLSTM,-0.07560676336288452,0.9922270178794861,1.598351240158081
44,6,3,0.2509346008300781,STDK,0.13712114095687866,0.7331535816192627,1.364038109779358
44,6,3,0.2509346008300781,STDK_plus_QLSTM,0.32650089263916016,1.0193703174591064,1.742658019065857
44,6,3,0.2509346008300781,STDK_plus_QConvLSTM,-0.09883874654769897,0.8424127101898193,1.5195860862731934
44,6,4,-0.19113540649414062,STDK,0.038644611835479736,0.6363176107406616,1.276362657546997
44,6,4,-0.19113540649414062,STDK_plus_QLSTM,0.35100704431533813,1.0414985418319702,1.7598106861114502
44,6,4,-0.19113540649414062,STDK_plus_QConvLSTM,0.03534418344497681,1.001366138458252,1.5839965343475342
44,6,5,0.9091757535934448,STDK,-0.009822607040405273,0.5939937829971313,1.2448769807815552
44,6,5,0.9091757535934448,STDK_plus_QLSTM,0.36658477783203125,1.057432770729065,1.778651237487793
44,6,5,0.9091757535934448,STDK_plus_QConvLSTM,-0.12658709287643433,0.8968462347984314,1.3943188190460205
44,7,1,0.1731487363576889,STDK,-1.2126328945159912,-0.4961637854576111,0.17335504293441772
44,7,1,0.1731487363576889,STDK_plus_QLSTM,-1.3415498733520508,-0.47624513506889343,0.3822765648365021
44,7,1,0.1731487363576889,STDK_plus_QConvLSTM,-1.2109787464141846,-0.39201420545578003,0.49069714546203613
44,7,2,-0.00894215703010559,STDK,-1.2367947101593018,-0.5221712589263916,0.15308153629302979
44,7,2,-0.00894215703010559,STDK_plus_QLSTM,-1.3406434059143066,-0.475395530462265,0.3770018517971039
44,7,2,-0.00894215703010559,STDK_plus_QConvLSTM,-1.0742530822753906,-0.30574044585227966,0.5629631280899048
44,7,3,0.09722959995269775,STDK,-1.2625652551651,-0.5481561422348022,0.1392551064491272
44,7,3,0.09722959995269775,STDK_plus_QLSTM,-1.32261323928833,-0.44902995228767395,0.3972468674182892
44,7,3,0.09722959995269775,STDK_plus_QConvLSTM,-0.9739495515823364,-0.14343255758285522,0.6444454193115234
44,7,4,-0.34593039751052856,STDK,-1.3067924976348877,-0.5894501805305481,0.11552220582962036
44,7,4,-0.34593039751052856,STDK_plus_QLSTM,-1.2874329090118408,-0.40035244822502136,0.4409831464290619
44,7,4,-0.34593039751052856,STDK_plus_QConvLSTM,-0.9089974164962769,-0.16909214854240417,0.7152478694915771
44,7,5,-0.2524462938308716,STDK,-1.3402972221374512,-0.6173261404037476,0.10636967420578003
44,7,5,-0.2524462938308716,STDK_plus_QLSTM,-1.2295174598693848,-0.33532533049583435,0.5071512460708618
44,7,5,-0.2524462938308716,STDK_plus_QConvLSTM,-0.8027536273002625,-0.10326627641916275,0.7924584150314331
44,8,1,-1.5317602157592773,STDK,-1.9673879146575928,-1.253548502922058,-0.6974077224731445
44,8,1,-1.5317602157592773,STDK_plus_QLSTM,-1.9893516302108765,-1.1137943267822266,-0.26294076442718506
44,8,1,-1.5317602157592773,STDK_plus_QConvLSTM,-2.155902147293091,-1.2846460342407227,-0.49657291173934937
44,8,2,-1.9629191160202026,STDK,-2.1070022583007812,-1.3984384536743164,-0.839814305305481
44,8,2,-1.9629191160202026,STDK_plus_QLSTM,-2.0189127922058105,-1.1384992599487305,-0.27731001377105713
44,8,2,-1.9629191160202026,STDK_plus_QConvLSTM,-2.0635604858398438,-1.2221251726150513,-0.43348342180252075
44,8,3,-1.8912633657455444,STDK,-2.203291893005371,-1.496193766593933,-0.9325262308120728
44,8,3,-1.8912633657455444,STDK_plus_QLSTM,-2.050825834274292,-1.1716936826705933,-0.3016816973686218
44,8,3,-1.8912633657455444,STDK_plus_QConvLSTM,-1.9565998315811157,-1.1631624698638916,-0.3720858693122864
44,8,4,-1.95904541015625,STDK,-2.302253484725952,-1.5929752588272095,-1.0220811367034912
44,8,4,-1.95904541015625,STDK_plus_QLSTM,-2.0775668621063232,-1.2036190032958984,-0.33025693893432617
44,8,4,-1.95904541015625,STDK_plus_QConvLSTM,-1.8163071870803833,-1.1237083673477173,-0.2552078366279602
44,8,5,-1.7234493494033813,STDK,-2.3713598251342773,-1.656189203262329,-1.0765992403030396
44,8,5,-1.7234493494033813,STDK_plus_QLSTM,-2.1050527095794678,-1.2367522716522217,-0.3568592071533203
44,8,5,-1.7234493494033813,STDK_plus_QConvLSTM,-1.769618034362793,-1.0729087591171265,-0.21942764520645142
44,9,1,-0.879096269607544,STDK,-1.637801170349121,-1.0150812864303589,-0.46960562467575073
44,9,1,-0.879096269607544,STDK_plus_QLSTM,-1.6946007013320923,-0.9004989862442017,-0.07600867748260498
44,9,1,-0.879096269607544,STDK_plus_QConvLSTM,-1.7663476467132568,-0.9374900460243225,0.07158142328262329
44,9,2,-1.2273341417312622,STDK,-1.7268407344818115,-1.1121548414230347,-0.5645850300788879
44,9,2,-1.2273341417312622,STDK_plus_QLSTM,-1.783130168914795,-0.980721652507782,-0.1573929786682129
44,9,2,-1.2273341417312622,STDK_plus_QConvLSTM,-1.6755130290985107,-0.8631824254989624,0.22280371189117432
44,9,3,-1.0588264465332031,STDK,-1.8089910745620728,-1.1989740133285522,-0.6467220783233643
44,9,3,-1.0588264465332031,STDK_plus_QLSTM,-1.8627617359161377,-1.0532695055007935,-0.23771780729293823
44,9,3,-1.0588264465332031,STDK_plus_QConvLSTM,-1.6668245792388916,-0.7487497329711914,0.2568579912185669
44,9,4,-1.1872084140777588,STDK,-1.8974535465240479,-1.287992000579834,-0.7289242148399353
44,9,4,-1.1872084140777588,STDK_plus_QLSTM,-1.9292546510696411,-1.1156184673309326,-0.313085675239563
44,9,4,-1.1872084140777588,STDK_plus_QConvLSTM,-1.6291581392288208,-0.547753095626831,0.4216553568840027
44,9,5,-0.7869553565979004,STDK,-1.9704126119613647,-1.357482671737671,-0.7901192307472229
44,9,5,-0.7869553565979004,STDK_plus_QLSTM,-1.9878489971160889,-1.1691370010375977,-0.37399840354919434
44,9,5,-0.7869553565979004,STDK_plus_QConvLSTM,-1.6508841514587402,-0.5027509927749634,0.4368950128555298
44,10,1,-1.9662842750549316,STDK,-1.7727153301239014,-1.147072196006775,-0.5751630663871765
44,10,1,-1.9662842750549316,STDK_plus_QLSTM,-1.8502397537231445,-1.0172395706176758,-0.10985338687896729
44,10,1,-1.9662842750549316,STDK_plus_QConvLSTM,-1.0593352317810059,-0.3865275979042053,0.6351611018180847
44,10,2,-1.7661120891571045,STDK,-1.921569585800171,-1.2997350692749023,-0.7245274782180786
44,10,2,-1.7661120891571045,STDK_plus_QLSTM,-1.8713710308074951,-1.0223636627197266,-0.11369168758392334
44,10,2,-1.7661120891571045,STDK_plus_QConvLSTM,-1.1111454963684082,-0.36037665605545044,0.5786402821540833
44,10,3,-1.3823493719100952,STDK,-1.9990308284759521,-1.3782850503921509,-0.7996223568916321
44,10,3,-1.3823493719100952,STDK_plus_QLSTM,-1.8903579711914062,-1.0340611934661865,-0.12844550609588623
44,10,3,-1.3823493719100952,STDK_plus_QConvLSTM,-1.2654935121536255,-0.43130144476890564,0.4300670325756073
44,10,4,-0.9659784436225891,STDK,-2.0890164375305176,-1.4663995504379272,-0.8839680552482605
44,10,4,-0.9659784436225891,STDK_plus_QLSTM,-1.8884243965148926,-1.0366394519805908,-0.13701879978179932
44,10,4,-0.9659784436225891,STDK_plus_QConvLSTM,-1.3269922733306885,-0.5418798923492432,0.3744913339614868
44,10,5,-0.9855853319168091,STDK,-2.2166707515716553,-1.589553713798523,-1.0059231519699097
44,10,5,-0.9855853319168091,STDK_plus_QLSTM,-1.8816275596618652,-1.0361671447753906,-0.14488005638122559
44,10,5,-0.9855853319168091,STDK_plus_QConvLSTM,-1.5382215976715088,-0.5988023281097412,0.16149163246154785
44,11,1,0.5093067288398743,STDK,-0.5490236282348633,-0.035036977380514145,0.6873111724853516
44,11,1,0.5093067288398743,STDK_plus_QLSTM,-0.8207108378410339,-0.04811505973339081,0.8802427649497986
44,11,1,0.5093067288398743,STDK_plus_QConvLSTM,-0.8163216710090637,0.08392506092786789,1.0324047803878784
44,11,2,1.1339848041534424,STDK,-0.5493564605712891,-0.042542457580566406,0.6851452589035034
44,11,2,1.1339848041534424,STDK_plus_QLSTM,-0.7625482678413391,0.00430084764957428,0.9323228597640991
44,11,2,1.1339848041534424,STDK_plus_QConvLSTM,-0.7874377965927124,0.08352065086364746,1.007570743560791
44,11,3,1.2079066038131714,STDK,-0.5942122340202332,-0.09039561450481415,0.6454779505729675
44,11,3,1.2079066038131714,STDK_plus_QLSTM,-0.7000042200088501,0.06491513550281525,0.9850057363510132
44,11,3,1.2079066038131714,STDK_plus_QConvLSTM,-0.7658138871192932,0.0770907923579216,0.9509600400924683
44,11,4,1.1851716041564941,STDK,-0.6586414575576782,-0.15354661643505096,0.5916492938995361
44,11,4,1.1851716041564941,STDK_plus_QLSTM,-0.6319913864135742,0.13166992366313934,1.0404279232025146
44,11,4,1.1851716041564941,STDK_plus_QConvLSTM,-0.7625475525856018,0.07037293910980225,1.0368238687515259
44,11,5,0.6115306615829468,STDK,-0.7374683022499084,-0.22695279121398926,0.5281409025192261
44,11,5,0.6115306615829468,STDK_plus_QLSTM,-0.5606828331947327,0.20315302908420563,1.0980119705200195
44,11,5,0.6115306615829468,STDK_plus_QConvLSTM,-0.8068072199821472,0.020342791453003883,0.9579482674598694
44,12,1,0.4475647211074829,STDK,-0.20340991020202637,0.3341946005821228,0.937138020992279
44,12,1,0.4475647211074829,STDK_plus_QLSTM,-0.3982356786727905,0.38259243965148926,1.3191368579864502
44,12,1,0.4475647211074829,STDK_plus_QConvLSTM,0.041069865226745605,0.7365598678588867,1.7501674890518188
44,12,2,0.370999813079834,STDK,-0.24532073736190796,0.2857745289802551,0.8918470144271851
44,12,2,0.370999813079834,STDK_plus_QLSTM,-0.42711272835731506,0.35474321246147156,1.2788680791854858
44,12,2,0.370999813079834,STDK_plus_QConvLSTM,-0.12986695766448975,0.6407153606414795,1.6125445365905762
44,12,3,0.551715612411499,STDK,-0.3398999571800232,0.1886928677558899,0.7994236946105957
44,12,3,0.551715612411499,STDK_plus_QLSTM,-0.4507027864456177,0.32912635803222656,1.246078372001648
44,12,3,0.551715612411499,STDK_plus_QConvLSTM,-0.3179747462272644,0.4503360390663147,1.5002708435058594
44,12,4,0.5125595927238464,STDK,-0.4516252875328064,0.07929332554340363,0.6960660815238953
44,12,4,0.5125595927238464,STDK_plus_QLSTM,-0.4712989330291748,0.3056132197380066,1.2183091640472412
44,12,4,0.5125595927238464,STDK_plus_QConvLSTM,-0.5820391774177551,0.27133047580718994,1.3188135623931885
44,12,5,0.2704806923866272,STDK,-0.5112578868865967,0.026193175464868546,0.6515019536018372
44,12,5,0.2704806923866272,STDK_plus_QLSTM,-0.48965463042259216,0.2838183343410492,1.1936208009719849
44,12,5,0.2704806923866272,STDK_plus_QConvLSTM,-0.5554700493812561,0.3629645109176636,1.3715107440948486
44,13,1,0.4268757104873657,STDK,-0.6801498532295227,-0.10325272381305695,0.40933293104171753
44,13,1,0.4268757104873657,STDK_plus_QLSTM,-0.8348851203918457,-0.04824034869670868,0.7152419090270996
44,13,1,0.4268757104873657,STDK_plus_QConvLSTM,-1.1635140180587769,-0.18440215289592743,0.6744981408119202
44,13,2,0.31335681676864624,STDK,-0.7356855869293213,-0.1638348549604416,0.3516109585762024
44,13,2,0.31335681676864624,STDK_plus_QLSTM,-0.8359638452529907,-0.045605942606925964,0.7080724239349365
44,13,2,0.31335681676864624,STDK_plus_QConvLSTM,-1.3459358215332031,-0.23433025181293488,0.5929648280143738
44,13,3,0.3680785894393921,STDK,-0.7952275276184082,-0.22422723472118378,0.29550594091415405
44,13,3,0.3680785894393921,STDK_plus_QLSTM,-0.8545600175857544,-0.05856458842754364,0.6853386163711548
44,13,3,0.3680785894393921,STDK_plus_QConvLSTM,-1.1815159320831299,-0.2857779264450073,0.5713802576065063
44,13,4,0.044160597026348114,STDK,-0.8545330762863159,-0.280121773481369,0.24495109915733337
44,13,4,0.044160597026348114,STDK_plus_QLSTM,-0.884559690952301,-0.08263449370861053,0.6597651243209839
44,13,4,0.044160597026348114,STDK_plus_QConvLSTM,-1.1505606174468994,-0.2316487580537796,0.6027429699897766
44,13,5,0.005186699330806732,STDK,-0.9139159917831421,-0.332378089427948,0.19972330331802368
44,13,5,0.005186699330806732,STDK_plus_QLSTM,-0.9199072122573853,-0.11364798247814178,0.6270700693130493
44,13,5,0.005186699330806732,STDK_plus_QConvLSTM,-1.1814905405044556,-0.21640123426914215,0.6125229597091675
44,14,1,-1.0902222394943237,STDK,-1.4467451572418213,-0.9472780227661133,-0.3204483389854431
44,14,1,-1.0902222394943237,STDK_plus_QLSTM,-1.7310067415237427,-0.8532186150550842,0.096565842628479
44,14,1,-1.0902222394943237,STDK_plus_QConvLSTM,-1.9484951496124268,-0.8864907622337341,-0.16085058450698853
44,14,2,-1.203801155090332,STDK,-1.5159354209899902,-1.0222880840301514,-0.39285391569137573
44,14,2,-1.203801155090332,STDK_plus_QLSTM,-1.8301520347595215,-0.8898253440856934,0.06247013807296753
44,14,2,-1.203801155090332,STDK_plus_QConvLSTM,-1.8833674192428589,-0.76999831199646,-0.0509335994720459
44,14,3,-0.4751453995704651,STDK,-1.589121699333191,-1.0980740785598755,-0.46315574645996094
44,14,3,-0.4751453995704651,STDK_plus_QLSTM,-1.8454229831695557,-0.9061285257339478,0.04113638401031494
44,14,3,-0.4751453995704651,STDK_plus_QConvLSTM,-1.7728197574615479,-0.7800683975219727,-0.0054849982261657715
44,14,4,-0.5605664253234863,STDK,-1.6506354808807373,-1.158321738243103,-0.5155658721923828
44,14,4,-0.5605664253234863,STDK_plus_QLSTM,-1.80790114402771,-0.9173708558082581,0.022706210613250732
44,14,4,-0.5605664253234863,STDK_plus_QConvLSTM,-1.5770502090454102,-0.5853834748268127,0.16839390993118286
44,14,5,-0.34483930468559265,STDK,-1.7022329568862915,-1.2045644521713257,-0.5514079332351685
44,14,5,-0.34483930468559265,STDK_plus_QLSTM,-1.7836692333221436,-0.9349122643470764,-0.002017974853515625
44,14,5,-0.34483930468559265,STDK_plus_QConvLSTM,-1.636047124862671,-0.7186751961708069,0.06899720430374146
44,15,1,0.37692970037460327,STDK,-0.08436036109924316,0.45925891399383545,1.042976975440979
44,15,1,0.37692970037460327,STDK_plus_QLSTM,-0.1383662223815918,0.6268866062164307,1.438819169998169
44,15,1,0.37692970037460327,STDK_plus_QConvLSTM,-0.8119725584983826,0.1682073473930359,0.9049859642982483
44,15,2,0.8658748269081116,STDK,-0.200087308883667,0.33746665716171265,0.927353024482727
44,15,2,0.8658748269081116,STDK_plus_QLSTM,-0.15729957818984985,0.6243003606796265,1.4243730306625366
44,15,2,0.8658748269081116,STDK_plus_QConvLSTM,-0.6586592793464661,0.30504322052001953,1.1102908849716187
44,15,3,0.9942925572395325,STDK,-0.26615437865257263,0.26891931891441345,0.8673050403594971
44,15,3,0.9942925572395325,STDK_plus_QLSTM,-0.18660098314285278,0.6028708219528198,1.3962960243225098
44,15,3,0.9942925572395325,STDK_plus_QConvLSTM,-0.6044793725013733,0.41751307249069214,1.1757915019989014
44,15,4,0.45602360367774963,STDK,-0.3589470684528351,0.17758235335350037,0.7867357730865479
44,15,4,0.45602360367774963,STDK_plus_QLSTM,-0.22677701711654663,0.5665639638900757,1.3550405502319336
44,15,4,0.45602360367774963,STDK_plus_QConvLSTM,-0.3113170862197876,0.7117352485656738,1.3946208953857422
44,15,5,0.7434216737747192,STDK,-0.41161254048347473,0.1305016577243805,0.7519328594207764
44,15,5,0.7434216737747192,STDK_plus_QLSTM,-0.2727206349372864,0.5206891894340515,1.3086023330688477
44,15,5,0.7434216737747192,STDK_plus_QConvLSTM,-0.36978471279144287,0.6928682327270508,1.3268697261810303
44,16,1,0.4581567049026489,STDK,-0.38706716895103455,0.1879371702671051,0.7600560188293457
44,16,1,0.4581567049026489,STDK_plus_QLSTM,-0.5052412748336792,0.28198572993278503,1.1996840238571167
44,16,1,0.4581567049026489,STDK_plus_QConvLSTM,-0.22709178924560547,0.46337294578552246,1.153719186782837
44,16,2,0.8772748708724976,STDK,-0.4974501430988312,0.07238003611564636,0.6470451354980469
44,16,2,0.8772748708724976,STDK_plus_QLSTM,-0.5717819333076477,0.20278048515319824,1.111437439918518
44,16,2,0.8772748708724976,STDK_plus_QConvLSTM,-0.04126065969467163,0.6365673542022705,1.2758376598358154
44,16,3,0.09221360087394714,STDK,-0.5051006078720093,0.06237224116921425,0.6418476700782776
44,16,3,0.09221360087394714,STDK_plus_QLSTM,-0.640418291091919,0.12668922543525696,1.0363705158233643
44,16,3,0.09221360087394714,STDK_plus_QConvLSTM,0.05339634418487549,0.69028639793396,1.3926334381103516
44,16,4,-0.09569640457630157,STDK,-0.49336495995521545,0.07590481638908386,0.6624655723571777
44,16,4,-0.09569640457630157,STDK_plus_QLSTM,-0.7183098196983337,0.050970666110515594,0.9667243361473083
44,16,4,-0.09569640457630157,STDK_plus_QConvLSTM,0.05076944828033447,0.7567298412322998,1.3815124034881592
44,16,5,-0.3612203001976013,STDK,-0.5447342395782471,0.03045256808400154,0.6258440613746643
44,16,5,-0.3612203001976013,STDK_plus_QLSTM,-0.8021242022514343,-0.01949489861726761,0.9018456339836121
44,16,5,-0.3612203001976013,STDK_plus_QConvLSTM,-0.12497985363006592,0.6995611786842346,1.2742152214050293
44,17,1,0.6458536982536316,STDK,-1.173898458480835,-0.5255646109580994,0.1755031943321228
44,17,1,0.6458536982536316,STDK_plus_QLSTM,-1.2877827882766724,-0.4485650956630707,0.49717679619789124
44,17,1,0.6458536982536316,STDK_plus_QConvLSTM,-1.103363275527954,-0.07325242459774017,0.7630683779716492
44,17,2,0.4658878445625305,STDK,-1.2072608470916748,-0.5636151432991028,0.14369112253189087
44,17,2,0.4658878445625305,STDK_plus_QLSTM,-1.3197474479675293,-0.48208922147750854,0.46912920475006104
44,17,2,0.4658878445625305,STDK_plus_QConvLSTM,-0.9509881734848022,-0.09129051864147186,0.8130312561988831
44,17,3,0.03824460133910179,STDK,-1.2415882349014282,-0.599120557308197,0.11948078870773315
44,17,3,0.03824460133910179,STDK_plus_QLSTM,-1.3572410345077515,-0.5206146240234375,0.4312310218811035
44,17,3,0.03824460133910179,STDK_plus_QConvLSTM,-0.9175724983215332,0.008194517344236374,0.8647202849388123
44,17,4,-0.1723293960094452,STDK,-1.2751349210739136,-0.6299765110015869,0.10497105121612549
44,17,4,-0.1723293960094452,STDK_plus_QLSTM,-1.3973307609558105,-0.561553955078125,0.3891807794570923
44,17,4,-0.1723293960094452,STDK_plus_QConvLSTM,-0.793442964553833,0.1323147714138031,1.04425048828125
44,17,5,0.030932694673538208,STDK,-1.285697340965271,-0.6343019008636475,0.11572843790054321
44,17,5,0.030932694673538208,STDK_plus_QLSTM,-1.4376115798950195,-0.6028987765312195,0.34340351819992065
44,17,5,0.030932694673538208,STDK_plus_QConvLSTM,-0.5430524349212646,0.24893376231193542,1.2576380968093872
44,18,1,-0.3482202887535095,STDK,-0.8452603816986084,-0.15962544083595276,0.43395838141441345
44,18,1,-0.3482202887535095,STDK_plus_QLSTM,-1.0608867406845093,-0.16898690164089203,0.7136632800102234
44,18,1,-0.3482202887535095,STDK_plus_QConvLSTM,-0.9183878302574158,-0.09469182044267654,0.9012870192527771
44,18,2,0.21363283693790436,STDK,-0.8493684530258179,-0.1684941202402115,0.4279775023460388
44,18,2,0.21363283693790436,STDK_plus_QLSTM,-1.1587539911270142,-0.27011731266975403,0.6097925901412964
44,18,2,0.21363283693790436,STDK_plus_QConvLSTM,-0.8802677989006042,-0.08934658765792847,0.9117209315299988
44,18,3,0.2615526020526886,STDK,-0.8655331134796143,-0.18625661730766296,0.41629841923713684
44,18,3,0.2615526020526886,STDK_plus_QLSTM,-1.2022697925567627,-0.32377633452415466,0.554173469543457
44,18,3,0.2615526020526886,STDK_plus_QConvLSTM,-0.8134178519248962,-0.08909855782985687,1.0727242231369019
44,18,4,-0.14390040934085846,STDK,-0.878327488899231,-0.19686073064804077,0.41315871477127075
44,18,4,-0.14390040934085846,STDK_plus_QLSTM,-1.2152900695800781,-0.35096386075019836,0.5249710083007812
44,18,4,-0.14390040934085846,STDK_plus_QConvLSTM,-0.5968526005744934,0.1498369723558426,1.2231632471084595
44,18,5,0.49481669068336487,STDK,-0.8764170408248901,-0.18910817801952362,0.42948710918426514
44,18,5,0.49481669068336487,STDK_plus_QLSTM,-1.214667797088623,-0.3657650053501129,0.5110882520675659
44,18,5,0.49481669068336487,STDK_plus_QConvLSTM,-0.42933395504951477,0.3428440988063812,1.438413143157959
44,19,1,-0.4195302724838257,STDK,-1.3357045650482178,-0.6918651461601257,-0.0717700719833374
44,19,1,-0.4195302724838257,STDK_plus_QLSTM,-1.400565505027771,-0.6223192811012268,0.26473337411880493
44,19,1,-0.4195302724838257,STDK_plus_QConvLSTM,-1.5681004524230957,-0.6934056878089905,0.3027993440628052
44,19,2,-0.7141981720924377,STDK,-1.449074625968933,-0.8122126460075378,-0.18951231241226196
44,19,2,-0.7141981720924377,STDK_plus_QLSTM,-1.508973479270935,-0.7215074300765991,0.1626095175743103
44,19,2,-0.7141981720924377,STDK_plus_QConvLSTM,-1.4988420009613037,-0.7000391483306885,0.18731623888015747
44,19,3,-0.6438934206962585,STDK,-1.5150563716888428,-0.8814353346824646,-0.25391578674316406
44,19,3,-0.6438934206962585,STDK_plus_QLSTM,-1.6008710861206055,-0.8021738529205322,0.07691919803619385
44,19,3,-0.6438934206962585,STDK_plus_QConvLSTM,-1.5199849605560303,-0.7024682760238647,0.2013932466506958
44,19,4,-0.7763224244117737,STDK,-1.5502212047576904,-0.9165620803833008,-0.28198903799057007
44,19,4,-0.7763224244117737,STDK_plus_QLSTM,-1.6749019622802734,-0.865521252155304,0.009395956993103027
44,19,4,-0.7763224244117737,STDK_plus_QConvLSTM,-1.4587746858596802,-0.6373282074928284,0.3584885001182556
44,19,5,-0.4491312801837921,STDK,-1.5505640506744385,-0.912873387336731,-0.2694016695022583
44,19,5,-0.4491312801837921,STDK_plus_QLSTM,-1.728636384010315,-0.9137032628059387,-0.043275415897369385
44,19,5,-0.4491312801837921,STDK_plus_QConvLSTM,-1.3855390548706055,-0.5474944710731506,0.4932810664176941
44,20,1,0.5568687319755554,STDK,-0.17971545457839966,0.2926381826400757,0.9740010499954224
44,20,1,0.5568687319755554,STDK_plus_QLSTM,-0.3547779619693756,0.3549405634403229,1.2327079772949219
44,20,1,0.5568687319755554,STDK_plus_QConvLSTM,-0.6731836795806885,0.37929847836494446,1.3083713054656982
44,20,2,0.26640182733535767,STDK,-0.21973955631256104,0.24550843238830566,0.9323170781135559
44,20,2,0.26640182733535767,STDK_plus_QLSTM,-0.340472012758255,0.3555416762828827,1.2271881103515625
44,20,2,0.26640182733535767,STDK_plus_QConvLSTM,-0.5012859106063843,0.3521282374858856,1.3211091756820679
44,20,3,0.6440696120262146,STDK,-0.2389867603778839,0.2219446301460266,0.9170086979866028
44,20,3,0.6440696120262146,STDK_plus_QLSTM,-0.320718914270401,0.364842027425766,1.232480525970459
44,20,3,0.6440696120262146,STDK_plus_QConvLSTM,-0.6783546209335327,0.2591320276260376,1.263594388961792
44,20,4,0.4341796040534973,STDK,-0.2712339162826538,0.18935886025428772,0.8942893743515015
44,20,4,0.4341796040534973,STDK_plus_QLSTM,-0.30393752455711365,0.3798413574695587,1.2447937726974487
44,20,4,0.4341796040534973,STDK_plus_QConvLSTM,-0.7469527125358582,0.12773142755031586,1.081376075744629
44,20,5,0.019214697182178497,STDK,-0.32204633951187134,0.14210951328277588,0.8575037121772766
44,20,5,0.019214697182178497,STDK_plus_QLSTM,-0.29189667105674744,0.397076278924942,1.2593668699264526
44,20,5,0.019214697182178497,STDK_plus_QConvLSTM,-0.8376789093017578,0.11656356602907181,1.035512924194336
44,21,1,-0.5623652935028076,STDK,-0.7459962964057922,-0.2429097294807434,0.4222869277000427
44,21,1,-0.5623652935028076,STDK_plus_QLSTM,-1.101674199104309,-0.24253371357917786,0.554599404335022
44,21,1,-0.5623652935028076,STDK_plus_QConvLSTM,-1.1207417249679565,-0.23719573020935059,0.7736926078796387
44,21,2,-0.01810915768146515,STDK,-0.5988152027130127,-0.10200050473213196,0.5684405565261841
44,21,2,-0.01810915768146515,STDK_plus_QLSTM,-0.9749343395233154,-0.11860623955726624,0.6776909828186035
44,21,2,-0.01810915768146515,STDK_plus_QConvLSTM,-1.0686748027801514,-0.17435798048973083,0.7717329263687134
44,21,3,-0.076870396733284,STDK,-0.4713688790798187,0.02241627499461174,0.7016950845718384
44,21,3,-0.076870396733284,STDK_plus_QLSTM,-0.8507224321365356,0.001973838545382023,0.7964949607849121
44,21,3,-0.076870396733284,STDK_plus_QConvLSTM,-1.0595502853393555,-0.11883661895990372,0.7774197459220886
44,21,4,-0.4726123809814453,STDK,-0.4289119839668274,0.06533248722553253,0.7551944851875305
44,21,4,-0.4726123809814453,STDK_plus_QLSTM,-0.7374037504196167,0.11329707503318787,0.906798243522644
44,21,4,-0.4726123809814453,STDK_plus_QConvLSTM,-1.0745272636413574,-0.12949217855930328,0.7667028307914734
44,21,5,-0.8135873079299927,STDK,-0.41910478472709656,0.07934337854385376,0.7829570174217224
44,21,5,-0.8135873079299927,STDK_plus_QLSTM,-0.6357026100158691,0.21322476863861084,1.0072813034057617
44,21,5,-0.8135873079299927,STDK_plus_QConvLSTM,-1.0200071334838867,-0.123269222676754,0.8612817525863647
44,22,1,-1.122042179107666,STDK,-1.285956859588623,-0.7514185905456543,-0.14241766929626465
44,22,1,-1.122042179107666,STDK_plus_QLSTM,-1.6964192390441895,-0.8221960663795471,-0.03721195459365845
44,22,1,-1.122042179107666,STDK_plus_QConvLSTM,-1.0101279020309448,-0.1610812097787857,0.7509146332740784
44,22,2,-0.8793201446533203,STDK,-1.1842937469482422,-0.6565686464309692,-0.04444301128387451
44,22,2,-0.8793201446533203,STDK_plus_QLSTM,-1.6805877685546875,-0.7985711097717285,-0.010985970497131348
44,22,2,-0.8793201446533203,STDK_plus_QConvLSTM,-1.1369346380233765,-0.1844216287136078,0.7177474498748779
44,22,3,-0.2572264075279236,STDK,-1.1200108528137207,-0.5956518650054932,0.022060275077819824
44,22,3,-0.2572264075279236,STDK_plus_QLSTM,-1.658530831336975,-0.773943305015564,0.016448676586151123
44,22,3,-0.2572264075279236,STDK_plus_QConvLSTM,-1.169011116027832,-0.24415454268455505,0.6099622249603271
44,22,4,-0.5168384313583374,STDK,-1.089712142944336,-0.564671516418457,0.06056636571884155
44,22,4,-0.5168384313583374,STDK_plus_QLSTM,-1.6311110258102417,-0.7466731071472168,0.04837435483932495
44,22,4,-0.5168384313583374,STDK_plus_QConvLSTM,-1.1946547031402588,-0.2668592929840088,0.48090916872024536
44,22,5,-0.4059012830257416,STDK,-1.0994477272033691,-0.5697615146636963,0.06378203630447388
44,22,5,-0.4059012830257416,STDK_plus_QLSTM,-1.6071197986602783,-0.7213649749755859,0.08061259984970093
44,22,5,-0.4059012830257416,STDK_plus_QConvLSTM,-1.2013541460037231,-0.2509854733943939,0.6072099208831787
44,23,1,-0.28438329696655273,STDK,-1.119323968887329,-0.5906660556793213,-0.04150986671447754
44,23,1,-0.28438329696655273,STDK_plus_QLSTM,-1.4511775970458984,-0.5932056307792664,0.1685115098953247
44,23,1,-0.28438329696655273,STDK_plus_QConvLSTM,-1.7075276374816895,-0.5323062539100647,0.3574157953262329
44,23,2,0.4461328387260437,STDK,-1.2169411182403564,-0.6956987380981445,-0.14450252056121826
44,23,2,0.4461328387260437,STDK_plus_QLSTM,-1.4476981163024902,-0.5941370129585266,0.1531727910041809
44,23,2,0.4461328387260437,STDK_plus_QConvLSTM,-1.843277931213379,-0.6483187079429626,0.11940580606460571
44,23,3,0.3229445815086365,STDK,-1.267481803894043,-0.7493988871574402,-0.19370466470718384
44,23,3,0.3229445815086365,STDK_plus_QLSTM,-1.4425750970840454,-0.5902864336967468,0.1519920825958252
44,23,3,0.3229445815086365,STDK_plus_QConvLSTM,-1.769744634628296,-0.5870273113250732,0.06942498683929443
44,23,4,0.34593459963798523,STDK,-1.3071494102478027,-0.7877161502838135,-0.22611922025680542
44,23,4,0.34593459963798523,STDK_plus_QLSTM,-1.437596082687378,-0.5847895741462708,0.16232579946517944
44,23,4,0.34593459963798523,STDK_plus_QConvLSTM,-1.788609266281128,-0.6185539364814758,-0.028021037578582764
44,23,5,0.2846056818962097,STDK,-1.368494987487793,-0.8437753319740295,-0.2752017378807068
44,23,5,0.2846056818962097,STDK_plus_QLSTM,-1.4322168827056885,-0.5772067904472351,0.1815943717956543
44,23,5,0.2846056818962097,STDK_plus_QConvLSTM,-1.7998387813568115,-0.6493542790412903,0.0577162504196167
44,24,1,-1.4106552600860596,STDK,-1.9565246105194092,-1.4747611284255981,-0.8307390809059143
44,24,1,-1.4106552600860596,STDK_plus_QLSTM,-2.2280755043029785,-1.4327198266983032,-0.5107393264770508
44,24,1,-1.4106552600860596,STDK_plus_QConvLSTM,-1.9572383165359497,-0.8701753616333008,-0.09806579351425171
44,24,2,-1.4081060886383057,STDK,-1.9760602712631226,-1.4993908405303955,-0.8532164692878723
44,24,2,-1.4081060886383057,STDK_plus_QLSTM,-2.2236759662628174,-1.4296374320983887,-0.49214816093444824
44,24,2,-1.4081060886383057,STDK_plus_QConvLSTM,-1.9695905447006226,-0.8356753587722778,-0.06191706657409668
44,24,3,-1.4680674076080322,STDK,-1.9780349731445312,-1.5037049055099487,-0.8525477051734924
44,24,3,-1.4680674076080322,STDK_plus_QLSTM,-2.2302215099334717,-1.4376827478408813,-0.4967052936553955
44,24,3,-1.4680674076080322,STDK_plus_QConvLSTM,-1.840907096862793,-0.7018123865127563,0.050017714500427246
44,24,4,-1.4708232879638672,STDK,-2.026581287384033,-1.5509470701217651,-0.8910660147666931
44,24,4,-1.4708232879638672,STDK_plus_QLSTM,-2.244004487991333,-1.4538077116012573,-0.5168273448944092
44,24,4,-1.4708232879638672,STDK_plus_QConvLSTM,-1.8133522272109985,-0.6880055665969849,0.06142234802246094
44,24,5,-0.7148952484130859,STDK,-2.1280007362365723,-1.6471834182739258,-0.9760199785232544
44,24,5,-0.7148952484130859,STDK_plus_QLSTM,-2.2634215354919434,-1.4748681783676147,-0.5455756187438965
44,24,5,-0.7148952484130859,STDK_plus_QConvLSTM,-1.7528457641601562,-0.6276611089706421,0.12761908769607544
44,25,1,-2.2517261505126953,STDK,-2.70597243309021,-2.2130231857299805,-1.6075522899627686
44,25,1,-2.2517261505126953,STDK_plus_QLSTM,-3.0539090633392334,-2.2001309394836426,-1.3102359771728516
44,25,1,-2.2517261505126953,STDK_plus_QConvLSTM,-2.5112900733947754,-1.6295899152755737,-0.657727837562561
44,25,2,-1.6119121313095093,STDK,-2.713425636291504,-2.2263903617858887,-1.6176202297210693
44,25,2,-1.6119121313095093,STDK_plus_QLSTM,-3.0599515438079834,-2.2085978984832764,-1.3114573955535889
44,25,2,-1.6119121313095093,STDK_plus_QConvLSTM,-2.364635944366455,-1.440114974975586,-0.41690754890441895
44,25,3,-1.8752413988113403,STDK,-2.7223801612854004,-2.2375423908233643,-1.6240341663360596
44,25,3,-1.8752413988113403,STDK_plus_QLSTM,-3.050851583480835,-2.2030272483825684,-1.307804822921753
44,25,3,-1.8752413988113403,STDK_plus_QConvLSTM,-2.079923629760742,-1.1994969844818115,-0.2372332215309143
44,25,4,-2.429882287979126,STDK,-2.7545080184936523,-2.2686939239501953,-1.649379849433899
44,25,4,-2.429882287979126,STDK_plus_QLSTM,-3.0512733459472656,-2.203589677810669,-1.3134498596191406
44,25,4,-2.429882287979126,STDK_plus_QConvLSTM,-2.0342278480529785,-1.0892808437347412,-0.09662586450576782
44,25,5,-1.8726112842559814,STDK,-2.8161144256591797,-2.325211763381958,-1.6989643573760986
44,25,5,-1.8726112842559814,STDK_plus_QLSTM,-3.048870086669922,-2.1981723308563232,-1.3121120929718018
44,25,5,-1.8726112842559814,STDK_plus_QConvLSTM,-1.8877012729644775,-0.9496852159500122,0.09489250183105469
44,26,1,1.3544437885284424,STDK,-0.27641409635543823,0.2534833550453186,0.8504153490066528
44,26,1,1.3544437885284424,STDK_plus_QLSTM,-0.5471063256263733,0.3124619126319885,1.0895378589630127
44,26,1,1.3544437885284424,STDK_plus_QConvLSTM,-1.096793532371521,-0.34990957379341125,0.5128582715988159
44,26,2,1.1196318864822388,STDK,-0.24474236369132996,0.27886542677879333,0.878589391708374
44,26,2,1.1196318864822388,STDK_plus_QLSTM,-0.4533447027206421,0.3870176076889038,1.1312530040740967
44,26,2,1.1196318864822388,STDK_plus_QConvLSTM,-0.8445038795471191,-0.1573607623577118,0.7132917642593384
44,26,3,0.9189456105232239,STDK,-0.23900288343429565,0.2819693088531494,0.8870102763175964
44,26,3,0.9189456105232239,STDK_plus_QLSTM,-0.40217477083206177,0.4290745258331299,1.1629656553268433
44,26,3,0.9189456105232239,STDK_plus_QConvLSTM,-0.7508827447891235,0.012493893504142761,0.8776220083236694
44,26,4,0.5929166078567505,STDK,-0.28202366828918457,0.24029946327209473,0.8524004220962524
44,26,4,0.5929166078567505,STDK_plus_QLSTM,-0.3768019676208496,0.4525974988937378,1.2008506059646606
44,26,4,0.5929166078567505,STDK_plus_QConvLSTM,-0.547612190246582,0.29462021589279175,1.1416306495666504
44,26,5,0.9380687475204468,STDK,-0.3393940329551697,0.18830542266368866,0.808570384979248
44,26,5,0.9380687475204468,STDK_plus_QLSTM,-0.3680393695831299,0.4642045497894287,1.2301404476165771
44,26,5,0.9380687475204468,STDK_plus_QConvLSTM,-0.44659000635147095,0.3969258666038513,1.3085131645202637
44,27,1,1.9304198026657104,STDK,0.47411251068115234,1.041803002357483,1.6831846237182617
44,27,1,1.9304198026657104,STDK_plus_QLSTM,0.19300639629364014,1.0981066226959229,1.955167531967163
44,27,1,1.9304198026657104,STDK_plus_QConvLSTM,-0.5786644220352173,0.3468588590621948,1.2727293968200684
44,27,2,1.2813758850097656,STDK,0.4701063632965088,1.031298279762268,1.6765233278274536
44,27,2,1.2813758850097656,STDK_plus_QLSTM,0.262603223323822,1.131152629852295,1.9693849086761475
44,27,2,1.2813758850097656,STDK_plus_QConvLSTM,-0.5393407344818115,0.4218387007713318,1.2270011901855469
44,27,3,1.5780545473098755,STDK,0.41893041133880615,0.9776601791381836,1.6279116868972778
44,27,3,1.5780545473098755,STDK_plus_QLSTM,0.311557412147522,1.1492953300476074,1.968355655670166
44,27,3,1.5780545473098755,STDK_plus_QConvLSTM,-0.49113237857818604,0.41891056299209595,1.4185352325439453
44,27,4,0.7839096188545227,STDK,0.31310611963272095,0.8736187815666199,1.5301295518875122
44,27,4,0.7839096188545227,STDK_plus_QLSTM,0.34744352102279663,1.1726281642913818,1.9772095680236816
44,27,4,0.7839096188545227,STDK_plus_QConvLSTM,-0.2320082187652588,0.6587549448013306,1.6313791275024414
44,27,5,1.0097336769104004,STDK,0.20361363887786865,0.7698553800582886,1.4310150146484375
44,27,5,1.0097336769104004,STDK_plus_QLSTM,0.36831480264663696,1.1980520486831665,1.9917967319488525
44,27,5,1.0097336769104004,STDK_plus_QConvLSTM,-0.15154939889907837,0.8533125519752502,1.6447179317474365
44,28,1,2.0422568321228027,STDK,1.5680394172668457,2.206761121749878,2.8513169288635254
44,28,1,2.0422568321228027,STDK_plus_QLSTM,1.47603440284729,2.198453426361084,2.9471640586853027
44,28,1,2.0422568321228027,STDK_plus_QConvLSTM,0.511978030204773,1.6152663230895996,2.7120609283447266
44,28,2,1.9178928136825562,STDK,1.543806552886963,2.17883038520813,2.828336000442505
44,28,2,1.9178928136825562,STDK_plus_QLSTM,1.4470279216766357,2.1682989597320557,2.9110801219940186
44,28,2,1.9178928136825562,STDK_plus_QConvLSTM,0.6237319707870483,1.6954524517059326,2.765059471130371
44,28,3,1.6457725763320923,STDK,1.4991858005523682,2.132911443710327,2.7894299030303955
44,28,3,1.6457725763320923,STDK_plus_QLSTM,1.4200315475463867,2.140082597732544,2.8806920051574707
44,28,3,1.6457725763320923,STDK_plus_QConvLSTM,0.626007080078125,1.6815106868743896,2.78525972366333
44,28,4,0.8761786222457886,STDK,1.4277441501617432,2.0633938312530518,2.7282094955444336
44,28,4,0.8761786222457886,STDK_plus_QLSTM,1.402083158493042,2.1205828189849854,2.8611061573028564
44,28,4,0.8761786222457886,STDK_plus_QConvLSTM,0.9946979284286499,2.017455577850342,3.0516443252563477
44,28,5,1.5176646709442139,STDK,1.3585686683654785,1.9994584321975708,2.673999786376953
44,28,5,1.5176646709442139,STDK_plus_QLSTM,1.3920574188232422,2.1112782955169678,2.8526132106781006
44,28,5,1.5176646709442139,STDK_plus_QConvLSTM,0.9510669708251953,2.012726306915283,3.055736541748047
44,29,1,-1.2351702451705933,STDK,-2.267179489135742,-1.6356291770935059,-1.095546007156372
44,29,1,-1.2351702451705933,STDK_plus_QLSTM,-2.49155855178833,-1.5305652618408203,-0.68809574842453
44,29,1,-1.2351702451705933,STDK_plus_QConvLSTM,-2.226396083831787,-1.0219030380249023,-0.026452064514160156
44,29,2,-2.0214133262634277,STDK,-2.330366849899292,-1.7024651765823364,-1.1602044105529785
44,29,2,-2.0214133262634277,STDK_plus_QLSTM,-2.5620670318603516,-1.5712707042694092,-0.6916267275810242
44,29,2,-2.0214133262634277,STDK_plus_QConvLSTM,-2.112623691558838,-0.9423398375511169,0.03333944082260132
44,29,3,-1.3653804063796997,STDK,-2.3966939449310303,-1.76956307888031,-1.2238948345184326
44,29,3,-1.3653804063796997,STDK_plus_QLSTM,-2.5766077041625977,-1.5812349319458008,-0.6839218139648438
44,29,3,-1.3653804063796997,STDK_plus_QConvLSTM,-1.8756681680679321,-0.8460520505905151,0.08235406875610352
44,29,4,-1.9574432373046875,STDK,-2.44455623626709,-1.8148739337921143,-1.2653330564498901
44,29,4,-1.9574432373046875,STDK_plus_QLSTM,-2.5760576725006104,-1.5919790267944336,-0.6921037435531616
44,29,4,-1.9574432373046875,STDK_plus_QConvLSTM,-1.7695693969726562,-0.7606079578399658,0.20307284593582153
44,29,5,-1.5067332983016968,STDK,-2.4780936241149902,-1.8433760404586792,-1.2905762195587158
44,29,5,-1.5067332983016968,STDK_plus_QLSTM,-2.572627544403076,-1.6021637916564941,-0.7096116542816162
44,29,5,-1.5067332983016968,STDK_plus_QConvLSTM,-1.704674243927002,-0.7539161443710327,0.20983606576919556
44,30,1,-1.1576921939849854,STDK,-1.4788100719451904,-0.9545425176620483,-0.3005463480949402
44,30,1,-1.1576921939849854,STDK_plus_QLSTM,-1.715271234512329,-0.9164606928825378,-0.0712931752204895
44,30,1,-1.1576921939849854,STDK_plus_QConvLSTM,-1.722165822982788,-0.9281476736068726,0.02640676498413086
44,30,2,-1.1339231729507446,STDK,-1.4464685916900635,-0.9299719333648682,-0.27404671907424927
44,30,2,-1.1339231729507446,STDK_plus_QLSTM,-1.6617398262023926,-0.8568585515022278,0.006300151348114014
44,30,2,-1.1339231729507446,STDK_plus_QConvLSTM,-1.549368143081665,-0.7383165955543518,0.10870927572250366
44,30,3,-1.3975473642349243,STDK,-1.441920518875122,-0.9293915629386902,-0.26897287368774414
44,30,3,-1.3975473642349243,STDK_plus_QLSTM,-1.6308109760284424,-0.8182418942451477,0.06162625551223755
44,30,3,-1.3975473642349243,STDK_plus_QConvLSTM,-1.4300947189331055,-0.6744463443756104,0.23803895711898804
44,30,4,-1.340017318725586,STDK,-1.4879701137542725,-0.9753232002258301,-0.3081589341163635
44,30,4,-1.340017318725586,STDK_plus_QLSTM,-1.6167223453521729,-0.7954555153846741,0.10004764795303345
44,30,4,-1.340017318725586,STDK_plus_QConvLSTM,-1.3259719610214233,-0.5273728370666504,0.3440907597541809
44,30,5,-1.300856351852417,STDK,-1.5778647661209106,-1.0609279870986938,-0.38466817140579224
44,30,5,-1.300856351852417,STDK_plus_QLSTM,-1.609916090965271,-0.7835804224014282,0.1252308487892151
44,30,5,-1.300856351852417,STDK_plus_QConvLSTM,-1.3076585531234741,-0.5394924879074097,0.34061574935913086
44,31,1,1.5531117916107178,STDK,0.011408507823944092,0.621155858039856,1.2523952722549438
44,31,1,1.5531117916107178,STDK_plus_QLSTM,-0.17025047540664673,0.6059812903404236,1.457817554473877
44,31,1,1.5531117916107178,STDK_plus_QConvLSTM,-0.7896608114242554,0.08920449018478394,1.2032506465911865
44,31,2,0.4968988299369812,STDK,-0.0011829137802124023,0.6016538143157959,1.2348790168762207
44,31,2,0.4968988299369812,STDK_plus_QLSTM,-0.16054940223693848,0.6173776984214783,1.4536194801330566
44,31,2,0.4968988299369812,STDK_plus_QConvLSTM,-0.6938043832778931,0.1886252760887146,1.2636678218841553
44,31,3,0.3469095826148987,STDK,-0.0031192898750305176,0.5967481732368469,1.2334471940994263
44,31,3,0.3469095826148987,STDK_plus_QLSTM,-0.17505091428756714,0.602118730545044,1.4303961992263794
44,31,3,0.3469095826148987,STDK_plus_QConvLSTM,-0.5449811816215515,0.31374239921569824,1.3389003276824951
44,31,4,0.5594565868377686,STDK,0.012818515300750732,0.613960862159729,1.255537748336792
44,31,4,0.5594565868377686,STDK_plus_QLSTM,-0.20951664447784424,0.5672308802604675,1.3933004140853882
44,31,4,0.5594565868377686,STDK_plus_QConvLSTM,-0.6040747761726379,0.3211258053779602,1.3111722469329834
44,31,5,0.16648370027542114,STDK,0.011362254619598389,0.6176505088806152,1.2650394439697266
44,31,5,0.16648370027542114,STDK_plus_QLSTM,-0.2596006989479065,0.5170256495475769,1.3466410636901855
44,31,5,0.16648370027542114,STDK_plus_QConvLSTM,-0.6440396308898926,0.25412726402282715,1.25888991355896
44,32,1,-0.0013642720878124237,STDK,-0.9304637908935547,-0.337085485458374,0.2566479444503784
44,32,1,-0.0013642720878124237,STDK_plus_QLSTM,-1.1109272241592407,-0.27473387122154236,0.5389065742492676
44,32,1,-0.0013642720878124237,STDK_plus_QConvLSTM,-1.4855434894561768,-0.5188456177711487,0.3155549168586731
44,32,2,0.4521218538284302,STDK,-1.126235008239746,-0.5393658876419067,0.05666458606719971
44,32,2,0.4521218538284302,STDK_plus_QLSTM,-1.0811835527420044,-0.23599669337272644,0.58033287525177
44,32,2,0.4521218538284302,STDK_plus_QConvLSTM,-1.2689919471740723,-0.36332011222839355,0.5002737045288086
44,32,3,0.23407460749149323,STDK,-1.2218270301818848,-0.6377876996994019,-0.038028180599212646
44,32,3,0.23407460749149323,STDK_plus_QLSTM,-1.0590794086456299,-0.20857319235801697,0.6083688735961914
44,32,3,0.23407460749149323,STDK_plus_QConvLSTM,-1.1976872682571411,-0.26222917437553406,0.5790066719055176
44,32,4,0.7012866139411926,STDK,-1.2610641717910767,-0.6760612726211548,-0.07123708724975586
44,32,4,0.7012866139411926,STDK_plus_QLSTM,-1.0432683229446411,-0.18927821516990662,0.6281725168228149
44,32,4,0.7012866139411926,STDK_plus_QConvLSTM,-1.2299758195877075,-0.27261367440223694,0.5194662809371948
44,32,5,1.1851747035980225,STDK,-1.2591063976287842,-0.6693226099014282,-0.05882000923156738
44,32,5,1.1851747035980225,STDK_plus_QLSTM,-1.0303974151611328,-0.17755159735679626,0.6401761770248413
44,32,5,1.1851747035980225,STDK_plus_QConvLSTM,-1.0426111221313477,-0.017249519005417824,0.7011845111846924
44,33,1,-0.13107527792453766,STDK,-1.0910766124725342,-0.4847443699836731,-0.018737763166427612
44,33,1,-0.13107527792453766,STDK_plus_QLSTM,-1.0804228782653809,-0.3653448522090912,0.5429379940032959
44,33,1,-0.13107527792453766,STDK_plus_QConvLSTM,-1.352069616317749,-0.3888408839702606,0.5508061647415161
44,33,2,-0.025883160531520844,STDK,-1.305087685585022,-0.7058475017547607,-0.23346400260925293
44,33,2,-0.025883160531520844,STDK_plus_QLSTM,-1.1930558681488037,-0.4808221459388733,0.4203898310661316
44,33,2,-0.025883160531520844,STDK_plus_QConvLSTM,-1.319542646408081,-0.4308525323867798,0.46965324878692627
44,33,3,0.5052915811538696,STDK,-1.402724266052246,-0.8067549467086792,-0.3275357782840729
44,33,3,0.5052915811538696,STDK_plus_QLSTM,-1.3213449716567993,-0.5998861193656921,0.3007504940032959
44,33,3,0.5052915811538696,STDK_plus_QConvLSTM,-1.3403880596160889,-0.5030079483985901,0.46770936250686646
44,33,4,-0.22920340299606323,STDK,-1.4438058137893677,-0.8461682796478271,-0.35939720273017883
44,33,4,-0.22920340299606323,STDK_plus_QLSTM,-1.4514858722686768,-0.7054466605186462,0.1994229555130005
44,33,4,-0.22920340299606323,STDK_plus_QConvLSTM,-1.1694917678833008,-0.309904545545578,0.5051859617233276
44,33,5,-0.6143852472305298,STDK,-1.487022876739502,-0.883170485496521,-0.39004188776016235
44,33,5,-0.6143852472305298,STDK_plus_QLSTM,-1.5611963272094727,-0.7917052507400513,0.11637777090072632
44,33,5,-0.6143852472305298,STDK_plus_QConvLSTM,-1.1494096517562866,-0.282978892326355,0.4840427041053772
44,34,1,-0.9950652718544006,STDK,-1.7775635719299316,-1.174928069114685,-0.6483837366104126
44,34,1,-0.9950652718544006,STDK_plus_QLSTM,-1.9799253940582275,-1.1392368078231812,-0.26805198192596436
44,34,1,-0.9950652718544006,STDK_plus_QConvLSTM,-1.4656457901000977,-0.5381309390068054,0.2214822769165039
44,34,2,-0.018255159258842468,STDK,-1.8642895221710205,-1.2680078744888306,-0.7380271553993225
44,34,2,-0.018255159258842468,STDK_plus_QLSTM,-2.0531277656555176,-1.203145980834961,-0.3230765461921692
44,34,2,-0.018255159258842468,STDK_plus_QConvLSTM,-1.515945553779602,-0.6432145237922668,0.082217276096344
44,34,3,-0.027823403477668762,STDK,-1.9364032745361328,-1.3424888849258423,-0.8051605820655823
44,34,3,-0.027823403477668762,STDK_plus_QLSTM,-2.086697816848755,-1.23837149143219,-0.3544332981109619
44,34,3,-0.027823403477668762,STDK_plus_QConvLSTM,-1.7337560653686523,-0.8388475775718689,0.02916586399078369
44,34,4,0.09475159645080566,STDK,-2.040205478668213,-1.4442499876022339,-0.8976956009864807
44,34,4,0.09475159645080566,STDK_plus_QLSTM,-2.0917696952819824,-1.249711036682129,-0.3658389449119568
44,34,4,0.09475159645080566,STDK_plus_QConvLSTM,-1.839808702468872,-0.9311977624893188,-0.17881453037261963
44,34,5,-0.0022653043270111084,STDK,-2.167005777359009,-1.5646330118179321,-1.0090434551239014
44,34,5,-0.0022653043270111084,STDK_plus_QLSTM,-2.0836946964263916,-1.248301386833191,-0.37384647130966187
44,34,5,-0.0022653043270111084,STDK_plus_QConvLSTM,-2.0813331604003906,-1.0918916463851929,-0.2960912585258484
44,35,1,-1.1108752489089966,STDK,-2.004262685775757,-1.4257475137710571,-0.8484193682670593
44,35,1,-1.1108752489089966,STDK_plus_QLSTM,-2.292130947113037,-1.470717191696167,-0.5369495749473572
44,35,1,-1.1108752489089966,STDK_plus_QConvLSTM,-1.664163589477539,-0.7520192265510559,0.3916841149330139
44,35,2,-0.9500551223754883,STDK,-1.999477505683899,-1.4270986318588257,-0.846519410610199
44,35,2,-0.9500551223754883,STDK_plus_QLSTM,-2.2944259643554688,-1.4735945463180542,-0.5537210702896118
44,35,2,-0.9500551223754883,STDK_plus_QConvLSTM,-1.4992523193359375,-0.5479443073272705,0.590373158454895
44,35,3,-0.8779544234275818,STDK,-2.0326128005981445,-1.4626718759536743,-0.8771858811378479
44,35,3,-0.8779544234275818,STDK_plus_QLSTM,-2.291856288909912,-1.47098970413208,-0.5618130564689636
44,35,3,-0.8779544234275818,STDK_plus_QConvLSTM,-1.4310612678527832,-0.5057834386825562,0.6333144903182983
44,35,4,-1.2064495086669922,STDK,-2.077613115310669,-1.5057827234268188,-0.9140872955322266
44,35,4,-1.2064495086669922,STDK_plus_QLSTM,-2.2817721366882324,-1.4599045515060425,-0.5548474788665771
44,35,4,-1.2064495086669922,STDK_plus_QConvLSTM,-1.4042059183120728,-0.5288146734237671,0.6119003295898438
44,35,5,-0.5396592617034912,STDK,-2.1452245712280273,-1.5676761865615845,-0.9691846370697021
44,35,5,-0.5396592617034912,STDK_plus_QLSTM,-2.2678544521331787,-1.4435182809829712,-0.5342141389846802
44,35,5,-0.5396592617034912,STDK_plus_QConvLSTM,-1.397120475769043,-0.5578038692474365,0.5908043384552002
44,36,1,0.46140074729919434,STDK,-0.18060153722763062,0.31990301609039307,0.9513764381408691
44,36,1,0.46140074729919434,STDK_plus_QLSTM,-0.40478968620300293,0.31858259439468384,1.2326915264129639
44,36,1,0.46140074729919434,STDK_plus_QConvLSTM,-0.15955013036727905,0.6891871690750122,1.4289627075195312
44,36,2,0.5749948620796204,STDK,-0.23913216590881348,0.2546689510345459,0.8896777033805847
44,36,2,0.5749948620796204,STDK_plus_QLSTM,-0.4986218214035034,0.23935836553573608,1.1553760766983032
44,36,2,0.5749948620796204,STDK_plus_QConvLSTM,0.06350284814834595,0.9129778742790222,1.571797490119934
44,36,3,0.7856705784797668,STDK,-0.23246026039123535,0.2581555247306824,0.898610532283783
44,36,3,0.7856705784797668,STDK_plus_QLSTM,-0.5998753309249878,0.14534610509872437,1.063783884048462
44,36,3,0.7856705784797668,STDK_plus_QConvLSTM,0.09225314855575562,0.9282060265541077,1.6572301387786865
44,36,4,0.7930375933647156,STDK,-0.2263427972793579,0.2651227116584778,0.9105904698371887
44,36,4,0.7930375933647156,STDK_plus_QLSTM,-0.7036600112915039,0.04649299383163452,0.9670050740242004
44,36,4,0.7930375933647156,STDK_plus_QConvLSTM,0.3112308979034424,1.0291075706481934,1.9442505836486816
44,36,5,0.8057336807250977,STDK,-0.2447049617767334,0.2515537738800049,0.9006096124649048
44,36,5,0.8057336807250977,STDK_plus_QLSTM,-0.8027158379554749,-0.05130249261856079,0.8707990646362305
44,36,5,0.8057336807250977,STDK_plus_QConvLSTM,0.34632325172424316,1.1143441200256348,2.021106243133545
44,37,1,1.2472918033599854,STDK,0.6127804517745972,1.1262505054473877,1.7638661861419678
44,37,1,1.2472918033599854,STDK_plus_QLSTM,0.3910024166107178,1.1693274974822998,1.9695916175842285
44,37,1,1.2472918033599854,STDK_plus_QConvLSTM,-0.4600368142127991,0.3310076594352722,1.3227856159210205
44,37,2,1.2784258127212524,STDK,0.43272507190704346,0.9392787218093872,1.579445481300354
44,37,2,1.2784258127212524,STDK_plus_QLSTM,0.4224526882171631,1.2110135555267334,1.9941167831420898
44,37,2,1.2784258127212524,STDK_plus_QConvLSTM,-0.21868854761123657,0.5941197276115417,1.5509145259857178
44,37,3,1.2541565895080566,STDK,0.31927913427352905,0.8227801322937012,1.4669691324234009
44,37,3,1.2541565895080566,STDK_plus_QLSTM,0.4367135763168335,1.2273591756820679,1.994434118270874
44,37,3,1.2541565895080566,STDK_plus_QConvLSTM,-0.04197359085083008,0.7356644868850708,1.6387286186218262
44,37,4,0.2919386029243469,STDK,0.29075080156326294,0.7954114675521851,1.443739414215088
44,37,4,0.2919386029243469,STDK_plus_QLSTM,0.4530906677246094,1.238799810409546,1.9920766353607178
44,37,4,0.2919386029243469,STDK_plus_QConvLSTM,0.1548779010772705,0.8269833922386169,1.7631807327270508
44,37,5,1.3225736618041992,STDK,0.32949042320251465,0.8394968509674072,1.4915714263916016
44,37,5,1.3225736618041992,STDK_plus_QLSTM,0.4711991548538208,1.2529863119125366,1.996333360671997
44,37,5,1.3225736618041992,STDK_plus_QConvLSTM,0.2039828896522522,0.8798205852508545,1.8664460182189941
44,38,1,-0.5932852625846863,STDK,-1.5787702798843384,-0.9809766411781311,-0.4446268081665039
44,38,1,-0.5932852625846863,STDK_plus_QLSTM,-1.8080425262451172,-0.8299399018287659,0.012355566024780273
44,38,1,-0.5932852625846863,STDK_plus_QConvLSTM,-1.9306553602218628,-1.0088322162628174,-0.176192045211792
44,38,2,-0.5438061356544495,STDK,-1.6918326616287231,-1.1002687215805054,-0.5597867369651794
44,38,2,-0.5438061356544495,STDK_plus_QLSTM,-1.865298867225647,-0.8785900473594666,-0.03570377826690674
44,38,2,-0.5438061356544495,STDK_plus_QConvLSTM,-1.9562914371490479,-1.0102816820144653,-0.2913125157356262
44,38,3,-1.111964464187622,STDK,-1.787412405014038,-1.1980088949203491,-0.6527713537216187
44,38,3,-1.111964464187622,STDK_plus_QLSTM,-1.8895913362503052,-0.9046715497970581,-0.06798797845840454
44,38,3,-1.111964464187622,STDK_plus_QConvLSTM,-1.8942371606826782,-0.8989764451980591,-0.27224546670913696
44,38,4,-1.9250054359436035,STDK,-1.8508155345916748,-1.2591341733932495,-0.7090202569961548
44,38,4,-1.9250054359436035,STDK_plus_QLSTM,-1.9129559993743896,-0.9351428747177124,-0.10198384523391724
44,38,4,-1.9250054359436035,STDK_plus_QConvLSTM,-1.6126582622528076,-0.7345317602157593,-0.08121901750564575
44,38,5,-0.6886782646179199,STDK,-1.9013015031814575,-1.303035855293274,-0.7486200332641602
44,38,5,-0.6886782646179199,STDK_plus_QLSTM,-1.9288394451141357,-0.9603932499885559,-0.13004499673843384
44,38,5,-0.6886782646179199,STDK_plus_QConvLSTM,-1.5515408515930176,-0.6986374258995056,0.0723389983177185
44,39,1,-1.1608582735061646,STDK,-2.1194534301757812,-1.500372290611267,-0.9398683309555054
44,39,1,-1.1608582735061646,STDK_plus_QLSTM,-2.383514404296875,-1.5032609701156616,-0.5394524335861206
44,39,1,-1.1608582735061646,STDK_plus_QConvLSTM,-2.0546507835388184,-1.190380334854126,-0.42165613174438477
44,39,2,-0.9793471097946167,STDK,-2.1459312438964844,-1.5328189134597778,-0.9693330526351929
44,39,2,-0.9793471097946167,STDK_plus_QLSTM,-2.432298183441162,-1.5462701320648193,-0.577157199382782
44,39,2,-0.9793471097946167,STDK_plus_QConvLSTM,-2.101229667663574,-1.2017496824264526,-0.4885585904121399
44,39,3,-1.5525743961334229,STDK,-2.160599946975708,-1.5501161813735962,-0.9819756150245667
44,39,3,-1.5525743961334229,STDK_plus_QLSTM,-2.475801467895508,-1.5919605493545532,-0.6331034302711487
44,39,3,-1.5525743961334229,STDK_plus_QConvLSTM,-1.9888081550598145,-1.1311150789260864,-0.28540873527526855
44,39,4,-2.0695152282714844,STDK,-2.154254913330078,-1.5420233011245728,-0.9686534404754639
44,39,4,-2.0695152282714844,STDK_plus_QLSTM,-2.5158157348632812,-1.6356070041656494,-0.6912605166435242
44,39,4,-2.0695152282714844,STDK_plus_QConvLSTM,-1.7820498943328857,-1.1156010627746582,-0.2126399278640747
44,39,5,-1.270309329032898,STDK,-2.1781697273254395,-1.559801697731018,-0.9813532829284668
44,39,5,-1.270309329032898,STDK_plus_QLSTM,-2.5536293983459473,-1.6780860424041748,-0.7509481310844421
44,39,5,-1.270309329032898,STDK_plus_QConvLSTM,-1.7212519645690918,-1.0062897205352783,-0.12871921062469482
44,40,1,0.4784057140350342,STDK,0.10197782516479492,0.7565370798110962,1.3179631233215332
44,40,1,0.4784057140350342,STDK_plus_QLSTM,-0.04971355199813843,0.7881898283958435,1.6381721496582031
44,40,1,0.4784057140350342,STDK_plus_QConvLSTM,-0.4118908643722534,0.6051831245422363,1.5539227724075317
44,40,2,0.15471184253692627,STDK,0.031498730182647705,0.6822152137756348,1.2460743188858032
44,40,2,0.15471184253692627,STDK_plus_QLSTM,-0.005041003227233887,0.8096708059310913,1.6664133071899414
44,40,2,0.15471184253692627,STDK_plus_QConvLSTM,-0.5711010694503784,0.41016069054603577,1.432924509048462
44,40,3,-0.24035640060901642,STDK,-0.10894584655761719,0.5390000343322754,1.1060633659362793
44,40,3,-0.24035640060901642,STDK_plus_QLSTM,0.024897217750549316,0.8210874795913696,1.6807254552841187
44,40,3,-0.24035640060901642,STDK_plus_QConvLSTM,-0.5202209949493408,0.5285753011703491,1.2779912948608398
44,40,4,0.005551598966121674,STDK,-0.1771898865699768,0.46962857246398926,1.0403194427490234
44,40,4,0.005551598966121674,STDK_plus_QLSTM,0.03973966836929321,0.8269537091255188,1.6862592697143555
44,40,4,0.005551598966121674,STDK_plus_QConvLSTM,-0.5928670763969421,0.4335036873817444,1.2458902597427368
44,40,5,0.1501016914844513,STDK,-0.13679248094558716,0.5110024213790894,1.0854066610336304
44,40,5,0.1501016914844513,STDK_plus_QLSTM,0.04319208860397339,0.8286519646644592,1.684396505355835
44,40,5,0.1501016914844513,STDK_plus_QConvLSTM,-0.7174404263496399,0.31400030851364136,1.1252388954162598
44,41,1,-0.26870524883270264,STDK,-1.1476356983184814,-0.5107994675636292,0.04452621936798096
44,41,1,-0.26870524883270264,STDK_plus_QLSTM,-1.005726933479309,-0.26262298226356506,0.5884363651275635
44,41,1,-0.26870524883270264,STDK_plus_QConvLSTM,-1.7290629148483276,-0.743523895740509,0.236824631690979
44,41,2,-0.5952481627464294,STDK,-1.298816204071045,-0.6652861833572388,-0.10606688261032104
44,41,2,-0.5952481627464294,STDK_plus_QLSTM,-0.9784330129623413,-0.23312072455883026,0.6123887300491333
44,41,2,-0.5952481627464294,STDK_plus_QConvLSTM,-1.5182628631591797,-0.5185067057609558,0.3339073657989502
44,41,3,-0.21402539312839508,STDK,-1.5329363346099854,-0.8995442390441895,-0.33611738681793213
44,41,3,-0.21402539312839508,STDK_plus_QLSTM,-0.9636481404304504,-0.2201632857322693,0.6226118803024292
44,41,3,-0.21402539312839508,STDK_plus_QConvLSTM,-1.3803279399871826,-0.33060747385025024,0.5792440176010132
44,41,4,-0.42235642671585083,STDK,-1.7587045431137085,-1.1228114366531372,-0.5557596683502197
44,41,4,-0.42235642671585083,STDK_plus_QLSTM,-0.9416425228118896,-0.2006334811449051,0.6418348550796509
44,41,4,-0.42235642671585083,STDK_plus_QConvLSTM,-1.2734450101852417,-0.21750126779079437,0.7299465537071228
44,41,5,-0.20727631449699402,STDK,-1.9109195470809937,-1.2697625160217285,-0.6990523934364319
44,41,5,-0.20727631449699402,STDK_plus_QLSTM,-0.9037702679634094,-0.16299766302108765,0.6706826686859131
44,41,5,-0.20727631449699402,STDK_plus_QConvLSTM,-1.4008206129074097,-0.29862454533576965,0.6911380290985107
44,42,1,0.8725706934928894,STDK,-0.51661217212677,0.12976446747779846,0.6467593908309937
44,42,1,0.8725706934928894,STDK_plus_QLSTM,-0.5625598430633545,0.2559306025505066,1.0873782634735107
44,42,1,0.8725706934928894,STDK_plus_QConvLSTM,-0.341858446598053,0.612185537815094,1.4677993059158325
44,42,2,1.0843368768692017,STDK,-0.599162757396698,0.043108079582452774,0.5637140870094299
44,42,2,1.0843368768692017,STDK_plus_QLSTM,-0.5365554690361023,0.2774089574813843,1.1120362281799316
44,42,2,1.0843368768692017,STDK_plus_QConvLSTM,-0.3273150324821472,0.6065263152122498,1.572486162185669
44,42,3,1.2259745597839355,STDK,-0.6662688255310059,-0.02533727139234543,0.4993975758552551
44,42,3,1.2259745597839355,STDK_plus_QLSTM,-0.5129011869430542,0.3058287799358368,1.143248438835144
44,42,3,1.2259745597839355,STDK_plus_QConvLSTM,-0.38746726512908936,0.5633260011672974,1.5015771389007568
44,42,4,0.8945925831794739,STDK,-0.6748250126838684,-0.03236806020140648,0.4967057704925537
44,42,4,0.8945925831794739,STDK_plus_QLSTM,-0.480002760887146,0.3388914465904236,1.1726758480072021
44,42,4,0.8945925831794739,STDK_plus_QConvLSTM,-0.35222530364990234,0.6183531880378723,1.6139605045318604
44,42,5,1.3117096424102783,STDK,-0.6432737708091736,0.003483295440673828,0.5366119742393494
44,42,5,1.3117096424102783,STDK_plus_QLSTM,-0.4472252428531647,0.37512287497520447,1.2021297216415405
44,42,5,1.3117096424102783,STDK_plus_QConvLSTM,-0.42327815294265747,0.555485725402832,1.4595258235931396
44,43,1,-0.5960263013839722,STDK,-1.4421980381011963,-0.7609520554542542,-0.3035740852355957
44,43,1,-0.5960263013839722,STDK_plus_QLSTM,-1.5397415161132812,-0.7404986619949341,0.12230288982391357
44,43,1,-0.5960263013839722,STDK_plus_QConvLSTM,-1.631353735923767,-0.7208923101425171,0.06327259540557861
44,43,2,-0.40803617238998413,STDK,-1.5544517040252686,-0.8798887729644775,-0.4172373116016388
44,43,2,-0.40803617238998413,STDK_plus_QLSTM,-1.6433508396148682,-0.8266989588737488,0.03660076856613159
44,43,2,-0.40803617238998413,STDK_plus_QConvLSTM,-1.6837546825408936,-0.8331291079521179,-0.10766762495040894
44,43,3,-0.4883784055709839,STDK,-1.6315712928771973,-0.9596697092056274,-0.49145984649658203
44,43,3,-0.4883784055709839,STDK_plus_QLSTM,-1.7144076824188232,-0.8862261772155762,-0.027215659618377686
44,43,3,-0.4883784055709839,STDK_plus_QConvLSTM,-1.889009952545166,-0.9883484244346619,-0.281762957572937
44,43,4,-0.6051893830299377,STDK,-1.6970090866088867,-1.0227956771850586,-0.5486257076263428
44,43,4,-0.6051893830299377,STDK_plus_QLSTM,-1.7518343925476074,-0.9241295456886292,-0.07496827840805054
44,43,4,-0.6051893830299377,STDK_plus_QConvLSTM,-1.9172141551971436,-1.0565335750579834,-0.36573493480682373
44,43,5,-0.2734493017196655,STDK,-1.728159785270691,-1.0470465421676636,-0.5669475793838501
44,43,5,-0.2734493017196655,STDK_plus_QLSTM,-1.7726716995239258,-0.9500905871391296,-0.10440236330032349
44,43,5,-0.2734493017196655,STDK_plus_QConvLSTM,-2.009650468826294,-1.1063779592514038,-0.4566435217857361
44,44,1,-1.4389442205429077,STDK,-2.3132786750793457,-1.6923670768737793,-1.132840633392334
44,44,1,-1.4389442205429077,STDK_plus_QLSTM,-2.4941627979278564,-1.6820701360702515,-0.8395348787307739
44,44,1,-1.4389442205429077,STDK_plus_QConvLSTM,-2.6000113487243652,-1.9357004165649414,-0.9226880073547363
44,44,2,-1.0757660865783691,STDK,-2.319683790206909,-1.7065447568893433,-1.1415553092956543
44,44,2,-1.0757660865783691,STDK_plus_QLSTM,-2.491781711578369,-1.6682640314102173,-0.8254802227020264
44,44,2,-1.0757660865783691,STDK_plus_QConvLSTM,-2.58320951461792,-1.8999253511428833,-0.9111353158950806
44,44,3,-0.6282253861427307,STDK,-2.357060432434082,-1.7468372583389282,-1.1749687194824219
44,44,3,-0.6282253861427307,STDK_plus_QLSTM,-2.45556902885437,-1.6179687976837158,-0.7847272753715515
44,44,3,-0.6282253861427307,STDK_plus_QConvLSTM,-2.697300434112549,-2.018489122390747,-0.9759362936019897
44,44,4,-0.7199844121932983,STDK,-2.41038179397583,-1.798073649406433,-1.2190697193145752
44,44,4,-0.7199844121932983,STDK_plus_QLSTM,-2.394120693206787,-1.5446170568466187,-0.716977596282959
44,44,4,-0.7199844121932983,STDK_plus_QConvLSTM,-2.6654257774353027,-2.071071147918701,-0.9814183712005615
44,44,5,-0.6126272678375244,STDK,-2.4334022998809814,-1.8142694234848022,-1.2280884981155396
44,44,5,-0.6126272678375244,STDK_plus_QLSTM,-2.3195581436157227,-1.4619468450546265,-0.6326150894165039
44,44,5,-0.6126272678375244,STDK_plus_QConvLSTM,-2.656952142715454,-1.9319615364074707,-0.8764374256134033
44,45,1,-0.7712442874908447,STDK,-1.4696030616760254,-0.9529700875282288,-0.34454524517059326
44,45,1,-0.7712442874908447,STDK_plus_QLSTM,-1.7649701833724976,-0.935286283493042,-0.0851442813873291
44,45,1,-0.7712442874908447,STDK_plus_QConvLSTM,-1.2118678092956543,-0.4911611080169678,0.5059943795204163
44,45,2,-0.7550941705703735,STDK,-1.4183017015457153,-0.9089349508285522,-0.29743510484695435
44,45,2,-0.7550941705703735,STDK_plus_QLSTM,-1.7044415473937988,-0.8777072429656982,-0.029565274715423584
44,45,2,-0.7550941705703735,STDK_plus_QConvLSTM,-1.136164903640747,-0.4088551104068756,0.5922096967697144
44,45,3,-0.5365174412727356,STDK,-1.3859031200408936,-0.8796364665031433,-0.2626228332519531
44,45,3,-0.5365174412727356,STDK_plus_QLSTM,-1.6564290523529053,-0.8315778970718384,0.014516651630401611
44,45,3,-0.5365174412727356,STDK_plus_QConvLSTM,-1.0328216552734375,-0.3092040717601776,0.6240934133529663
44,45,4,-0.11288340389728546,STDK,-1.3707263469696045,-0.8633573055267334,-0.23888492584228516
44,45,4,-0.11288340389728546,STDK_plus_QLSTM,-1.6231553554534912,-0.7992732524871826,0.047575294971466064
44,45,4,-0.11288340389728546,STDK_plus_QConvLSTM,-1.0424432754516602,-0.20201677083969116,0.797578752040863
44,45,5,0.15106169879436493,STDK,-1.3965463638305664,-0.8838351964950562,-0.25337570905685425
44,45,5,0.15106169879436493,STDK_plus_QLSTM,-1.6051180362701416,-0.7798658609390259,0.07118523120880127
44,45,5,0.15106169879436493,STDK_plus_QConvLSTM,-1.0265558958053589,-0.21160027384757996,0.7731937170028687
44,46,1,0.6796076893806458,STDK,0.4418867230415344,0.9513283967971802,1.5626704692840576
44,46,1,0.6796076893806458,STDK_plus_QLSTM,0.019573628902435303,0.8053288459777832,1.653064250946045
44,46,1,0.6796076893806458,STDK_plus_QConvLSTM,-0.7614823579788208,0.2521662712097168,0.9220155477523804
44,46,2,0.3482598662376404,STDK,0.5309363603591919,1.0339323282241821,1.6485085487365723
44,46,2,0.3482598662376404,STDK_plus_QLSTM,0.039166927337646484,0.8251092433929443,1.6545681953430176
44,46,2,0.3482598662376404,STDK_plus_QConvLSTM,-0.7100537419319153,0.30038923025131226,1.0834572315216064
44,46,3,0.6477015614509583,STDK,0.6183006763458252,1.118550181388855,1.7367329597473145
44,46,3,0.6477015614509583,STDK_plus_QLSTM,0.04348701238632202,0.8289642333984375,1.6465967893600464
44,46,3,0.6477015614509583,STDK_plus_QConvLSTM,-0.4011690020561218,0.5795810222625732,1.357464075088501
44,46,4,0.19783559441566467,STDK,0.7042620778083801,1.2057745456695557,1.8269498348236084
44,46,4,0.19783559441566467,STDK_plus_QLSTM,0.03509730100631714,0.8204593658447266,1.6319808959960938
44,46,4,0.19783559441566467,STDK_plus_QConvLSTM,-0.09470313787460327,0.8388265371322632,1.5624816417694092
44,46,5,0.7028946876525879,STDK,0.746353268623352,1.2531356811523438,1.8782488107681274
44,46,5,0.7028946876525879,STDK_plus_QLSTM,0.01504284143447876,0.8014281988143921,1.61014986038208
44,46,5,0.7028946876525879,STDK_plus_QConvLSTM,-0.08589291572570801,0.9031433463096619,1.698915958404541
44,47,1,-1.3778811693191528,STDK,-2.3089349269866943,-1.7673217058181763,-1.1543768644332886
44,47,1,-1.3778811693191528,STDK_plus_QLSTM,-2.6306722164154053,-1.7357563972473145,-0.8240819573402405
44,47,1,-1.3778811693191528,STDK_plus_QConvLSTM,-2.4320595264434814,-1.5693533420562744,-0.666923999786377
44,47,2,-1.514557123184204,STDK,-2.346292495727539,-1.8110579252243042,-1.194427251815796
44,47,2,-1.514557123184204,STDK_plus_QLSTM,-2.6341490745544434,-1.7363576889038086,-0.8195683360099792
44,47,2,-1.514557123184204,STDK_plus_QConvLSTM,-2.363337516784668,-1.4371294975280762,-0.5998936295509338
44,47,3,-1.426668405532837,STDK,-2.3949127197265625,-1.86239492893219,-1.2419252395629883
44,47,3,-1.426668405532837,STDK_plus_QLSTM,-2.641848564147949,-1.7440404891967773,-0.8322311043739319
44,47,3,-1.426668405532837,STDK_plus_QConvLSTM,-2.156491279602051,-1.295262098312378,-0.47302722930908203
44,47,4,-1.873577356338501,STDK,-2.441244602203369,-1.9071542024612427,-1.2825247049331665
44,47,4,-1.873577356338501,STDK_plus_QLSTM,-2.6496005058288574,-1.7529150247573853,-0.8515484929084778
44,47,4,-1.873577356338501,STDK_plus_QConvLSTM,-2.047534942626953,-1.1544106006622314,-0.3542863130569458
44,47,5,-1.7311782836914062,STDK,-2.494112014770508,-1.9541641473770142,-1.3247926235198975
44,47,5,-1.7311782836914062,STDK_plus_QLSTM,-2.6585304737091064,-1.7639281749725342,-0.8770298957824707
44,47,5,-1.7311782836914062,STDK_plus_QConvLSTM,-2.069272994995117,-1.1589664220809937,-0.32826322317123413
44,48,1,-0.11770026385784149,STDK,-0.42745786905288696,0.1473541259765625,0.6987304091453552
44,48,1,-0.11770026385784149,STDK_plus_QLSTM,-0.6652945876121521,0.13695023953914642,0.9643169641494751
44,48,1,-0.11770026385784149,STDK_plus_QConvLSTM,-1.072686791419983,0.06256724894046783,1.1075336933135986
44,48,2,0.31466084718704224,STDK,-0.40921348333358765,0.15970617532730103,0.7148659229278564
44,48,2,0.31466084718704224,STDK_plus_QLSTM,-0.6331181526184082,0.1729506403207779,0.9866183400154114
44,48,2,0.31466084718704224,STDK_plus_QConvLSTM,-1.0756504535675049,0.07143372297286987,0.9965671300888062
44,48,3,-0.31486737728118896,STDK,-0.4057702124118805,0.16150817275047302,0.7217444181442261
44,48,3,-0.31486737728118896,STDK_plus_QLSTM,-0.6130043268203735,0.19416148960590363,0.9980446100234985
44,48,3,-0.31486737728118896,STDK_plus_QConvLSTM,-1.0304940938949585,0.12110114097595215,1.0259196758270264
44,48,4,-1.4764244556427002,STDK,-0.43820104002952576,0.13182619214057922,0.6979457139968872
44,48,4,-1.4764244556427002,STDK_plus_QLSTM,-0.6004838347434998,0.20635338127613068,1.0061222314834595
44,48,4,-1.4764244556427002,STDK_plus_QConvLSTM,-1.0863608121871948,0.09137070924043655,0.951959490776062
44,48,5,-0.9367283582687378,STDK,-0.537148118019104,0.03975069895386696,0.6123378276824951
44,48,5,-0.9367283582687378,STDK_plus_QLSTM,-0.5962446331977844,0.20996935665607452,1.014646053314209
44,48,5,-0.9367283582687378,STDK_plus_QConvLSTM,-1.0507651567459106,0.13042141497135162,1.0443055629730225
44,49,1,0.5240137577056885,STDK,-0.4045383036136627,0.23023423552513123,0.846631646156311
44,49,1,0.5240137577056885,STDK_plus_QLSTM,-0.6732708811759949,0.1696792095899582,1.0606542825698853
44,49,1,0.5240137577056885,STDK_plus_QConvLSTM,-0.3989297151565552,0.6348531246185303,1.639582872390747
44,49,2,0.6040488481521606,STDK,-0.4756585955619812,0.15312087535858154,0.7706682085990906
44,49,2,0.6040488481521606,STDK_plus_QLSTM,-0.7076349258422852,0.1377107948064804,1.02323317527771
44,49,2,0.6040488481521606,STDK_plus_QConvLSTM,-0.21707439422607422,0.8363730907440186,1.788435935974121
44,49,3,0.19077859818935394,STDK,-0.5090292692184448,0.11758965253829956,0.7387679219245911
44,49,3,0.19077859818935394,STDK_plus_QLSTM,-0.7456275820732117,0.09927324950695038,0.9791303873062134
44,49,3,0.19077859818935394,STDK_plus_QConvLSTM,-0.17348241806030273,0.7874889373779297,1.7903605699539185
44,49,4,-0.24947339296340942,STDK,-0.4786008596420288,0.1498153805732727,0.7770838737487793
44,49,4,-0.24947339296340942,STDK_plus_QLSTM,-0.7884594798088074,0.05613093078136444,0.9326610565185547
44,49,4,-0.24947339296340942,STDK_plus_QConvLSTM,-0.39009714126586914,0.6015902757644653,1.8037471771240234
44,49,5,0.2678256928920746,STDK,-0.41080665588378906,0.2228897213935852,0.8577696681022644
44,49,5,0.2678256928920746,STDK_plus_QLSTM,-0.8344107270240784,0.010122105479240417,0.8857694268226624
44,49,5,0.2678256928920746,STDK_plus_QConvLSTM,-0.3885267972946167,0.6050499677658081,1.7122727632522583
44,50,1,0.6568686962127686,STDK,-0.28366026282310486,0.36617210507392883,0.8890231847763062
44,50,1,0.6568686962127686,STDK_plus_QLSTM,-0.20242345333099365,0.4802286624908447,1.3198366165161133
44,50,1,0.6568686962127686,STDK_plus_QConvLSTM,-0.8385313749313354,0.1795945018529892,1.0776517391204834
44,50,2,-0.21514515578746796,STDK,-0.3830413222312927,0.2615731358528137,0.7867527604103088
44,50,2,-0.21514515578746796,STDK_plus_QLSTM,-0.3043166995048523,0.3809698820114136,1.2211265563964844
44,50,2,-0.21514515578746796,STDK_plus_QConvLSTM,-0.7417407631874084,0.17903447151184082,1.1178252696990967
44,50,3,0.211680606007576,STDK,-0.4002854824066162,0.24048632383346558,0.7688872218132019
44,50,3,0.211680606007576,STDK_plus_QLSTM,-0.39325636625289917,0.30572277307510376,1.148234486579895
44,50,3,0.211680606007576,STDK_plus_QConvLSTM,-0.6426390409469604,0.31021052598953247,1.2229933738708496
44,50,4,0.4882775843143463,STDK,-0.36975225806236267,0.26899513602256775,0.8016458749771118
44,50,4,0.4882775843143463,STDK_plus_QLSTM,-0.46462780237197876,0.24813126027584076,1.0944832563400269
44,50,4,0.4882775843143463,STDK_plus_QConvLSTM,-0.6078175902366638,0.3404504060745239,1.2611136436462402
44,50,5,0.4982476830482483,STDK,-0.3471146821975708,0.2918625473976135,0.830345094203949
44,50,5,0.4982476830482483,STDK_plus_QLSTM,-0.5068897604942322,0.21609251201152802,1.0627373456954956
44,50,5,0.4982476830482483,STDK_plus_QConvLSTM,-0.5438399314880371,0.4773130416870117,1.4295871257781982
44,51,1,0.13720372319221497,STDK,-0.6376157999038696,-0.012914933264255524,0.4415440261363983
44,51,1,0.13720372319221497,STDK_plus_QLSTM,-0.7820090055465698,0.024379439651966095,0.9040206670761108
44,51,1,0.13720372319221497,STDK_plus_QConvLSTM,-1.081701397895813,-0.18525011837482452,0.6716457605361938
44,51,2,0.046259842813014984,STDK,-0.7474616765975952,-0.12956832349300385,0.3285926580429077
44,51,2,0.046259842813014984,STDK_plus_QLSTM,-0.8219009637832642,-0.013355128467082977,0.8699770569801331
44,51,2,0.046259842813014984,STDK_plus_QConvLSTM,-1.0906625986099243,-0.20220623910427094,0.5588494539260864
44,51,3,0.21701160073280334,STDK,-0.819096565246582,-0.20463518798351288,0.2575976848602295
44,51,3,0.21701160073280334,STDK_plus_QLSTM,-0.8527989387512207,-0.04774712771177292,0.8385993242263794
44,51,3,0.21701160073280334,STDK_plus_QConvLSTM,-1.1657180786132812,-0.3166005313396454,0.4987827241420746
44,51,4,0.7090585827827454,STDK,-0.8537590503692627,-0.23946917057037354,0.22584670782089233
44,51,4,0.7090585827827454,STDK_plus_QLSTM,-0.8812718391418457,-0.07857357710599899,0.8101513385772705
44,51,4,0.7090585827827454,STDK_plus_QConvLSTM,-1.2290050983428955,-0.33497118949890137,0.6501583456993103
44,51,5,0.5613386631011963,STDK,-0.8199577927589417,-0.20271384716033936,0.2638295292854309
44,51,5,0.5613386631011963,STDK_plus_QLSTM,-0.9068100452423096,-0.1062810942530632,0.7850102782249451
44,51,5,0.5613386631011963,STDK_plus_QConvLSTM,-1.1178734302520752,-0.2862868010997772,0.7236541509628296
44,52,1,-0.011028271168470383,STDK,-0.22296142578125,0.4177996516227722,0.931138813495636
44,52,1,-0.011028271168470383,STDK_plus_QLSTM,-0.3350760340690613,0.5711629390716553,1.3377175331115723
44,52,1,-0.011028271168470383,STDK_plus_QConvLSTM,-0.8340799808502197,0.09879298508167267,0.9404263496398926
44,52,2,-0.08707715570926666,STDK,-0.341706246137619,0.2939191162586212,0.8106032609939575
44,52,2,-0.08707715570926666,STDK_plus_QLSTM,-0.23623132705688477,0.639832079410553,1.3888070583343506
44,52,2,-0.08707715570926666,STDK_plus_QConvLSTM,-0.8841328620910645,0.03541911765933037,0.8502784967422485
44,52,3,0.10867159813642502,STDK,-0.4211392104625702,0.2127871811389923,0.7327550649642944
44,52,3,0.10867159813642502,STDK_plus_QLSTM,-0.13588839769363403,0.7127264738082886,1.4452955722808838
44,52,3,0.10867159813642502,STDK_plus_QConvLSTM,-0.7724007964134216,0.04554496705532074,0.8895134925842285
44,52,4,-0.4028434157371521,STDK,-0.5174912214279175,0.11821168661117554,0.6412952542304993
44,52,4,-0.4028434157371521,STDK_plus_QLSTM,-0.050328075885772705,0.7853250503540039,1.5046138763427734
44,52,4,-0.4028434157371521,STDK_plus_QConvLSTM,-0.8545601963996887,0.11603636294603348,0.8684579730033875
44,52,5,0.1881936937570572,STDK,-0.4531605839729309,0.18727082014083862,0.7122120261192322
44,52,5,0.1881936937570572,STDK_plus_QLSTM,0.021583616733551025,0.8565719127655029,1.5643446445465088
44,52,5,0.1881936937570572,STDK_plus_QConvLSTM,-0.8598231077194214,0.13467133045196533,0.9050994515419006
44,53,1,-0.6123572587966919,STDK,-2.3263490200042725,-1.6852972507476807,-1.123504877090454
44,53,1,-0.6123572587966919,STDK_plus_QLSTM,-2.469965934753418,-1.6196306943893433,-0.7706535458564758
44,53,1,-0.6123572587966919,STDK_plus_QConvLSTM,-2.364882707595825,-1.4925166368484497,-0.641586184501648
44,53,2,-1.2321771383285522,STDK,-2.3678014278411865,-1.7310678958892822,-1.1675353050231934
44,53,2,-1.2321771383285522,STDK_plus_QLSTM,-2.4481682777404785,-1.5949903726577759,-0.7422706484794617
44,53,2,-1.2321771383285522,STDK_plus_QConvLSTM,-2.2293126583099365,-1.3246816396713257,-0.5420030355453491
44,53,3,-1.2341864109039307,STDK,-2.408139944076538,-1.7725332975387573,-1.206270694732666
44,53,3,-1.2341864109039307,STDK_plus_QLSTM,-2.4232840538024902,-1.5700664520263672,-0.7168279886245728
44,53,3,-1.2341864109039307,STDK_plus_QConvLSTM,-2.128150701522827,-1.3034310340881348,-0.4834652543067932
44,53,4,-1.1680314540863037,STDK,-2.456716299057007,-1.819114327430725,-1.2493162155151367
44,53,4,-1.1680314540863037,STDK_plus_QLSTM,-2.397491931915283,-1.5456972122192383,-0.6899831295013428
44,53,4,-1.1680314540863037,STDK_plus_QConvLSTM,-2.085137128829956,-1.212107539176941,-0.44669872522354126
44,53,5,-0.5821113586425781,STDK,-2.5271918773651123,-1.8847715854644775,-1.3119785785675049
44,53,5,-0.5821113586425781,STDK_plus_QLSTM,-2.3736157417297363,-1.5224754810333252,-0.661527156829834
44,53,5,-0.5821113586425781,STDK_plus_QConvLSTM,-2.1703672409057617,-1.3117055892944336,-0.5567390322685242
44,54,1,-0.7754513025283813,STDK,-2.072622299194336,-1.471265435218811,-0.9058676958084106
44,54,1,-0.7754513025283813,STDK_plus_QLSTM,-2.2926955223083496,-1.5194728374481201,-0.6314552426338196
44,54,1,-0.7754513025283813,STDK_plus_QConvLSTM,-2.3636677265167236,-1.5238268375396729,-0.6865022778511047
44,54,2,-0.7747571468353271,STDK,-2.005164623260498,-1.411102294921875,-0.8407647609710693
44,54,2,-0.7747571468353271,STDK_plus_QLSTM,-2.303518772125244,-1.5227574110031128,-0.6462926268577576
44,54,2,-0.7747571468353271,STDK_plus_QConvLSTM,-2.4892659187316895,-1.658528208732605,-0.7651158571243286
44,54,3,0.09304659813642502,STDK,-1.971535563468933,-1.380365252494812,-0.8038020730018616
44,54,3,0.09304659813642502,STDK_plus_QLSTM,-2.3206281661987305,-1.529024600982666,-0.6556531190872192
44,54,3,0.09304659813642502,STDK_plus_QConvLSTM,-2.545914888381958,-1.641417145729065,-0.8148394227027893
44,54,4,-0.7333623766899109,STDK,-1.9701108932495117,-1.3768478631973267,-0.7930256724357605
44,54,4,-0.7333623766899109,STDK_plus_QLSTM,-2.3403916358947754,-1.5405421257019043,-0.6607863903045654
44,54,4,-0.7333623766899109,STDK_plus_QConvLSTM,-2.4599103927612305,-1.635079264640808,-0.7001095414161682
44,54,5,-0.8802493810653687,STDK,-1.9895105361938477,-1.3892357349395752,-0.7973719239234924
44,54,5,-0.8802493810653687,STDK_plus_QLSTM,-2.3645777702331543,-1.55653715133667,-0.6681181192398071
44,54,5,-0.8802493810653687,STDK_plus_QConvLSTM,-2.491746425628662,-1.6233692169189453,-0.7309784889221191
44,55,1,-1.3538051843643188,STDK,-1.8403594493865967,-1.3025236129760742,-0.7396063208580017
44,55,1,-1.3538051843643188,STDK_plus_QLSTM,-2.0929698944091797,-1.3129518032073975,-0.4423257112503052
44,55,1,-1.3538051843643188,STDK_plus_QConvLSTM,-1.7119410037994385,-0.6826751232147217,0.3928208351135254
44,55,2,-0.9102461338043213,STDK,-1.8781633377075195,-1.3479825258255005,-0.7780179977416992
44,55,2,-0.9102461338043213,STDK_plus_QLSTM,-2.094860315322876,-1.3066539764404297,-0.45012152194976807
44,55,2,-0.9102461338043213,STDK_plus_QConvLSTM,-1.6212186813354492,-0.5622802972793579,0.5038566589355469
44,55,3,-1.0705914497375488,STDK,-1.897985816001892,-1.3712356090545654,-0.7926248908042908
44,55,3,-1.0705914497375488,STDK_plus_QLSTM,-2.0922417640686035,-1.2957473993301392,-0.4493793249130249
44,55,3,-1.0705914497375488,STDK_plus_QConvLSTM,-1.4342451095581055,-0.49487626552581787,0.5961273908615112
44,55,4,-1.472637414932251,STDK,-1.9032877683639526,-1.375473141670227,-0.7881844639778137
44,55,4,-1.472637414932251,STDK_plus_QLSTM,-2.0807361602783203,-1.2818785905838013,-0.4396398663520813
44,55,4,-1.472637414932251,STDK_plus_QConvLSTM,-1.429764747619629,-0.4603872299194336,0.59602952003479
44,55,5,-0.9215003252029419,STDK,-1.9033256769180298,-1.3700861930847168,-0.7736214995384216
44,55,5,-0.9215003252029419,STDK_plus_QLSTM,-2.0678439140319824,-1.2660596370697021,-0.4211985468864441
44,55,5,-0.9215003252029419,STDK_plus_QConvLSTM,-1.3654232025146484,-0.405014306306839,0.6683958768844604
44,56,1,-0.3661312460899353,STDK,-1.2147669792175293,-0.6563080549240112,-0.10341143608093262
44,56,1,-0.3661312460899353,STDK_plus_QLSTM,-1.5466856956481934,-0.6472192406654358,0.17990809679031372
44,56,1,-0.3661312460899353,STDK_plus_QConvLSTM,-1.3951470851898193,-0.469341516494751,0.33254295587539673
44,56,2,-0.3995491862297058,STDK,-1.1553630828857422,-0.6035141944885254,-0.04751408100128174
44,56,2,-0.3995491862297058,STDK_plus_QLSTM,-1.4296733140945435,-0.5377835631370544,0.29795461893081665
44,56,2,-0.3995491862297058,STDK_plus_QConvLSTM,-1.2475931644439697,-0.36745765805244446,0.48176708817481995
44,56,3,-0.8915613889694214,STDK,-1.141452670097351,-0.592022716999054,-0.03335857391357422
44,56,3,-0.8915613889694214,STDK_plus_QLSTM,-1.3154292106628418,-0.4244181513786316,0.4207555651664734
44,56,3,-0.8915613889694214,STDK_plus_QConvLSTM,-1.1381323337554932,-0.2741234302520752,0.6761348843574524
44,56,4,-0.6829394102096558,STDK,-1.1636402606964111,-0.61216801404953,-0.050842225551605225
44,56,4,-0.6829394102096558,STDK_plus_QLSTM,-1.2036504745483398,-0.31277281045913696,0.543915867805481
44,56,4,-0.6829394102096558,STDK_plus_QConvLSTM,-0.9601328372955322,-0.14749214053153992,0.8656089305877686
44,56,5,-0.19320529699325562,STDK,-1.1957170963287354,-0.6379894018173218,-0.07425147294998169
44,56,5,-0.19320529699325562,STDK_plus_QLSTM,-1.0979162454605103,-0.2055845707654953,0.6593359708786011
44,56,5,-0.19320529699325562,STDK_plus_QConvLSTM,-0.9949206113815308,-0.09330866485834122,1.0220450162887573
44,57,1,0.7277337312698364,STDK,-0.7092180848121643,-0.12931661307811737,0.45748305320739746
44,57,1,0.7277337312698364,STDK_plus_QLSTM,-0.8427291512489319,-0.019223138689994812,0.8905918598175049
44,57,1,0.7277337312698364,STDK_plus_QConvLSTM,-1.2729582786560059,-0.3096810281276703,0.6057051420211792
44,57,2,0.632287859916687,STDK,-0.8212560415267944,-0.24816617369651794,0.3413490355014801
44,57,2,0.632287859916687,STDK_plus_QLSTM,-0.9081437587738037,-0.08177553117275238,0.8367530107498169
44,57,2,0.632287859916687,STDK_plus_QConvLSTM,-1.222064733505249,-0.2727218270301819,0.552466094493866
44,57,3,0.5403655767440796,STDK,-0.9084765911102295,-0.33789172768592834,0.2548733651638031
44,57,3,0.5403655767440796,STDK_plus_QLSTM,-0.9826180934906006,-0.15496711432933807,0.7609817385673523
44,57,3,0.5403655767440796,STDK_plus_QConvLSTM,-1.1090129613876343,-0.1768689751625061,0.6252073049545288
44,57,4,0.4136536121368408,STDK,-0.9702916741371155,-0.3976069688796997,0.1985393762588501
44,57,4,0.4136536121368408,STDK_plus_QLSTM,-1.0579876899719238,-0.23369167745113373,0.6748494505882263
44,57,4,0.4136536121368408,STDK_plus_QConvLSTM,-0.9968965649604797,-0.024279948323965073,0.6668757200241089
44,57,5,-0.10522030293941498,STDK,-1.0115485191345215,-0.43238890171051025,0.16755831241607666
44,57,5,-0.10522030293941498,STDK_plus_QLSTM,-1.1340863704681396,-0.31497472524642944,0.5860691070556641
44,57,5,-0.10522030293941498,STDK_plus_QConvLSTM,-0.9565693140029907,-0.07685442268848419,0.7811926007270813
44,58,1,-0.1352122724056244,STDK,-0.6667187213897705,-0.03709457069635391,0.5060873627662659
44,58,1,-0.1352122724056244,STDK_plus_QLSTM,-0.8643434643745422,-0.08614999055862427,0.8555577397346497
44,58,1,-0.1352122724056244,STDK_plus_QConvLSTM,-1.411453366279602,-0.6717188358306885,0.2982732653617859
44,58,2,0.36774885654449463,STDK,-0.622636079788208,0.0010024234652519226,0.5518622994422913
44,58,2,0.36774885654449463,STDK_plus_QLSTM,-0.863236665725708,-0.09087315201759338,0.7791560888290405
44,58,2,0.36774885654449463,STDK_plus_QConvLSTM,-1.2009605169296265,-0.4764922559261322,0.414621502161026
44,58,3,-0.23744840919971466,STDK,-0.6160962581634521,0.0056419894099235535,0.564896821975708
44,58,3,-0.23744840919971466,STDK_plus_QLSTM,-0.8700742125511169,-0.105552077293396,0.6981884837150574
44,58,3,-0.23744840919971466,STDK_plus_QConvLSTM,-1.1391268968582153,-0.4146503508090973,0.46639636158943176
44,58,4,-1.457545518875122,STDK,-0.6697343587875366,-0.045577675104141235,0.5222877264022827
44,58,4,-1.457545518875122,STDK_plus_QLSTM,-0.8907738924026489,-0.13300779461860657,0.6358020305633545
44,58,4,-1.457545518875122,STDK_plus_QConvLSTM,-0.9186183214187622,-0.2518395781517029,0.6414851546287537
44,58,5,-0.9061623811721802,STDK,-0.7690163850784302,-0.13791538774967194,0.438323974609375
44,58,5,-0.9061623811721802,STDK_plus_QLSTM,-0.927552342414856,-0.17118734121322632,0.6090986728668213
44,58,5,-0.9061623811721802,STDK_plus_QConvLSTM,-0.7851533889770508,0.00957062840461731,0.9422211647033691
44,59,1,0.38370275497436523,STDK,-0.22663509845733643,0.4069264531135559,1.006605863571167
44,59,1,0.38370275497436523,STDK_plus_QLSTM,-0.32969334721565247,0.4354455769062042,1.2228702306747437
44,59,1,0.38370275497436523,STDK_plus_QConvLSTM,-0.7217024564743042,0.147942915558815,1.0009374618530273
44,59,2,0.8432798385620117,STDK,-0.23233571648597717,0.39518919587135315,1.0001115798950195
44,59,2,0.8432798385620117,STDK_plus_QLSTM,-0.3519182801246643,0.41058796644210815,1.191796064376831
44,59,2,0.8432798385620117,STDK_plus_QConvLSTM,-0.7261142730712891,0.09541887044906616,0.8934909701347351
44,59,3,0.07681159675121307,STDK,-0.23461514711380005,0.3904656767845154,1.00236177444458
44,59,3,0.07681159675121307,STDK_plus_QLSTM,-0.39092376828193665,0.37196770310401917,1.1476750373840332
44,59,3,0.07681159675121307,STDK_plus_QConvLSTM,-0.6635439991950989,0.10104924440383911,0.9852799773216248
44,59,4,-0.12215040624141693,STDK,-0.24349242448806763,0.3827168941497803,1.003260612487793
44,59,4,-0.12215040624141693,STDK_plus_QLSTM,-0.43873363733291626,0.3278403878211975,1.101180076599121
44,59,4,-0.12215040624141693,STDK_plus_QConvLSTM,-0.7607747316360474,-0.018416423350572586,0.855096161365509
44,59,5,0.41967469453811646,STDK,-0.24583181738853455,0.38552001118659973,1.016265869140625
44,59,5,0.41967469453811646,STDK_plus_QLSTM,-0.4944443702697754,0.276939332485199,1.0460710525512695
44,59,5,0.41967469453811646,STDK_plus_QConvLSTM,-0.860181450843811,-0.04359794780611992,0.8426907062530518
44,60,1,-0.5179652571678162,STDK,-1.4609549045562744,-0.801042377948761,-0.2955419421195984
44,60,1,-0.5179652571678162,STDK_plus_QLSTM,-1.5608346462249756,-0.7663673758506775,0.07001864910125732
44,60,1,-0.5179652571678162,STDK_plus_QConvLSTM,-1.6762893199920654,-0.701758623123169,0.15690714120864868
44,60,2,-0.7903721332550049,STDK,-1.4669108390808105,-0.8141946792602539,-0.30332785844802856
44,60,2,-0.7903721332550049,STDK_plus_QLSTM,-1.6089050769805908,-0.8139291405677795,0.023667633533477783
44,60,2,-0.7903721332550049,STDK_plus_QConvLSTM,-1.6825876235961914,-0.721305251121521,0.1425456404685974
44,60,3,-0.8285384178161621,STDK,-1.4679090976715088,-0.8192557096481323,-0.3021082878112793
44,60,3,-0.8285384178161621,STDK_plus_QLSTM,-1.64909029006958,-0.8533940315246582,-0.012578129768371582
44,60,3,-0.8285384178161621,STDK_plus_QConvLSTM,-1.6793463230133057,-0.8022355437278748,0.061852335929870605
44,60,4,-0.20588940382003784,STDK,-1.4651262760162354,-0.8180637359619141,-0.29405713081359863
44,60,4,-0.20588940382003784,STDK_plus_QLSTM,-1.6774837970733643,-0.8799014091491699,-0.03679925203323364
44,60,4,-0.20588940382003784,STDK_plus_QConvLSTM,-1.6889811754226685,-0.8124825954437256,0.0627143383026123
44,60,5,-0.22210630774497986,STDK,-1.4474213123321533,-0.7992781400680542,-0.26842063665390015
44,60,5,-0.22210630774497986,STDK_plus_QLSTM,-1.6973259449005127,-0.8982154726982117,-0.05920875072479248
44,60,5,-0.22210630774497986,STDK_plus_QConvLSTM,-1.7701780796051025,-0.8682570457458496,0.029261350631713867
44,61,1,-1.3995912075042725,STDK,-1.5872125625610352,-0.9567354321479797,-0.4442618489265442
44,61,1,-1.3995912075042725,STDK_plus_QLSTM,-1.6720421314239502,-0.8711759448051453,-0.05477219820022583
44,61,1,-1.3995912075042725,STDK_plus_QConvLSTM,-2.247870922088623,-1.3442779779434204,-0.5560969710350037
44,61,2,-1.4851680994033813,STDK,-1.6187896728515625,-0.995819628238678,-0.48047226667404175
44,61,2,-1.4851680994033813,STDK_plus_QLSTM,-1.6100175380706787,-0.8075881600379944,0.015731394290924072
44,61,2,-1.4851680994033813,STDK_plus_QConvLSTM,-2.2806167602539062,-1.3223704099655151,-0.5643473863601685
44,61,3,-0.7112864255905151,STDK,-1.6457202434539795,-1.026497483253479,-0.5079780220985413
44,61,3,-0.7112864255905151,STDK_plus_QLSTM,-1.529327630996704,-0.7242143750190735,0.10443168878555298
44,61,3,-0.7112864255905151,STDK_plus_QConvLSTM,-2.2704317569732666,-1.35480797290802,-0.6079196333885193
44,61,4,-0.3972983956336975,STDK,-1.6780295372009277,-1.0588663816452026,-0.5372597575187683
44,61,4,-0.3972983956336975,STDK_plus_QLSTM,-1.4378623962402344,-0.6309849619865417,0.202478289604187
44,61,4,-0.3972983956336975,STDK_plus_QConvLSTM,-2.3335816860198975,-1.3860851526260376,-0.6164855360984802
44,61,5,-0.10104130208492279,STDK,-1.758542776107788,-1.1357852220535278,-0.6119063496589661
44,61,5,-0.10104130208492279,STDK_plus_QLSTM,-1.3464032411575317,-0.5429123640060425,0.2955373525619507
44,61,5,-0.10104130208492279,STDK_plus_QConvLSTM,-2.2417168617248535,-1.2965037822723389,-0.5302422046661377
44,62,1,0.01734272949397564,STDK,-0.7412745952606201,-0.19838067889213562,0.38036784529685974
44,62,1,0.01734272949397564,STDK_plus_QLSTM,-0.9651753306388855,-0.15745867788791656,0.6100215911865234
44,62,1,0.01734272949397564,STDK_plus_QConvLSTM,-1.5230367183685303,-0.6377564072608948,0.30405718088150024
44,62,2,-0.27525514364242554,STDK,-0.8676179647445679,-0.3307798504829407,0.25067079067230225
44,62,2,-0.27525514364242554,STDK_plus_QLSTM,-0.9540377855300903,-0.161764457821846,0.6032402515411377
44,62,2,-0.27525514364242554,STDK_plus_QConvLSTM,-1.5108916759490967,-0.6654701828956604,0.3553902506828308
44,62,3,-0.03379339724779129,STDK,-0.9333959817886353,-0.3984917104244232,0.18570634722709656
44,62,3,-0.03379339724779129,STDK_plus_QLSTM,-0.9467602968215942,-0.1652725487947464,0.6049797534942627
44,62,3,-0.03379339724779129,STDK_plus_QConvLSTM,-1.450518250465393,-0.6499764919281006,0.3456929922103882
44,62,4,-0.24843540787696838,STDK,-0.958635687828064,-0.4214688539505005,0.16492223739624023
44,62,4,-0.24843540787696838,STDK_plus_QLSTM,-0.9474869966506958,-0.16776563227176666,0.6033503413200378
44,62,4,-0.24843540787696838,STDK_plus_QConvLSTM,-1.2905164957046509,-0.440623015165329,0.5184255838394165
44,62,5,-0.12834429740905762,STDK,-0.983413815498352,-0.43989327549934387,0.14805439114570618
44,62,5,-0.12834429740905762,STDK_plus_QLSTM,-0.9521939754486084,-0.16942198574543,0.6016926169395447
44,62,5,-0.12834429740905762,STDK_plus_QConvLSTM,-1.132896900177002,-0.2512781322002411,0.6968063116073608
44,63,1,-0.7395002841949463,STDK,-0.962130606174469,-0.4187403917312622,0.1893634796142578
44,63,1,-0.7395002841949463,STDK_plus_QLSTM,-1.148014783859253,-0.38863736391067505,0.3940272927284241
44,63,1,-0.7395002841949463,STDK_plus_QConvLSTM,-1.7373273372650146,-0.8115792870521545,-0.11909818649291992
44,63,2,-0.22784815728664398,STDK,-0.9415402412414551,-0.4043610692024231,0.205946147441864
44,63,2,-0.22784815728664398,STDK_plus_QLSTM,-1.0668060779571533,-0.30486148595809937,0.47292619943618774
44,63,2,-0.22784815728664398,STDK_plus_QConvLSTM,-1.6632463932037354,-0.8862018585205078,-0.18987685441970825
44,63,3,-0.8751733899116516,STDK,-0.9579764604568481,-0.4228808283805847,0.1910577416419983
44,63,3,-0.8751733899116516,STDK_plus_QLSTM,-1.0014009475708008,-0.24104194343090057,0.5418804287910461
44,63,3,-0.8751733899116516,STDK_plus_QConvLSTM,-1.6939260959625244,-0.8509055972099304,-0.10676813125610352
44,63,4,-0.8859894275665283,STDK,-0.9781208038330078,-0.4408907890319824,0.17767959833145142
44,63,4,-0.8859894275665283,STDK_plus_QLSTM,-0.9552431702613831,-0.19684259593486786,0.5970609188079834
44,63,4,-0.8859894275665283,STDK_plus_QConvLSTM,-1.6519815921783447,-0.7927470207214355,-0.05756145715713501
44,63,5,-0.5754443407058716,STDK,-0.9776667356491089,-0.4341246783733368,0.18925318121910095
44,63,5,-0.5754443407058716,STDK_plus_QLSTM,-0.9281342029571533,-0.1707208752632141,0.6338884830474854
44,63,5,-0.5754443407058716,STDK_plus_QConvLSTM,-1.6577636003494263,-0.734670877456665,-0.041865646839141846
44,64,1,-1.057044267654419,STDK,-2.183406352996826,-1.6394109725952148,-1.0646878480911255
44,64,1,-1.057044267654419,STDK_plus_QLSTM,-2.483983039855957,-1.6614136695861816,-0.8210652470588684
44,64,1,-1.057044267654419,STDK_plus_QConvLSTM,-2.996706962585449,-2.133617877960205,-1.2510976791381836
44,64,2,-0.8812401294708252,STDK,-2.1404268741607666,-1.6041383743286133,-1.0269389152526855
44,64,2,-0.8812401294708252,STDK_plus_QLSTM,-2.5160531997680664,-1.6930503845214844,-0.8447529077529907
44,64,2,-0.8812401294708252,STDK_plus_QConvLSTM,-3.047297954559326,-2.3121118545532227,-1.2673362493515015
44,64,3,-1.0298854112625122,STDK,-2.1400084495544434,-1.6071995496749878,-1.024651050567627
44,64,3,-1.0298854112625122,STDK_plus_QLSTM,-2.5281174182891846,-1.7048295736312866,-0.8574178814888
44,64,3,-1.0298854112625122,STDK_plus_QConvLSTM,-2.9922139644622803,-2.2098777294158936,-1.2446348667144775
44,64,4,-1.4112334251403809,STDK,-2.165060520172119,-1.6307642459869385,-1.0417876243591309
44,64,4,-1.4112334251403809,STDK_plus_QLSTM,-2.5462799072265625,-1.7232060432434082,-0.8823399543762207
44,64,4,-1.4112334251403809,STDK_plus_QConvLSTM,-3.0371177196502686,-2.2634682655334473,-1.2924275398254395
44,64,5,-1.3539162874221802,STDK,-2.1976418495178223,-1.6578344106674194,-1.060654640197754
44,64,5,-1.3539162874221802,STDK_plus_QLSTM,-2.5585269927978516,-1.7360973358154297,-0.9039645195007324
44,64,5,-1.3539162874221802,STDK_plus_QConvLSTM,-2.89656662940979,-2.0786685943603516,-1.0870027542114258
44,65,1,-0.3767092823982239,STDK,-1.8607091903686523,-1.292094349861145,-0.7519277930259705
44,65,1,-0.3767092823982239,STDK_plus_QLSTM,-2.082134485244751,-1.2610756158828735,-0.3747801184654236
44,65,1,-0.3767092823982239,STDK_plus_QConvLSTM,-1.4277418851852417,-0.46610552072525024,0.4452112913131714
44,65,2,-0.25041013956069946,STDK,-1.9234898090362549,-1.3627089262008667,-0.8157283663749695
44,65,2,-0.25041013956069946,STDK_plus_QLSTM,-2.121687173843384,-1.294790267944336,-0.4189181327819824
44,65,2,-0.25041013956069946,STDK_plus_QConvLSTM,-1.3566946983337402,-0.48241207003593445,0.4478054344654083
44,65,3,-0.8371354341506958,STDK,-2.008848190307617,-1.4517632722854614,-0.8967480659484863
44,65,3,-0.8371354341506958,STDK_plus_QLSTM,-2.1279220581054688,-1.303279161453247,-0.4446110129356384
44,65,3,-0.8371354341506958,STDK_plus_QConvLSTM,-1.3043116331100464,-0.5083948373794556,0.4341530203819275
44,65,4,-0.7615823745727539,STDK,-2.106276035308838,-1.5483874082565308,-0.9846111536026001
44,65,4,-0.7615823745727539,STDK_plus_QLSTM,-2.1146600246429443,-1.2943390607833862,-0.4437888264656067
44,65,4,-0.7615823745727539,STDK_plus_QConvLSTM,-1.4657905101776123,-0.694895327091217,0.19468003511428833
44,65,5,-0.8447773456573486,STDK,-2.18851375579834,-1.625374674797058,-1.0526790618896484
44,65,5,-0.8447773456573486,STDK_plus_QLSTM,-2.090132474899292,-1.275439739227295,-0.41910475492477417
44,65,5,-0.8447773456573486,STDK_plus_QConvLSTM,-1.5584238767623901,-0.7323762774467468,0.17349106073379517
44,66,1,0.2583237290382385,STDK,-1.0474940538406372,-0.4010368287563324,0.07819852232933044
44,66,1,0.2583237290382385,STDK_plus_QLSTM,-1.049482822418213,-0.21930064260959625,0.6749311089515686
44,66,1,0.2583237290382385,STDK_plus_QConvLSTM,-0.6781488656997681,-0.08071687817573547,0.9217876195907593
44,66,2,0.3755638599395752,STDK,-1.255568027496338,-0.6157116889953613,-0.13013848662376404
44,66,2,0.3755638599395752,STDK_plus_QLSTM,-1.1049612760543823,-0.2602020502090454,0.6254099011421204
44,66,2,0.3755638599395752,STDK_plus_QConvLSTM,-0.6763855218887329,0.02771020494401455,1.0357028245925903
44,66,3,0.31341761350631714,STDK,-1.3435137271881104,-0.7062571048736572,-0.21448826789855957
44,66,3,0.31341761350631714,STDK_plus_QLSTM,-1.1412618160247803,-0.2930523157119751,0.588621199131012
44,66,3,0.31341761350631714,STDK_plus_QConvLSTM,-0.6307451128959656,0.011790022253990173,1.0231537818908691
44,66,4,-0.22958439588546753,STDK,-1.4026942253112793,-0.763671875,-0.2662363052368164
44,66,4,-0.22958439588546753,STDK_plus_QLSTM,-1.169128179550171,-0.3219483494758606,0.5570129156112671
44,66,4,-0.22958439588546753,STDK_plus_QConvLSTM,-0.5538804531097412,0.19503465294837952,1.1473829746246338
44,66,5,-0.3487333059310913,STDK,-1.4228041172027588,-0.7778294086456299,-0.27566778659820557
44,66,5,-0.3487333059310913,STDK_plus_QLSTM,-1.1892101764678955,-0.3503180742263794,0.5244024991989136
44,66,5,-0.3487333059310913,STDK_plus_QConvLSTM,-0.4569165110588074,0.27474814653396606,1.1903197765350342
44,67,1,0.5109087228775024,STDK,0.18768537044525146,0.8471177816390991,1.3751164674758911
44,67,1,0.5109087228775024,STDK_plus_QLSTM,0.19761496782302856,0.9968560338020325,1.7642686367034912
44,67,1,0.5109087228775024,STDK_plus_QConvLSTM,0.08442676067352295,0.7511298656463623,2.0478782653808594
44,67,2,0.38678282499313354,STDK,-0.002904951572418213,0.6520223617553711,1.1831176280975342
44,67,2,0.38678282499313354,STDK_plus_QLSTM,0.14358288049697876,0.940204918384552,1.7025930881500244
44,67,2,0.38678282499313354,STDK_plus_QConvLSTM,0.06882840394973755,0.7063230872154236,2.028008222579956
44,67,3,0.35800057649612427,STDK,-0.11966162919998169,0.533676028251648,1.0676968097686768
44,67,3,0.35800057649612427,STDK_plus_QLSTM,0.09824174642562866,0.8909575343132019,1.655155897140503
44,67,3,0.35800057649612427,STDK_plus_QConvLSTM,0.06958353519439697,0.7434206008911133,1.9129678010940552
44,67,4,0.12585559487342834,STDK,-0.14949405193328857,0.5057662725448608,1.0419774055480957
44,67,4,0.12585559487342834,STDK_plus_QLSTM,0.061804354190826416,0.8545331358909607,1.6199228763580322
44,67,4,0.12585559487342834,STDK_plus_QConvLSTM,0.04673409461975098,0.6790817379951477,1.8493351936340332
44,67,5,0.8302847146987915,STDK,-0.1723354458808899,0.48846256732940674,1.0285604000091553
44,67,5,0.8302847146987915,STDK_plus_QLSTM,0.0313761830329895,0.8275150060653687,1.59083890914917
44,67,5,0.8302847146987915,STDK_plus_QConvLSTM,0.1112130880355835,0.7420875430107117,1.7602124214172363
44,68,1,0.19490273296833038,STDK,-0.3757031559944153,0.27519893646240234,0.836533784866333
44,68,1,0.19490273296833038,STDK_plus_QLSTM,-0.5218334197998047,0.2630196809768677,1.1912834644317627
44,68,1,0.19490273296833038,STDK_plus_QConvLSTM,-0.9246599078178406,0.10200612992048264,0.8956203460693359
44,68,2,0.4298558235168457,STDK,-0.3597753345966339,0.2852685749530792,0.8517129421234131
44,68,2,0.4298558235168457,STDK_plus_QLSTM,-0.5273073315620422,0.2551417350769043,1.1713078022003174
44,68,2,0.4298558235168457,STDK_plus_QConvLSTM,-0.7546395063400269,0.19062909483909607,1.0245705842971802
44,68,3,-0.15054039657115936,STDK,-0.34833067655563354,0.29465699195861816,0.8666946887969971
44,68,3,-0.15054039657115936,STDK_plus_QLSTM,-0.5384009480476379,0.24184833467006683,1.1502182483673096
44,68,3,-0.15054039657115936,STDK_plus_QConvLSTM,-0.5894721746444702,0.34886881709098816,1.1902778148651123
44,68,4,-0.6392304301261902,STDK,-0.349119633436203,0.2964589297771454,0.8747087717056274
44,68,4,-0.6392304301261902,STDK_plus_QLSTM,-0.552466869354248,0.22566913068294525,1.1294469833374023
44,68,4,-0.6392304301261902,STDK_plus_QConvLSTM,-0.43491387367248535,0.5845237970352173,1.4998116493225098
44,68,5,-0.12309630215167999,STDK,-0.34258225560188293,0.30940350890159607,0.8944233655929565
44,68,5,-0.12309630215167999,STDK_plus_QLSTM,-0.5693695545196533,0.20806287229061127,1.110339879989624
44,68,5,-0.12309630215167999,STDK_plus_QConvLSTM,-0.5128195285797119,0.5099598169326782,1.397477626800537
44,69,1,-0.7242932915687561,STDK,-0.24860483407974243,0.34029150009155273,0.9317269921302795
44,69,1,-0.7242932915687561,STDK_plus_QLSTM,-0.4054664969444275,0.38697558641433716,1.2120463848114014
44,69,1,-0.7242932915687561,STDK_plus_QConvLSTM,-1.043603539466858,-0.2763485610485077,0.5792934894561768
44,69,2,0.21747983992099762,STDK,-0.26623398065567017,0.31545519828796387,0.9126036167144775
44,69,2,0.21747983992099762,STDK_plus_QLSTM,-0.3523849844932556,0.43013429641723633,1.2100656032562256
44,69,2,0.21747983992099762,STDK_plus_QConvLSTM,-0.9591445922851562,-0.2510143220424652,0.6315141916275024
44,69,3,-0.5506663918495178,STDK,-0.2850493788719177,0.2937476634979248,0.8988810777664185
44,69,3,-0.5506663918495178,STDK_plus_QLSTM,-0.3246181607246399,0.4478994607925415,1.1878249645233154
44,69,3,-0.5506663918495178,STDK_plus_QConvLSTM,-0.7259426116943359,-0.05509919300675392,0.8553844690322876
44,69,4,-1.019606351852417,STDK,-0.3022383451461792,0.27824676036834717,0.8957029581069946
44,69,4,-1.019606351852417,STDK_plus_QLSTM,-0.31329071521759033,0.45261621475219727,1.1916054487228394
44,69,4,-1.019606351852417,STDK_plus_QConvLSTM,-0.5785554647445679,0.024462681263685226,0.9895620346069336
44,69,5,-0.4933592975139618,STDK,-0.33406755328178406,0.2520970404148102,0.8832566738128662
44,69,5,-0.4933592975139618,STDK_plus_QLSTM,-0.31557685136795044,0.44952237606048584,1.1935417652130127
44,69,5,-0.4933592975139618,STDK_plus_QConvLSTM,-0.5173212289810181,0.10543397068977356,1.0451823472976685
44,70,1,-1.3282452821731567,STDK,-2.3471016883850098,-1.640657663345337,-1.0342438220977783
44,70,1,-1.3282452821731567,STDK_plus_QLSTM,-2.4884345531463623,-1.5567713975906372,-0.7406373620033264
44,70,1,-1.3282452821731567,STDK_plus_QConvLSTM,-2.9829249382019043,-2.0253679752349854,-1.1649208068847656
44,70,2,-1.9321331977844238,STDK,-2.3631529808044434,-1.6633763313293457,-1.055952787399292
44,70,2,-1.9321331977844238,STDK_plus_QLSTM,-2.43194580078125,-1.4922206401824951,-0.6802377104759216
44,70,2,-1.9321331977844238,STDK_plus_QConvLSTM,-2.9034807682037354,-1.9052766561508179,-1.0451037883758545
44,70,3,-1.1873314380645752,STDK,-2.415924072265625,-1.7206430435180664,-1.1102242469787598
44,70,3,-1.1873314380645752,STDK_plus_QLSTM,-2.364649772644043,-1.4217591285705566,-0.6183342337608337
44,70,3,-1.1873314380645752,STDK_plus_QConvLSTM,-2.697587490081787,-1.8150256872177124,-0.8031507730484009
44,70,4,-1.495349407196045,STDK,-2.4602746963500977,-1.766241192817688,-1.1520395278930664
44,70,4,-1.495349407196045,STDK_plus_QLSTM,-2.2988319396972656,-1.3581849336624146,-0.5655038356781006
44,70,4,-1.495349407196045,STDK_plus_QConvLSTM,-2.5874922275543213,-1.6383262872695923,-0.7689020037651062
44,70,5,-1.8193793296813965,STDK,-2.4777932167053223,-1.7823435068130493,-1.1650969982147217
44,70,5,-1.8193793296813965,STDK_plus_QLSTM,-2.2412707805633545,-1.3029776811599731,-0.5234606862068176
44,70,5,-1.8193793296813965,STDK_plus_QConvLSTM,-2.4389452934265137,-1.5545707941055298,-0.4902588129043579
44,71,1,-0.45768725872039795,STDK,-1.7268948554992676,-1.0550165176391602,-0.45284152030944824
44,71,1,-0.45768725872039795,STDK_plus_QLSTM,-1.7517542839050293,-0.9445664286613464,-0.05493462085723877
44,71,1,-0.45768725872039795,STDK_plus_QConvLSTM,-2.6252052783966064,-1.6405155658721924,-0.4948558807373047
44,71,2,-1.0775021314620972,STDK,-1.8003811836242676,-1.135848879814148,-0.5306850075721741
44,71,2,-1.0775021314620972,STDK_plus_QLSTM,-1.6632757186889648,-0.8726342916488647,0.014240145683288574
44,71,2,-1.0775021314620972,STDK_plus_QConvLSTM,-2.6818037033081055,-1.5701243877410889,-0.486348032951355
44,71,3,-0.8964493870735168,STDK,-1.9114840030670166,-1.2510029077529907,-0.6418256163597107
44,71,3,-0.8964493870735168,STDK_plus_QLSTM,-1.5888965129852295,-0.8124437928199768,0.057424306869506836
44,71,3,-0.8964493870735168,STDK_plus_QConvLSTM,-2.6685404777526855,-1.6532758474349976,-0.5180462598800659
44,71,4,-0.8002914190292358,STDK,-1.974428653717041,-1.3142306804656982,-0.7007268667221069
44,71,4,-0.8002914190292358,STDK_plus_QLSTM,-1.5240952968597412,-0.7567639946937561,0.08891487121582031
44,71,4,-0.8002914190292358,STDK_plus_QConvLSTM,-2.6630401611328125,-1.550942301750183,-0.45189130306243896
44,71,5,-0.9913873672485352,STDK,-2.033468246459961,-1.3701523542404175,-0.7531982064247131
44,71,5,-0.9913873672485352,STDK_plus_QLSTM,-1.4723782539367676,-0.7072727084159851,0.11083221435546875
44,71,5,-0.9913873672485352,STDK_plus_QConvLSTM,-2.5734987258911133,-1.5510390996932983,-0.40187084674835205
44,72,1,0.7109476923942566,STDK,-0.27868935465812683,0.312218576669693,0.8730212450027466
44,72,1,0.7109476923942566,STDK_plus_QLSTM,-0.39374616742134094,0.3501673638820648,1.170453429222107
44,72,1,0.7109476923942566,STDK_plus_QConvLSTM,-0.8987246155738831,-0.020441846922039986,0.9426972270011902
44,72,2,0.0028388425707817078,STDK,-0.3578316569328308,0.22737181186676025,0.7910982370376587
44,72,2,0.0028388425707817078,STDK_plus_QLSTM,-0.4544915556907654,0.2827741503715515,1.095048189163208
44,72,2,0.0028388425707817078,STDK_plus_QConvLSTM,-0.96781986951828,-0.08505701273679733,0.9091710448265076
44,72,3,-0.15442439913749695,STDK,-0.4566827118396759,0.1270122230052948,0.6930509805679321
44,72,3,-0.15442439913749695,STDK_plus_QLSTM,-0.5138094425201416,0.21953445672988892,1.0342013835906982
44,72,3,-0.15442439913749695,STDK_plus_QConvLSTM,-1.0437370538711548,-0.187963604927063,0.8433055877685547
44,72,4,-0.3166213929653168,STDK,-0.5463142991065979,0.04013548418879509,0.6079051494598389
44,72,4,-0.3166213929653168,STDK_plus_QLSTM,-0.5712553262710571,0.16275420784950256,0.9770982265472412
44,72,4,-0.3166213929653168,STDK_plus_QConvLSTM,-1.0780776739120483,-0.25136643648147583,0.8465525507926941
44,72,5,-0.1027023047208786,STDK,-0.639717698097229,-0.04642392694950104,0.5223518013954163
44,72,5,-0.1027023047208786,STDK_plus_QLSTM,-0.6222586631774902,0.1138390600681305,0.9328809976577759
44,72,5,-0.1027023047208786,STDK_plus_QConvLSTM,-0.9896599054336548,-0.06888587027788162,0.972163736820221
44,73,1,0.08443373441696167,STDK,-0.6070404052734375,-0.10082758963108063,0.5469349026679993
44,73,1,0.08443373441696167,STDK_plus_QLSTM,-0.8467874526977539,-0.0781039223074913,0.733331561088562
44,73,1,0.08443373441696167,STDK_plus_QConvLSTM,-1.2537155151367188,-0.23307323455810547,0.6440666317939758
44,73,2,-0.46044015884399414,STDK,-0.633686900138855,-0.13458135724067688,0.515365719795227
44,73,2,-0.46044015884399414,STDK_plus_QLSTM,-0.8845521807670593,-0.11732520908117294,0.7003300189971924
44,73,2,-0.46044015884399414,STDK_plus_QConvLSTM,-1.282943844795227,-0.3291841745376587,0.4934830069541931
44,73,3,0.422105610370636,STDK,-0.6640763878822327,-0.16798242926597595,0.4860886037349701
44,73,3,0.422105610370636,STDK_plus_QLSTM,-0.9191665649414062,-0.15572860836982727,0.661670446395874
44,73,3,0.422105610370636,STDK_plus_QConvLSTM,-1.3316266536712646,-0.35990452766418457,0.4187527298927307
44,73,4,-0.2271794080734253,STDK,-0.6981921195983887,-0.20095966756343842,0.4597606658935547
44,73,4,-0.2271794080734253,STDK_plus_QLSTM,-0.9535746574401855,-0.19246751070022583,0.6239656209945679
44,73,4,-0.2271794080734253,STDK_plus_QConvLSTM,-1.3167787790298462,-0.3309487998485565,0.5345555543899536
44,73,5,-0.05233930051326752,STDK,-0.7193852663040161,-0.21734893321990967,0.4510425925254822
44,73,5,-0.05233930051326752,STDK_plus_QLSTM,-0.9855136871337891,-0.22623011469841003,0.5838655233383179
44,73,5,-0.05233930051326752,STDK_plus_QConvLSTM,-1.3288748264312744,-0.29189521074295044,0.5105655193328857
44,74,1,1.2077797651290894,STDK,0.9492197632789612,1.5498915910720825,2.1472949981689453
44,74,1,1.2077797651290894,STDK_plus_QLSTM,0.74272620677948,1.531975269317627,2.347827434539795
44,74,1,1.2077797651290894,STDK_plus_QConvLSTM,0.1513422131538391,1.0816749334335327,2.134145736694336
44,74,2,1.6562209129333496,STDK,0.9594065546989441,1.5522310733795166,2.1532962322235107
44,74,2,1.6562209129333496,STDK_plus_QLSTM,0.707694947719574,1.5016740560531616,2.309803009033203
44,74,2,1.6562209129333496,STDK_plus_QConvLSTM,0.032951176166534424,1.0320625305175781,2.030388593673706
44,74,3,1.241661548614502,STDK,0.9033726453781128,1.4924083948135376,2.0991287231445312
44,74,3,1.241661548614502,STDK_plus_QLSTM,0.6743148565292358,1.466849446296692,2.2699737548828125
44,74,3,1.241661548614502,STDK_plus_QConvLSTM,-0.035144805908203125,1.050062894821167,1.9622905254364014
44,74,4,1.7958366870880127,STDK,0.8694453239440918,1.4595450162887573,2.071772813796997
44,74,4,1.7958366870880127,STDK_plus_QLSTM,0.6403658986091614,1.4297981262207031,2.2309834957122803
44,74,4,1.7958366870880127,STDK_plus_QConvLSTM,-0.2699047923088074,0.8327316641807556,1.8005425930023193
44,74,5,1.458777666091919,STDK,0.8600077033042908,1.455734372138977,2.0748178958892822
44,74,5,1.458777666091919,STDK_plus_QLSTM,0.6081141233444214,1.3972076177597046,2.198068380355835
44,74,5,1.458777666091919,STDK_plus_QConvLSTM,-0.3060586452484131,0.6639353632926941,1.624624252319336
44,75,1,1.1122057437896729,STDK,-0.3716546595096588,0.22907498478889465,0.7217996120452881
44,75,1,1.1122057437896729,STDK_plus_QLSTM,-0.14105749130249023,0.6193222403526306,1.3651385307312012
44,75,1,1.1122057437896729,STDK_plus_QConvLSTM,-0.10300827026367188,0.599987268447876,1.5714359283447266
44,75,2,1.0006338357925415,STDK,-0.6993818283081055,-0.10616958141326904,0.3943769335746765
44,75,2,1.0006338357925415,STDK_plus_QLSTM,-0.19915544986724854,0.5598600506782532,1.312084436416626
44,75,2,1.0006338357925415,STDK_plus_QConvLSTM,-0.1532973051071167,0.5507235527038574,1.5544966459274292
44,75,3,1.3584206104278564,STDK,-0.8380237817764282,-0.24844270944595337,0.2605469226837158
44,75,3,1.3584206104278564,STDK_plus_QLSTM,-0.2505836486816406,0.5191043019294739,1.2801148891448975
44,75,3,1.3584206104278564,STDK_plus_QConvLSTM,-0.14103764295578003,0.5868634581565857,1.5411845445632935
44,75,4,0.41798460483551025,STDK,-0.8734003305435181,-0.28320828080177307,0.23428097367286682
44,75,4,0.41798460483551025,STDK_plus_QLSTM,-0.2952176034450531,0.4909297525882721,1.2577128410339355
44,75,4,0.41798460483551025,STDK_plus_QConvLSTM,-0.28192222118377686,0.5100390315055847,1.3654859066009521
44,75,5,0.41645070910453796,STDK,-0.8625510931015015,-0.26781925559043884,0.25749173760414124
44,75,5,0.41645070910453796,STDK_plus_QLSTM,-0.3316342532634735,0.47337427735328674,1.242077350616455
44,75,5,0.41645070910453796,STDK_plus_QConvLSTM,-0.41178590059280396,0.47310811281204224,1.355743408203125
44,76,1,0.568196713924408,STDK,-0.4040182828903198,0.2218989133834839,0.6799639463424683
44,76,1,0.568196713924408,STDK_plus_QLSTM,-0.4590113162994385,0.37812095880508423,1.1082966327667236
44,76,1,0.568196713924408,STDK_plus_QConvLSTM,-0.17234903573989868,0.5777884721755981,1.8247298002243042
44,76,2,0.5456148386001587,STDK,-0.7588897347450256,-0.1394927054643631,0.32507431507110596
44,76,2,0.5456148386001587,STDK_plus_QLSTM,-0.6031357049942017,0.2389286607503891,0.9821105003356934
44,76,2,0.5456148386001587,STDK_plus_QConvLSTM,-0.22128236293792725,0.4077278971672058,1.7629992961883545
44,76,3,0.1757006049156189,STDK,-0.845436155796051,-0.22913634777069092,0.24157047271728516
44,76,3,0.1757006049156189,STDK_plus_QLSTM,-0.7093011140823364,0.14027385413646698,0.9063095450401306
44,76,3,0.1757006049156189,STDK_plus_QConvLSTM,-0.2814101278781891,0.4584134519100189,1.79068922996521
44,76,4,-0.010356403887271881,STDK,-0.8585380911827087,-0.24117641150951385,0.23501984775066376
44,76,4,-0.010356403887271881,STDK_plus_QLSTM,-0.7774412035942078,0.07723252475261688,0.8720570802688599
44,76,4,-0.010356403887271881,STDK_plus_QConvLSTM,-0.3744111657142639,0.3595074415206909,1.6333497762680054
44,76,5,0.38234370946884155,STDK,-0.824552059173584,-0.20231500267982483,0.278422087430954
44,76,5,0.38234370946884155,STDK_plus_QLSTM,-0.8130026459693909,0.040360793471336365,0.8560165166854858
44,76,5,0.38234370946884155,STDK_plus_QConvLSTM,-0.5030752420425415,0.33290302753448486,1.666532278060913
44,77,1,-0.38590627908706665,STDK,-1.5281636714935303,-0.9003310203552246,-0.42093735933303833
44,77,1,-0.38590627908706665,STDK_plus_QLSTM,-1.7616493701934814,-0.931795597076416,-0.10177087783813477
44,77,1,-0.38590627908706665,STDK_plus_QConvLSTM,-0.45329099893569946,0.29769498109817505,1.0939791202545166
44,77,2,-0.2606891393661499,STDK,-1.5883231163024902,-0.9675354957580566,-0.4812345802783966
44,77,2,-0.2606891393661499,STDK_plus_QLSTM,-1.9133381843566895,-1.0732059478759766,-0.23495566844940186
44,77,2,-0.2606891393661499,STDK_plus_QConvLSTM,-0.48301103711128235,0.30858030915260315,1.1052920818328857
44,77,3,-0.30912238359451294,STDK,-1.6651291847229004,-1.0476326942443848,-0.5547561645507812
44,77,3,-0.30912238359451294,STDK_plus_QLSTM,-2.040738582611084,-1.1778775453567505,-0.3324770927429199
44,77,3,-0.30912238359451294,STDK_plus_QConvLSTM,-0.7672685980796814,0.020548703148961067,0.7970977425575256
44,77,4,-0.1970553994178772,STDK,-1.7185240983963013,-1.1001871824264526,-0.601595401763916
44,77,4,-0.1970553994178772,STDK_plus_QLSTM,-2.0943284034729004,-1.2268346548080444,-0.3774183392524719
44,77,4,-0.1970553994178772,STDK_plus_QConvLSTM,-0.7877135872840881,-0.0303636584430933,0.7778728008270264
44,77,5,0.39194270968437195,STDK,-1.7368638515472412,-1.113796353340149,-0.6110181212425232
44,77,5,0.39194270968437195,STDK_plus_QLSTM,-2.1070849895477295,-1.2420662641525269,-0.4051057696342468
44,77,5,0.39194270968437195,STDK_plus_QConvLSTM,-1.0239226818084717,-0.19839894771575928,0.5705491900444031
44,78,1,0.2014627307653427,STDK,-0.24103480577468872,0.40542322397232056,0.9778529405593872
44,78,1,0.2014627307653427,STDK_plus_QLSTM,-0.4007173180580139,0.42362427711486816,1.256232738494873
44,78,1,0.2014627307653427,STDK_plus_QConvLSTM,-0.23841983079910278,0.6143022179603577,1.3882884979248047
44,78,2,0.34368085861206055,STDK,-0.24056798219680786,0.4003726840019226,0.9794401526451111
44,78,2,0.34368085861206055,STDK_plus_QLSTM,-0.4398340582847595,0.3758571743965149,1.2075881958007812
44,78,2,0.34368085861206055,STDK_plus_QConvLSTM,-0.23600226640701294,0.612446665763855,1.2524337768554688
44,78,3,0.30076462030410767,STDK,-0.26400628685951233,0.375078946352005,0.960477352142334
44,78,3,0.30076462030410767,STDK_plus_QLSTM,-0.4764513373374939,0.3328142762184143,1.1640210151672363
44,78,3,0.30076462030410767,STDK_plus_QConvLSTM,-0.21823757886886597,0.6339432001113892,1.3564107418060303
44,78,4,-0.40954238176345825,STDK,-0.2663552761077881,0.3737684488296509,0.9656166434288025
44,78,4,-0.40954238176345825,STDK_plus_QLSTM,-0.5110860466957092,0.2936556339263916,1.1249096393585205
44,78,4,-0.40954238176345825,STDK_plus_QConvLSTM,-0.13840150833129883,0.7273006439208984,1.5322721004486084
44,78,5,-0.0811913013458252,STDK,-0.26825571060180664,0.37552136182785034,0.9732006788253784
44,78,5,-0.0811913013458252,STDK_plus_QLSTM,-0.5434513688087463,0.25840258598327637,1.0891872644424438
44,78,5,-0.0811913013458252,STDK_plus_QConvLSTM,-0.13014942407608032,0.7184035778045654,1.5131309032440186
44,79,1,-0.5461152791976929,STDK,-0.9459171891212463,-0.44038325548171997,0.11078917980194092
44,79,1,-0.5461152791976929,STDK_plus_QLSTM,-1.166421890258789,-0.4212357997894287,0.47057998180389404
44,79,1,-0.5461152791976929,STDK_plus_QConvLSTM,-1.7255942821502686,-0.7657614946365356,0.23538410663604736
44,79,2,-0.43063414096832275,STDK,-1.0947315692901611,-0.595784068107605,-0.03901153802871704
44,79,2,-0.43063414096832275,STDK_plus_QLSTM,-1.1445763111114502,-0.4195680618286133,0.4993908405303955
44,79,2,-0.43063414096832275,STDK_plus_QConvLSTM,-1.6834285259246826,-0.7190009355545044,0.2060592770576477
44,79,3,-0.8033344149589539,STDK,-1.141690969467163,-0.6462491750717163,-0.08162474632263184
44,79,3,-0.8033344149589539,STDK_plus_QLSTM,-1.1360204219818115,-0.4300609230995178,0.5063055157661438
44,79,3,-0.8033344149589539,STDK_plus_QConvLSTM,-1.6006062030792236,-0.6352332830429077,0.35333919525146484
44,79,4,-1.705094337463379,STDK,-1.1993998289108276,-0.704142689704895,-0.12990844249725342
44,79,4,-1.705094337463379,STDK_plus_QLSTM,-1.1363191604614258,-0.4491652250289917,0.49995535612106323
44,79,4,-1.705094337463379,STDK_plus_QConvLSTM,-1.5318925380706787,-0.5845330357551575,0.425525963306427
44,79,5,-0.19114530086517334,STDK,-1.239502191543579,-0.7413176894187927,-0.1563512682914734
44,79,5,-0.19114530086517334,STDK_plus_QLSTM,-1.1562896966934204,-0.47461870312690735,0.4810486137866974
44,79,5,-0.19114530086517334,STDK_plus_QConvLSTM,-1.6496574878692627,-0.7138651609420776,0.3286435604095459
44,80,1,-2.3645071983337402,STDK,-2.4954538345336914,-1.814919352531433,-1.1530818939208984
44,80,1,-2.3645071983337402,STDK_plus_QLSTM,-2.6143383979797363,-1.7433336973190308,-0.8576052784919739
44,80,1,-2.3645071983337402,STDK_plus_QConvLSTM,-2.6163740158081055,-1.5470651388168335,-0.9325261116027832
44,80,2,-2.7112462520599365,STDK,-2.5838980674743652,-1.912542462348938,-1.2476465702056885
44,80,2,-2.7112462520599365,STDK_plus_QLSTM,-2.710090160369873,-1.8321315050125122,-0.9437101483345032
44,80,2,-2.7112462520599365,STDK_plus_QConvLSTM,-2.5949621200561523,-1.5094881057739258,-0.8154659271240234
44,80,3,-2.4770894050598145,STDK,-2.603610038757324,-1.9377176761627197,-1.2655686140060425
44,80,3,-2.4770894050598145,STDK_plus_QLSTM,-2.773284912109375,-1.8997586965560913,-1.012678861618042
44,80,3,-2.4770894050598145,STDK_plus_QConvLSTM,-2.5190515518188477,-1.5161594152450562,-0.8436743021011353
44,80,4,-2.545055389404297,STDK,-2.632472515106201,-1.9680185317993164,-1.2841366529464722
44,80,4,-2.545055389404297,STDK_plus_QLSTM,-2.8236660957336426,-1.962957501411438,-1.079235553741455
44,80,4,-2.545055389404297,STDK_plus_QConvLSTM,-2.4952259063720703,-1.5402436256408691,-0.8991189002990723
44,80,5,-2.253962278366089,STDK,-2.6603784561157227,-1.9942115545272827,-1.2982783317565918
44,80,5,-2.253962278366089,STDK_plus_QLSTM,-2.866718292236328,-2.018627405166626,-1.1357827186584473
44,80,5,-2.253962278366089,STDK_plus_QConvLSTM,-2.5102100372314453,-1.501171588897705,-0.7769510746002197
44,81,1,-1.5406842231750488,STDK,-2.2243192195892334,-1.5165678262710571,-0.9001628160476685
44,81,1,-1.5406842231750488,STDK_plus_QLSTM,-2.467440366744995,-1.571475625038147,-0.7296700477600098
44,81,1,-1.5406842231750488,STDK_plus_QConvLSTM,-2.73335862159729,-1.739172339439392,-0.6826411485671997
44,81,2,-1.8612651824951172,STDK,-2.196045160293579,-1.4956544637680054,-0.8754781484603882
44,81,2,-1.8612651824951172,STDK_plus_QLSTM,-2.513786554336548,-1.6051431894302368,-0.7532824873924255
44,81,2,-1.8612651824951172,STDK_plus_QConvLSTM,-2.762453556060791,-1.7569575309753418,-0.7675032019615173
44,81,3,-1.4628933668136597,STDK,-2.199080228805542,-1.5037131309509277,-0.8783924579620361
44,81,3,-1.4628933668136597,STDK_plus_QLSTM,-2.552647113800049,-1.6439754962921143,-0.7847024202346802
44,81,3,-1.4628933668136597,STDK_plus_QConvLSTM,-2.5872726440429688,-1.6197911500930786,-0.5521291494369507
44,81,4,-1.797358512878418,STDK,-2.223278045654297,-1.5300041437149048,-0.8981048464775085
44,81,4,-1.797358512878418,STDK_plus_QLSTM,-2.5860257148742676,-1.6815413236618042,-0.8182621598243713
44,81,4,-1.797358512878418,STDK_plus_QConvLSTM,-2.4269068241119385,-1.4668391942977905,-0.3472254276275635
44,81,5,-2.2498912811279297,STDK,-2.2642016410827637,-1.5699318647384644,-0.931341290473938
44,81,5,-2.2498912811279297,STDK_plus_QLSTM,-2.6145451068878174,-1.720319151878357,-0.8605428338050842
44,81,5,-2.2498912811279297,STDK_plus_QConvLSTM,-2.3829524517059326,-1.4077675342559814,-0.22907805442810059
44,82,1,-0.20811526477336884,STDK,-0.635403037071228,-0.02953881397843361,0.44370120763778687
44,82,1,-0.20811526477336884,STDK_plus_QLSTM,-0.8610634207725525,-0.00802459567785263,0.7035306692123413
44,82,1,-0.20811526477336884,STDK_plus_QConvLSTM,-0.9940609335899353,-0.07851485908031464,1.0960140228271484
44,82,2,-0.6631301641464233,STDK,-0.6167038679122925,-0.016860231757164,0.4602448344230652
44,82,2,-0.6631301641464233,STDK_plus_QLSTM,-0.8161571621894836,0.03831217437982559,0.7500628232955933
44,82,2,-0.6631301641464233,STDK_plus_QConvLSTM,-1.005738377571106,0.006413446739315987,1.175469994544983
44,82,3,0.17451760172843933,STDK,-0.6101175546646118,-0.01355549693107605,0.4692721664905548
44,82,3,0.17451760172843933,STDK_plus_QLSTM,-0.7679531574249268,0.08626667410135269,0.8049587607383728
44,82,3,0.17451760172843933,STDK_plus_QConvLSTM,-0.9101475477218628,0.05967388302087784,1.2349038124084473
44,82,4,-0.5294983983039856,STDK,-0.6120436787605286,-0.015397768467664719,0.47519341111183167
44,82,4,-0.5294983983039856,STDK_plus_QLSTM,-0.7176846265792847,0.13605502247810364,0.8690497875213623
44,82,4,-0.5294983983039856,STDK_plus_QConvLSTM,-0.873563826084137,0.10308819264173508,1.2713104486465454
44,82,5,0.06872369349002838,STDK,-0.6168200969696045,-0.016233600676059723,0.4819325804710388
44,82,5,0.06872369349002838,STDK_plus_QLSTM,-0.6665270328521729,0.18776240944862366,0.9394800662994385
44,82,5,0.06872369349002838,STDK_plus_QConvLSTM,-0.8951193690299988,0.09840132296085358,1.268477201461792
44,83,1,0.08627372980117798,STDK,-0.924497127532959,-0.36667129397392273,0.1346302330493927
44,83,1,0.08627372980117798,STDK_plus_QLSTM,-1.1149808168411255,-0.25508615374565125,0.5083661079406738
44,83,1,0.08627372980117798,STDK_plus_QConvLSTM,-1.9282360076904297,-1.0957379341125488,-0.37188565731048584
44,83,2,-0.3668941855430603,STDK,-0.9387809038162231,-0.38799941539764404,0.12016665935516357
44,83,2,-0.3668941855430603,STDK_plus_QLSTM,-1.013761281967163,-0.1604989916086197,0.6123589873313904
44,83,2,-0.3668941855430603,STDK_plus_QConvLSTM,-1.9147584438323975,-1.1408050060272217,-0.31882816553115845
44,83,3,-0.3246253728866577,STDK,-1.0074489116668701,-0.4600633382797241,0.055776238441467285
44,83,3,-0.3246253728866577,STDK_plus_QLSTM,-0.9562058448791504,-0.11471374332904816,0.6648440361022949
44,83,3,-0.3246253728866577,STDK_plus_QConvLSTM,-1.7826426029205322,-0.9480650424957275,-0.3424358367919922
44,83,4,-0.9933163523674011,STDK,-1.0766723155975342,-0.5288325548171997,-0.0050702691078186035
44,83,4,-0.9933163523674011,STDK_plus_QLSTM,-0.9141302704811096,-0.08306439220905304,0.6976414322853088
44,83,4,-0.9933163523674011,STDK_plus_QConvLSTM,-1.6655158996582031,-0.7618110179901123,-0.10627126693725586
44,83,5,-0.7626763582229614,STDK,-1.1360270977020264,-0.5837764739990234,-0.05312228202819824
44,83,5,-0.7626763582229614,STDK_plus_QLSTM,-0.861483097076416,-0.03246160224080086,0.7491853833198547
44,83,5,-0.7626763582229614,STDK_plus_QConvLSTM,-1.6096431016921997,-0.6910660862922668,-0.0034940242767333984
44,84,1,-1.039109230041504,STDK,-1.6491122245788574,-1.1050975322723389,-0.6071408987045288
44,84,1,-1.039109230041504,STDK_plus_QLSTM,-1.932725429534912,-1.0320371389389038,-0.1905229091644287
44,84,1,-1.039109230041504,STDK_plus_QConvLSTM,-1.6419811248779297,-0.7771211862564087,0.17039018869400024
44,84,2,-1.210815191268921,STDK,-1.693502426147461,-1.1562367677688599,-0.6519290208816528
44,84,2,-1.210815191268921,STDK_plus_QLSTM,-2.002047061920166,-1.0972387790679932,-0.26316314935684204
44,84,2,-1.210815191268921,STDK_plus_QConvLSTM,-1.6803256273269653,-0.7863577008247375,0.08628147840499878
44,84,3,-0.7046223878860474,STDK,-1.733752727508545,-1.1997265815734863,-0.6881207823753357
44,84,3,-0.7046223878860474,STDK_plus_QLSTM,-2.014603614807129,-1.1234992742538452,-0.29988235235214233
44,84,3,-0.7046223878860474,STDK_plus_QConvLSTM,-1.7748082876205444,-0.8800989389419556,-0.028772592544555664
44,84,4,-0.9630463719367981,STDK,-1.7740105390548706,-1.2390621900558472,-0.7196194529533386
44,84,4,-0.9630463719367981,STDK_plus_QLSTM,-1.9882398843765259,-1.1139005422592163,-0.3027212619781494
44,84,4,-0.9630463719367981,STDK_plus_QConvLSTM,-1.7229254245758057,-0.9100523591041565,0.052721381187438965
44,84,5,-0.560454249382019,STDK,-1.802037239074707,-1.2623695135116577,-0.735051155090332
44,84,5,-0.560454249382019,STDK_plus_QLSTM,-1.9396123886108398,-1.0877436399459839,-0.2850226163864136
44,84,5,-0.560454249382019,STDK_plus_QConvLSTM,-1.7790876626968384,-0.9146473407745361,0.025564610958099365
44,85,1,-0.19216327369213104,STDK,-1.3701484203338623,-0.788843035697937,-0.2944350838661194
44,85,1,-0.19216327369213104,STDK_plus_QLSTM,-1.7253928184509277,-0.9039914011955261,-0.15996885299682617
44,85,1,-0.19216327369213104,STDK_plus_QConvLSTM,-1.4423435926437378,-0.4434354603290558,0.511184811592102
44,85,2,-0.1286301612854004,STDK,-1.3443830013275146,-0.7700002789497375,-0.2683383822441101
44,85,2,-0.1286301612854004,STDK_plus_QLSTM,-1.7945979833602905,-0.9736558198928833,-0.242195725440979
44,85,2,-0.1286301612854004,STDK_plus_QConvLSTM,-1.4600105285644531,-0.4191898703575134,0.46643203496932983
44,85,3,0.1615425944328308,STDK,-1.3423995971679688,-0.7716494202613831,-0.26218342781066895
44,85,3,0.1615425944328308,STDK_plus_QLSTM,-1.756899356842041,-0.9359208345413208,-0.2172808051109314
44,85,3,0.1615425944328308,STDK_plus_QConvLSTM,-1.4145278930664062,-0.32919350266456604,0.539374828338623
44,85,4,0.41077759861946106,STDK,-1.3596057891845703,-0.7883183360099792,-0.2711297273635864
44,85,4,0.41077759861946106,STDK_plus_QLSTM,-1.610609531402588,-0.8092052936553955,-0.10392314195632935
44,85,4,0.41077759861946106,STDK_plus_QConvLSTM,-1.5984517335891724,-0.44907522201538086,0.416001558303833
44,85,5,0.5543386936187744,STDK,-1.3924040794372559,-0.8164991140365601,-0.29206424951553345
44,85,5,0.5543386936187744,STDK_plus_QLSTM,-1.408214807510376,-0.6374078392982483,0.0675554871559143
44,85,5,0.5543386936187744,STDK_plus_QConvLSTM,-1.6509298086166382,-0.41830968856811523,0.5318584442138672
44,86,1,-0.9773922562599182,STDK,-2.122589111328125,-1.5284497737884521,-1.0872958898544312
44,86,1,-0.9773922562599182,STDK_plus_QLSTM,-2.3645856380462646,-1.5161364078521729,-0.6042643785476685
44,86,1,-0.9773922562599182,STDK_plus_QConvLSTM,-1.520084261894226,-0.7788276076316833,0.24373489618301392
44,86,2,-0.8879011273384094,STDK,-2.1759791374206543,-1.5888466835021973,-1.1418650150299072
44,86,2,-0.8879011273384094,STDK_plus_QLSTM,-2.405428409576416,-1.563222885131836,-0.6395381093025208
44,86,2,-0.8879011273384094,STDK_plus_QConvLSTM,-1.3710453510284424,-0.5906760692596436,0.28223347663879395
44,86,3,-0.9942224025726318,STDK,-2.2289273738861084,-1.6456032991409302,-1.1932413578033447
44,86,3,-0.9942224025726318,STDK_plus_QLSTM,-2.428037643432617,-1.590938687324524,-0.6627417206764221
44,86,3,-0.9942224025726318,STDK_plus_QConvLSTM,-1.370197057723999,-0.5614770650863647,0.2240479588508606
44,86,4,-1.671905517578125,STDK,-2.288918972015381,-1.7051645517349243,-1.2485072612762451
44,86,4,-1.671905517578125,STDK_plus_QLSTM,-2.4398794174194336,-1.6050317287445068,-0.6797877550125122
44,86,4,-1.671905517578125,STDK_plus_QConvLSTM,-1.4041074514389038,-0.5365949273109436,0.31333255767822266
44,86,5,-1.4700373411178589,STDK,-2.3508901596069336,-1.7626522779464722,-1.302627682685852
44,86,5,-1.4700373411178589,STDK_plus_QLSTM,-2.444504976272583,-1.608881950378418,-0.6802956461906433
44,86,5,-1.4700373411178589,STDK_plus_QConvLSTM,-1.5385373830795288,-0.5909721255302429,0.22992730140686035
44,87,1,2.0622806549072266,STDK,1.2918927669525146,1.922297477722168,2.3832924365997314
44,87,1,2.0622806549072266,STDK_plus_QLSTM,1.3033130168914795,2.0945346355438232,2.903850793838501
44,87,1,2.0622806549072266,STDK_plus_QConvLSTM,1.0905405282974243,1.8353171348571777,2.6818864345550537
44,87,2,1.898789882659912,STDK,0.978987455368042,1.6030114889144897,2.066570520401001
44,87,2,1.898789882659912,STDK_plus_QLSTM,1.2389883995056152,2.0420424938201904,2.8465209007263184
44,87,2,1.898789882659912,STDK_plus_QConvLSTM,1.1653231382369995,1.9558473825454712,2.797788143157959
44,87,3,2.2536017894744873,STDK,0.8593553900718689,1.4804885387420654,1.94593346118927
44,87,3,2.2536017894744873,STDK_plus_QLSTM,1.19957435131073,2.008629083633423,2.808231830596924
44,87,3,2.2536017894744873,STDK_plus_QConvLSTM,1.1510028839111328,1.8875819444656372,2.7497611045837402
44,87,4,2.4494056701660156,STDK,0.9830583333969116,1.6054095029830933,2.0715951919555664
44,87,4,2.4494056701660156,STDK_plus_QLSTM,1.1644995212554932,1.9786850214004517,2.7757482528686523
44,87,4,2.4494056701660156,STDK_plus_QConvLSTM,1.0696191787719727,1.8735111951828003,2.7465152740478516
44,87,5,2.7932496070861816,STDK,1.19484281539917,1.822557806968689,2.288804292678833
44,87,5,2.7932496070861816,STDK_plus_QLSTM,1.139194369316101,1.9595757722854614,2.7549996376037598
44,87,5,2.7932496070861816,STDK_plus_QConvLSTM,0.9278008341789246,1.7220696210861206,2.6545138359069824
44,88,1,0.3230557441711426,STDK,-1.1830461025238037,-0.5494377017021179,-0.018977046012878418
44,88,1,0.3230557441711426,STDK_plus_QLSTM,-1.3608932495117188,-0.5267685055732727,0.34350913763046265
44,88,1,0.3230557441711426,STDK_plus_QConvLSTM,-0.8590239882469177,-0.004169453866779804,1.2566338777542114
44,88,2,-0.10624516010284424,STDK,-1.2733378410339355,-0.6463717222213745,-0.10885834693908691
44,88,2,-0.10624516010284424,STDK_plus_QLSTM,-1.40066659450531,-0.586557924747467,0.2779631018638611
44,88,2,-0.10624516010284424,STDK_plus_QConvLSTM,-0.909121572971344,0.08760327845811844,1.3659324645996094
44,88,3,-0.22464941442012787,STDK,-1.3316973447799683,-0.7076644897460938,-0.16310304403305054
44,88,3,-0.22464941442012787,STDK_plus_QLSTM,-1.4039573669433594,-0.5835052132606506,0.2640102505683899
44,88,3,-0.22464941442012787,STDK_plus_QConvLSTM,-0.8873761892318726,0.21344949305057526,1.3582205772399902
44,88,4,-0.9989413619041443,STDK,-1.373871922492981,-0.7491623163223267,-0.19790810346603394
44,88,4,-0.9989413619041443,STDK_plus_QLSTM,-1.3958892822265625,-0.5431562066078186,0.2884094715118408
44,88,4,-0.9989413619041443,STDK_plus_QConvLSTM,-0.8347219228744507,0.1409706175327301,1.1446224451065063
44,88,5,-0.8507843017578125,STDK,-1.3941576480865479,-0.7651391625404358,-0.20840299129486084
44,88,5,-0.8507843017578125,STDK_plus_QLSTM,-1.3616175651550293,-0.48336535692214966,0.34097790718078613
44,88,5,-0.8507843017578125,STDK_plus_QConvLSTM,-0.9443521499633789,0.08704721927642822,1.101746678352356
44,89,1,0.667191743850708,STDK,-0.1922127604484558,0.3860021233558655,0.9642186760902405
44,89,1,0.667191743850708,STDK_plus_QLSTM,-0.32829880714416504,0.41067206859588623,1.263751745223999
44,89,1,0.667191743850708,STDK_plus_QConvLSTM,-0.05863004922866821,0.7300359606742859,1.7875454425811768
44,89,2,0.5702598690986633,STDK,-0.24961227178573608,0.3198021650314331,0.9030951857566833
44,89,2,0.5702598690986633,STDK_plus_QLSTM,-0.40896254777908325,0.3439369201660156,1.2039213180541992
44,89,2,0.5702598690986633,STDK_plus_QConvLSTM,-0.0359225869178772,0.7399592995643616,1.7169153690338135
44,89,3,0.2069265991449356,STDK,-0.3445724546909332,0.219853013753891,0.8126949071884155
44,89,3,0.2069265991449356,STDK_plus_QLSTM,-0.48920637369155884,0.2888064384460449,1.1564685106277466
44,89,3,0.2069265991449356,STDK_plus_QConvLSTM,-0.07326769828796387,0.6583413481712341,1.6623213291168213
44,89,4,-0.03550440073013306,STDK,-0.43635094165802,0.1265840381383896,0.7296539545059204
44,89,4,-0.03550440073013306,STDK_plus_QLSTM,-0.556299090385437,0.24537599086761475,1.1152184009552002
44,89,4,-0.03550440073013306,STDK_plus_QConvLSTM,-0.17157310247421265,0.5142829418182373,1.5035878419876099
44,89,5,0.9491087198257446,STDK,-0.4449063539505005,0.12056632339954376,0.734046459197998
44,89,5,0.9491087198257446,STDK_plus_QLSTM,-0.606902539730072,0.21308273077011108,1.0809663534164429
44,89,5,0.9491087198257446,STDK_plus_QConvLSTM,-0.3577955365180969,0.32366669178009033,1.325444221496582
44,90,1,0.7918997406959534,STDK,-0.665257453918457,-0.05963766574859619,0.6199296116828918
44,90,1,0.7918997406959534,STDK_plus_QLSTM,-0.8008846044540405,-0.03428250178694725,0.963992714881897
44,90,1,0.7918997406959534,STDK_plus_QConvLSTM,-0.8005225658416748,-0.005401162430644035,0.878899335861206
44,90,2,-0.19914816319942474,STDK,-0.6646628975868225,-0.06687668710947037,0.6164465546607971
44,90,2,-0.19914816319942474,STDK_plus_QLSTM,-0.788945734500885,-0.015067454427480698,0.966335117816925
44,90,2,-0.19914816319942474,STDK_plus_QConvLSTM,-0.8358129858970642,-0.0753568485379219,0.8865389823913574
44,90,3,0.2553545832633972,STDK,-0.6832829713821411,-0.08890673518180847,0.6027698516845703
44,90,3,0.2553545832633972,STDK_plus_QLSTM,-0.7722927331924438,0.002873901277780533,0.9706367254257202
44,90,3,0.2553545832633972,STDK_plus_QConvLSTM,-0.8256504535675049,-0.13284042477607727,0.9635269641876221
44,90,4,-0.08982940018177032,STDK,-0.7114152312278748,-0.11559510231018066,0.5884861350059509
44,90,4,-0.08982940018177032,STDK_plus_QLSTM,-0.7555497288703918,0.020359043031930923,0.9751863479614258
44,90,4,-0.08982940018177032,STDK_plus_QConvLSTM,-0.8576380014419556,-0.08574207127094269,1.0421396493911743
44,90,5,-0.3138422966003418,STDK,-0.7536824941635132,-0.1526442915201187,0.5655133724212646
44,90,5,-0.3138422966003418,STDK_plus_QLSTM,-0.7370485067367554,0.038741711527109146,0.9827130436897278
44,90,5,-0.3138422966003418,STDK_plus_QConvLSTM,-0.9034959077835083,-0.04794340953230858,1.065000057220459
44,91,1,0.6767436861991882,STDK,-0.1653904914855957,0.42084330320358276,1.0040507316589355
44,91,1,0.6767436861991882,STDK_plus_QLSTM,-0.3820808529853821,0.5404336452484131,1.3701319694519043
44,91,1,0.6767436861991882,STDK_plus_QConvLSTM,-0.3970717489719391,0.40209248661994934,1.549604058265686
44,91,2,0.2041008472442627,STDK,-0.20017296075820923,0.37927085161209106,0.9652581214904785
44,91,2,0.2041008472442627,STDK_plus_QLSTM,-0.35093480348587036,0.5687080025672913,1.3982875347137451
44,91,2,0.2041008472442627,STDK_plus_QConvLSTM,-0.289670467376709,0.5179677605628967,1.6563732624053955
44,91,3,0.49093061685562134,STDK,-0.23887735605239868,0.3372024893760681,0.9274595379829407
44,91,3,0.49093061685562134,STDK_plus_QLSTM,-0.324751079082489,0.588655412197113,1.413865566253662
44,91,3,0.49093061685562134,STDK_plus_QConvLSTM,-0.2042871117591858,0.5904994606971741,1.7058179378509521
44,91,4,0.6557546257972717,STDK,-0.2743430733680725,0.30201852321624756,0.8978751301765442
44,91,4,0.6557546257972717,STDK_plus_QLSTM,-0.29109078645706177,0.617965817451477,1.4387407302856445
44,91,4,0.6557546257972717,STDK_plus_QConvLSTM,-0.32472777366638184,0.5352479219436646,1.6265097856521606
44,91,5,0.6968357563018799,STDK,-0.28912246227264404,0.2913494110107422,0.8937360644340515
44,91,5,0.6968357563018799,STDK_plus_QLSTM,-0.24926066398620605,0.6583507657051086,1.4726612567901611
44,91,5,0.6968357563018799,STDK_plus_QConvLSTM,-0.3221725821495056,0.5927867889404297,1.7457114458084106
44,92,1,1.1772347688674927,STDK,0.3499714732170105,0.9312987327575684,1.4458078145980835
44,92,1,1.1772347688674927,STDK_plus_QLSTM,0.17298388481140137,1.0527154207229614,1.8729363679885864
44,92,1,1.1772347688674927,STDK_plus_QConvLSTM,0.21218949556350708,0.9641124606132507,1.7815022468566895
44,92,2,0.11524683982133865,STDK,0.26166868209838867,0.8371968865394592,1.354959487915039
44,92,2,0.11524683982133865,STDK_plus_QLSTM,0.20326858758926392,1.101251482963562,1.9089596271514893
44,92,2,0.11524683982133865,STDK_plus_QConvLSTM,0.33677810430526733,1.0727224349975586,1.8311591148376465
44,92,3,1.5637426376342773,STDK,0.1804988980293274,0.7531360983848572,1.2752225399017334
44,92,3,1.5637426376342773,STDK_plus_QLSTM,0.2286691665649414,1.135791540145874,1.9310269355773926
44,92,3,1.5637426376342773,STDK_plus_QConvLSTM,0.46009600162506104,1.2066714763641357,2.0175952911376953
44,92,4,0.7314655780792236,STDK,0.12187761068344116,0.6949949264526367,1.2221667766571045
44,92,4,0.7314655780792236,STDK_plus_QLSTM,0.25311923027038574,1.1615649461746216,1.947519302368164
44,92,4,0.7314655780792236,STDK_plus_QConvLSTM,0.5449657440185547,1.255454421043396,2.0639684200286865
44,92,5,0.9891196489334106,STDK,0.08136045932769775,0.6582415699958801,1.1908109188079834
44,92,5,0.9891196489334106,STDK_plus_QLSTM,0.27959078550338745,1.1815407276153564,1.9606058597564697
44,92,5,0.9891196489334106,STDK_plus_QConvLSTM,0.5719537734985352,1.3809442520141602,2.2548792362213135
44,93,1,0.3213907480239868,STDK,-0.6444676518440247,-0.13718312978744507,0.32430386543273926
44,93,1,0.3213907480239868,STDK_plus_QLSTM,-0.8301982879638672,-0.008866753429174423,0.8909364938735962
44,93,1,0.3213907480239868,STDK_plus_QConvLSTM,-1.105786681175232,-0.11698444187641144,0.4656844735145569
44,93,2,-0.519361138343811,STDK,-0.7508159279823303,-0.2498849481344223,0.21778960525989532
44,93,2,-0.519361138343811,STDK_plus_QLSTM,-0.8418424129486084,-0.015727367252111435,0.8980715870857239
44,93,2,-0.519361138343811,STDK_plus_QConvLSTM,-0.9613698124885559,0.037045951932668686,0.5189963579177856
44,93,3,-0.06012339890003204,STDK,-0.7887283563613892,-0.2906806468963623,0.1840662658214569
44,93,3,-0.06012339890003204,STDK_plus_QLSTM,-0.8468255996704102,-0.018906202167272568,0.9025102257728577
44,93,3,-0.06012339890003204,STDK_plus_QConvLSTM,-0.9881637096405029,-0.02920004539191723,0.5128728747367859
44,93,4,0.5665085911750793,STDK,-0.7935577630996704,-0.29431337118148804,0.18794658780097961
44,93,4,0.5665085911750793,STDK_plus_QLSTM,-0.849021852016449,-0.018987830728292465,0.9049875140190125
44,93,4,0.5665085911750793,STDK_plus_QConvLSTM,-1.069693922996521,-0.1257936805486679,0.46992361545562744
44,93,5,0.9728386402130127,STDK,-0.7676280736923218,-0.2639162242412567,0.2257513701915741
44,93,5,0.9728386402130127,STDK_plus_QLSTM,-0.8507396578788757,-0.014972593635320663,0.9071453213691711
44,93,5,0.9728386402130127,STDK_plus_QConvLSTM,-1.102334976196289,-0.17817071080207825,0.4918021857738495
44,94,1,-1.4052332639694214,STDK,-2.4542226791381836,-1.9169987440109253,-1.4403080940246582
44,94,1,-1.4052332639694214,STDK_plus_QLSTM,-2.722628593444824,-1.8937572240829468,-1.0706828832626343
44,94,1,-1.4052332639694214,STDK_plus_QConvLSTM,-1.6023132801055908,-0.8781983852386475,-0.036626458168029785
44,94,2,-1.4676971435546875,STDK,-2.4143552780151367,-1.8833048343658447,-1.3998262882232666
44,94,2,-1.4676971435546875,STDK_plus_QLSTM,-2.586845636367798,-1.764009952545166,-0.9744822978973389
44,94,2,-1.4676971435546875,STDK_plus_QConvLSTM,-1.6748416423797607,-0.9806568026542664,-0.13353580236434937
44,94,3,-0.7875193953514099,STDK,-2.4017691612243652,-1.8738219738006592,-1.3832192420959473
44,94,3,-0.7875193953514099,STDK_plus_QLSTM,-2.428318500518799,-1.601266622543335,-0.8369823694229126
44,94,3,-0.7875193953514099,STDK_plus_QConvLSTM,-1.6927074193954468,-1.041141390800476,-0.2258184552192688
44,94,4,-0.7833433747291565,STDK,-2.40390682220459,-1.875050663948059,-1.3773748874664307
44,94,4,-0.7833433747291565,STDK_plus_QLSTM,-2.299069404602051,-1.4601539373397827,-0.7025871276855469
44,94,4,-0.7833433747291565,STDK_plus_QConvLSTM,-1.9168360233306885,-1.199822187423706,-0.3631642460823059
44,94,5,0.09273869544267654,STDK,-2.4097752571105957,-1.8760555982589722,-1.3717119693756104
44,94,5,0.09273869544267654,STDK_plus_QLSTM,-2.2198081016540527,-1.3694663047790527,-0.5968660116195679
44,94,5,0.09273869544267654,STDK_plus_QConvLSTM,-2.118091583251953,-1.454451322555542,-0.5722101926803589
44,95,1,-0.009786270558834076,STDK,-1.1434271335601807,-0.5776445865631104,-0.06302481889724731
44,95,1,-0.009786270558834076,STDK_plus_QLSTM,-1.428192138671875,-0.6124889850616455,0.2588765621185303
44,95,1,-0.009786270558834076,STDK_plus_QConvLSTM,-0.3804819583892822,0.6451452970504761,1.5002222061157227
44,95,2,-0.34045517444610596,STDK,-1.1301445960998535,-0.5718807578086853,-0.053035855293273926
44,95,2,-0.34045517444610596,STDK_plus_QLSTM,-1.5413818359375,-0.7093271017074585,0.15411436557769775
44,95,2,-0.34045517444610596,STDK_plus_QConvLSTM,-0.24830174446105957,0.7558376789093018,1.6335034370422363
44,95,3,0.08893760293722153,STDK,-1.1343204975128174,-0.579619288444519,-0.056337594985961914
44,95,3,0.08893760293722153,STDK_plus_QLSTM,-1.5866639614105225,-0.7558209896087646,0.0748782753944397
44,95,3,0.08893760293722153,STDK_plus_QConvLSTM,-0.26172304153442383,0.8170517683029175,1.6696326732635498
44,95,4,-0.4697633981704712,STDK,-1.1379649639129639,-0.5822821855545044,-0.056513965129852295
44,95,4,-0.4697633981704712,STDK_plus_QLSTM,-1.563443660736084,-0.7723894119262695,-0.030283033847808838
44,95,4,-0.4697633981704712,STDK_plus_QConvLSTM,-0.6595865488052368,0.7177402973175049,1.5152374505996704
44,95,5,0.017091698944568634,STDK,-1.120685338973999,-0.5597988367080688,-0.03262215852737427
44,95,5,0.017091698944568634,STDK_plus_QLSTM,-1.5280933380126953,-0.7807266712188721,-0.06281030178070068
44,95,5,0.017091698944568634,STDK_plus_QConvLSTM,-0.9559613466262817,0.6736863851547241,1.4091544151306152
44,96,1,0.21528972685337067,STDK,-0.8030195236206055,-0.22241416573524475,0.26288554072380066
44,96,1,0.21528972685337067,STDK_plus_QLSTM,-1.0241446495056152,-0.2476661503314972,0.6609940528869629
44,96,1,0.21528972685337067,STDK_plus_QConvLSTM,0.04725426435470581,0.8660560846328735,1.9501793384552002
44,96,2,0.558215856552124,STDK,-0.8782128691673279,-0.30325740575790405,0.1860232949256897
44,96,2,0.558215856552124,STDK_plus_QLSTM,-1.1421988010406494,-0.33977264165878296,0.584419846534729
44,96,2,0.558215856552124,STDK_plus_QConvLSTM,0.07277041673660278,0.8883689045906067,1.8685340881347656
44,96,3,1.0669406652450562,STDK,-0.9888905882835388,-0.4155738353729248,0.07596293091773987
44,96,3,1.0669406652450562,STDK_plus_QLSTM,-1.2181295156478882,-0.3932943642139435,0.5448207855224609
44,96,3,1.0669406652450562,STDK_plus_QConvLSTM,0.29111790657043457,0.9907480478286743,1.931442379951477
44,96,4,0.5008766055107117,STDK,-1.0834071636199951,-0.5075569748878479,-0.014555215835571289
44,96,4,0.5008766055107117,STDK_plus_QLSTM,-1.2515844106674194,-0.4158268868923187,0.5339313745498657
44,96,4,0.5008766055107117,STDK_plus_QConvLSTM,0.1326848268508911,0.8483242988586426,1.900864839553833
44,96,5,1.1364716291427612,STDK,-1.122931718826294,-0.5403938889503479,-0.046999961137771606
44,96,5,1.1364716291427612,STDK_plus_QLSTM,-1.244052767753601,-0.4240717887878418,0.5268638730049133
44,96,5,1.1364716291427612,STDK_plus_QConvLSTM,-0.17111319303512573,0.7751035094261169,1.682829737663269
44,97,1,-0.2064562737941742,STDK,-1.3123209476470947,-0.6725095510482788,-0.21849414706230164
44,97,1,-0.2064562737941742,STDK_plus_QLSTM,-1.4062273502349854,-0.6033929586410522,0.26838427782058716
44,97,1,-0.2064562737941742,STDK_plus_QConvLSTM,-1.1496844291687012,-0.20804814994335175,0.6042121052742004
44,97,2,0.09700983762741089,STDK,-1.4309961795806885,-0.7978215217590332,-0.34027817845344543
44,97,2,0.09700983762741089,STDK_plus_QLSTM,-1.502302885055542,-0.7077673077583313,0.1842353343963623
44,97,2,0.09700983762741089,STDK_plus_QConvLSTM,-1.1864650249481201,-0.2509947717189789,0.5007820129394531
44,97,3,0.09741359949111938,STDK,-1.560969591140747,-0.9297402501106262,-0.4685788154602051
44,97,3,0.09741359949111938,STDK_plus_QLSTM,-1.6013060808181763,-0.8133466839790344,0.08378607034683228
44,97,3,0.09741359949111938,STDK_plus_QConvLSTM,-1.2135372161865234,-0.2742312550544739,0.4147014021873474
44,97,4,-0.11478140950202942,STDK,-1.6650334596633911,-1.0311654806137085,-0.5669469833374023
44,97,4,-0.11478140950202942,STDK_plus_QLSTM,-1.6979604959487915,-0.9129388928413391,-0.015810847282409668
44,97,4,-0.11478140950202942,STDK_plus_QConvLSTM,-1.2006254196166992,-0.3146281838417053,0.3662579655647278
44,97,5,-0.23468729853630066,STDK,-1.6946117877960205,-1.0538772344589233,-0.5870879888534546
44,97,5,-0.23468729853630066,STDK_plus_QLSTM,-1.7924911975860596,-1.0093239545822144,-0.11376351118087769
44,97,5,-0.23468729853630066,STDK_plus_QConvLSTM,-1.301689624786377,-0.36389029026031494,0.38296449184417725
44,98,1,-0.8278642892837524,STDK,-1.6521960496902466,-1.070719838142395,-0.5593228936195374
44,98,1,-0.8278642892837524,STDK_plus_QLSTM,-1.8068294525146484,-1.0040760040283203,-0.27686578035354614
44,98,1,-0.8278642892837524,STDK_plus_QConvLSTM,-1.079709529876709,-0.48878026008605957,0.5577055215835571
44,98,2,-0.2648751735687256,STDK,-1.6989648342132568,-1.1256126165390015,-0.6098452806472778
44,98,2,-0.2648751735687256,STDK_plus_QLSTM,-1.807262659072876,-1.0036113262176514,-0.2676693797111511
44,98,2,-0.2648751735687256,STDK_plus_QConvLSTM,-1.0482306480407715,-0.43477946519851685,0.5977616906166077
44,98,3,-0.048809394240379333,STDK,-1.794968605041504,-1.2256313562393188,-0.7041811347007751
44,98,3,-0.048809394240379333,STDK_plus_QLSTM,-1.7922489643096924,-0.9918366074562073,-0.24995821714401245
44,98,3,-0.048809394240379333,STDK_plus_QConvLSTM,-0.9100347757339478,-0.2971705198287964,0.6704500317573547
44,98,4,-0.6186463832855225,STDK,-1.8855258226394653,-1.3157893419265747,-0.7875155210494995
44,98,4,-0.6186463832855225,STDK_plus_QLSTM,-1.766069769859314,-0.9697125554084778,-0.22489547729492188
44,98,4,-0.6186463832855225,STDK_plus_QConvLSTM,-1.1994855403900146,-0.46079665422439575,0.4807136058807373
44,98,5,-0.49482032656669617,STDK,-1.937904715538025,-1.3635553121566772,-0.8278499245643616
44,98,5,-0.49482032656669617,STDK_plus_QLSTM,-1.736291527748108,-0.9415762424468994,-0.20004487037658691
44,98,5,-0.49482032656669617,STDK_plus_QConvLSTM,-1.2389922142028809,-0.4935872256755829,0.45812007784843445
44,99,1,0.8776637315750122,STDK,0.05830496549606323,0.6228967905044556,1.2195301055908203
44,99,1,0.8776637315750122,STDK_plus_QLSTM,-0.16289430856704712,0.5411361455917358,1.300467610359192
44,99,1,0.8776637315750122,STDK_plus_QConvLSTM,0.17538928985595703,0.788001537322998,1.7812061309814453
44,99,2,1.51007080078125,STDK,-0.031210124492645264,0.5228958129882812,1.123746395111084
44,99,2,1.51007080078125,STDK_plus_QLSTM,-0.3530404567718506,0.37419605255126953,1.138120174407959
44,99,2,1.51007080078125,STDK_plus_QConvLSTM,-0.0725022554397583,0.5267741084098816,1.535264492034912
44,99,3,0.7108045816421509,STDK,-0.11652934551239014,0.43106764554977417,1.0380468368530273
44,99,3,0.7108045816421509,STDK_plus_QLSTM,-0.5007776021957397,0.2536783218383789,1.0297274589538574
44,99,3,0.7108045816421509,STDK_plus_QConvLSTM,-0.22090104222297668,0.41077306866645813,1.4119164943695068
44,99,4,0.30321159958839417,STDK,-0.19712796807289124,0.3481006324291229,0.9621740579605103
44,99,4,0.30321159958839417,STDK_plus_QLSTM,-0.6103137135505676,0.16461814939975739,0.956031322479248
44,99,4,0.30321159958839417,STDK_plus_QConvLSTM,-0.3993186056613922,0.3234877288341522,1.3393839597702026
44,99,5,0.8340237140655518,STDK,-0.2459551990032196,0.3011488616466522,0.922803521156311
44,99,5,0.8340237140655518,STDK_plus_QLSTM,-0.6971895098686218,0.09070499241352081,0.8957398533821106
44,99,5,0.8340237140655518,STDK_plus_QConvLSTM,-0.3834505081176758,0.23614870011806488,1.2089545726776123
