seed,target_index,lead,truth,model,q05,q50,q95
41,0,1,-0.6697542667388916,STDK,-0.6705288887023926,-0.1638588309288025,0.5815929770469666
41,0,1,-0.6697542667388916,STDK_plus_QLSTM,-0.9624834656715393,-0.11653599888086319,0.7041625380516052
41,0,1,-0.6697542667388916,STDK_plus_QConvLSTM,-0.5529325604438782,0.14897744357585907,1.1078487634658813
41,0,2,-0.4212431311607361,STDK,-0.6851401329040527,-0.1825965940952301,0.5663083791732788
41,0,2,-0.4212431311607361,STDK_plus_QLSTM,-1.018284797668457,-0.15632137656211853,0.6648277044296265
41,0,2,-0.4212431311607361,STDK_plus_QConvLSTM,-0.5720438361167908,0.2649514675140381,1.1676528453826904
41,0,3,-0.4399983882904053,STDK,-0.6925230026245117,-0.19117304682731628,0.5608023405075073
41,0,3,-0.4399983882904053,STDK_plus_QLSTM,-1.0414265394210815,-0.18082532286643982,0.64339280128479
41,0,3,-0.4399983882904053,STDK_plus_QConvLSTM,-0.5183634757995605,0.31935805082321167,1.159867525100708
41,0,4,-0.7533544301986694,STDK,-0.7473899126052856,-0.24427083134651184,0.5103126764297485
41,0,4,-0.7533544301986694,STDK_plus_QLSTM,-1.0332763195037842,-0.1850319802761078,0.6414231061935425
41,0,4,-0.7533544301986694,STDK_plus_QConvLSTM,-0.4243003726005554,0.41481268405914307,1.209272861480713
41,0,5,-0.5526423454284668,STDK,-0.7845844030380249,-0.276143878698349,0.48080918192863464
41,0,5,-0.5526423454284668,STDK_plus_QLSTM,-1.0137170553207397,-0.17640098929405212,0.6515686511993408
41,0,5,-0.5526423454284668,STDK_plus_QConvLSTM,-0.475991427898407,0.3087916374206543,1.1803255081176758
41,1,1,-0.7838003039360046,STDK,-1.5017848014831543,-0.9978329539299011,-0.2542645335197449
41,1,1,-0.7838003039360046,STDK_plus_QLSTM,-1.6019443273544312,-0.8108173608779907,0.15592551231384277
41,1,1,-0.7838003039360046,STDK_plus_QConvLSTM,-1.7328623533248901,-1.100034475326538,-0.20381641387939453
41,1,2,-0.9655381441116333,STDK,-1.5643887519836426,-1.0635192394256592,-0.31693363189697266
41,1,2,-0.9655381441116333,STDK_plus_QLSTM,-1.628498911857605,-0.8281978368759155,0.18606460094451904
41,1,2,-0.9655381441116333,STDK_plus_QConvLSTM,-1.6401028633117676,-1.040518879890442,-0.13906395435333252
41,1,3,-0.633173406124115,STDK,-1.6431846618652344,-1.1425461769104004,-0.39317142963409424
41,1,3,-0.633173406124115,STDK_plus_QLSTM,-1.672756552696228,-0.868773341178894,0.18038547039031982
41,1,3,-0.633173406124115,STDK_plus_QConvLSTM,-1.4932045936584473,-0.883384644985199,-0.0022698044776916504
41,1,4,-0.7860773801803589,STDK,-1.720757007598877,-1.216517448425293,-0.46461576223373413
41,1,4,-0.7860773801803589,STDK_plus_QLSTM,-1.6524226665496826,-0.8480423092842102,0.22682589292526245
41,1,4,-0.7860773801803589,STDK_plus_QConvLSTM,-1.452012300491333,-0.7687660455703735,0.02100294828414917
41,1,5,-0.7598663568496704,STDK,-1.795707106590271,-1.2841925621032715,-0.5300164818763733
41,1,5,-0.7598663568496704,STDK_plus_QLSTM,-1.6527202129364014,-0.8518929481506348,0.24742746353149414
41,1,5,-0.7598663568496704,STDK_plus_QConvLSTM,-1.4830513000488281,-0.8289674520492554,0.04189169406890869
41,2,1,-0.6339322924613953,STDK,-0.9100400805473328,-0.3551110625267029,0.36962300539016724
41,2,1,-0.6339322924613953,STDK_plus_QLSTM,-1.2363250255584717,-0.45011603832244873,0.44639652967453003
41,2,1,-0.6339322924613953,STDK_plus_QConvLSTM,-1.198026418685913,-0.32157960534095764,0.368346244096756
41,2,2,-0.5530821681022644,STDK,-0.8351590037345886,-0.28363490104675293,0.4436817765235901
41,2,2,-0.5530821681022644,STDK_plus_QLSTM,-1.2541751861572266,-0.4657641053199768,0.44230031967163086
41,2,2,-0.5530821681022644,STDK_plus_QConvLSTM,-1.3429927825927734,-0.5083104968070984,0.19500839710235596
41,2,3,-0.15030840039253235,STDK,-0.8346883058547974,-0.2830231785774231,0.44677960872650146
41,2,3,-0.15030840039253235,STDK_plus_QLSTM,-1.2842141389846802,-0.49082767963409424,0.425568163394928
41,2,3,-0.15030840039253235,STDK_plus_QConvLSTM,-1.3767333030700684,-0.5661771893501282,0.21304500102996826
41,2,4,-0.40319740772247314,STDK,-0.8424195051193237,-0.28664714097976685,0.44535958766937256
41,2,4,-0.40319740772247314,STDK_plus_QLSTM,-1.3272228240966797,-0.5251906514167786,0.3983532786369324
41,2,4,-0.40319740772247314,STDK_plus_QConvLSTM,-1.447326421737671,-0.6040869355201721,0.17761462926864624
41,2,5,-0.46498432755470276,STDK,-0.8577929139137268,-0.29396337270736694,0.44006866216659546
41,2,5,-0.46498432755470276,STDK_plus_QLSTM,-1.3792541027069092,-0.5717673301696777,0.35634905099868774
41,2,5,-0.46498432755470276,STDK_plus_QConvLSTM,-1.498412013053894,-0.63707035779953,0.17690974473953247
41,3,1,0.23013873398303986,STDK,-0.6532182693481445,-0.08415340632200241,0.5938419699668884
41,3,1,0.23013873398303986,STDK_plus_QLSTM,-0.9232778549194336,-0.08577720075845718,0.8294732570648193
41,3,1,0.23013873398303986,STDK_plus_QConvLSTM,-0.41193175315856934,0.4415191411972046,1.3630964756011963
41,3,2,0.21062083542346954,STDK,-0.7257163524627686,-0.1585979163646698,0.5223919153213501
41,3,2,0.21062083542346954,STDK_plus_QLSTM,-0.9590618014335632,-0.12011817842721939,0.7882323265075684
41,3,2,0.21062083542346954,STDK_plus_QConvLSTM,-0.2966080605983734,0.3809853494167328,1.3197535276412964
41,3,3,1.0631916522979736,STDK,-0.8690910339355469,-0.30138111114501953,0.38248926401138306
41,3,3,1.0631916522979736,STDK_plus_QLSTM,-0.993230938911438,-0.1581205427646637,0.7469700574874878
41,3,3,1.0631916522979736,STDK_plus_QConvLSTM,-0.18539953231811523,0.523821234703064,1.383641004562378
41,3,4,0.23617559671401978,STDK,-0.9784114360809326,-0.40727731585502625,0.27928265929222107
41,3,4,0.23617559671401978,STDK_plus_QLSTM,-1.0279444456100464,-0.19888904690742493,0.7065525054931641
41,3,4,0.23617559671401978,STDK_plus_QConvLSTM,-0.4070338010787964,0.42203062772750854,1.274512767791748
41,3,5,0.8970106840133667,STDK,-1.0651040077209473,-0.4869827330112457,0.20188811421394348
41,3,5,0.8970106840133667,STDK_plus_QLSTM,-1.065140962600708,-0.2422814667224884,0.6658066511154175
41,3,5,0.8970106840133667,STDK_plus_QConvLSTM,-0.5117579102516174,0.27163976430892944,1.1234984397888184
41,4,1,0.2253907322883606,STDK,-0.2784985899925232,0.2533465027809143,0.9782699942588806
41,4,1,0.2253907322883606,STDK_plus_QLSTM,-0.4220263361930847,0.33785539865493774,1.210493564605713
41,4,1,0.2253907322883606,STDK_plus_QConvLSTM,-0.6200025677680969,0.17566972970962524,0.8771790862083435
41,4,2,0.3261488676071167,STDK,-0.30544814467430115,0.22311660647392273,0.9508099555969238
41,4,2,0.3261488676071167,STDK_plus_QLSTM,-0.4202410876750946,0.34782692790031433,1.215861439704895
41,4,2,0.3261488676071167,STDK_plus_QConvLSTM,-0.6755613088607788,0.20286959409713745,0.9125134348869324
41,4,3,0.2398546040058136,STDK,-0.3367966115474701,0.1908879578113556,0.9218364953994751
41,4,3,0.2398546040058136,STDK_plus_QLSTM,-0.4181917905807495,0.35294002294540405,1.2165918350219727
41,4,3,0.2398546040058136,STDK_plus_QConvLSTM,-0.6101243495941162,0.2403915375471115,0.9427556395530701
41,4,4,0.03422759473323822,STDK,-0.3650189936161041,0.16540411114692688,0.8992791175842285
41,4,4,0.03422759473323822,STDK_plus_QLSTM,-0.4173559248447418,0.35383960604667664,1.2086718082427979
41,4,4,0.03422759473323822,STDK_plus_QConvLSTM,-0.5495929718017578,0.2710457742214203,0.9950789213180542
41,4,5,0.3639217019081116,STDK,-0.37619876861572266,0.16058892011642456,0.8957816958427429
41,4,5,0.3639217019081116,STDK_plus_QLSTM,-0.4157135784626007,0.35247495770454407,1.1981151103973389
41,4,5,0.3639217019081116,STDK_plus_QConvLSTM,-0.4869546890258789,0.31851905584335327,1.0214669704437256
41,5,1,-0.7688862681388855,STDK,-1.2108675241470337,-0.6495803594589233,0.0715247392654419
41,5,1,-0.7688862681388855,STDK_plus_QLSTM,-1.4410260915756226,-0.6119913458824158,0.28472816944122314
41,5,1,-0.7688862681388855,STDK_plus_QConvLSTM,-1.3005142211914062,-0.6136030554771423,0.1888500452041626
41,5,2,-0.8929081559181213,STDK,-1.2856173515319824,-0.7283865809440613,-0.005240201950073242
41,5,2,-0.8929081559181213,STDK_plus_QLSTM,-1.4600328207015991,-0.6324794292449951,0.26891428232192993
41,5,2,-0.8929081559181213,STDK_plus_QConvLSTM,-1.183119773864746,-0.5426083207130432,0.23513031005859375
41,5,3,-0.6190394163131714,STDK,-1.3396258354187012,-0.7830963730812073,-0.05819523334503174
41,5,3,-0.6190394163131714,STDK_plus_QLSTM,-1.4747812747955322,-0.6518617868423462,0.25082069635391235
41,5,3,-0.6190394163131714,STDK_plus_QConvLSTM,-1.2630269527435303,-0.6142711043357849,0.19096076488494873
41,5,4,-0.5452433824539185,STDK,-1.3597899675369263,-0.800284206867218,-0.07410544157028198
41,5,4,-0.5452433824539185,STDK_plus_QLSTM,-1.487994909286499,-0.671306312084198,0.2317827343940735
41,5,4,-0.5452433824539185,STDK_plus_QConvLSTM,-1.1494438648223877,-0.5550847053527832,0.2394581437110901
41,5,5,0.17907769978046417,STDK,-1.3497750759124756,-0.7837027311325073,-0.0573195219039917
41,5,5,0.17907769978046417,STDK_plus_QLSTM,-1.5023200511932373,-0.6915376782417297,0.21224284172058105
41,5,5,0.17907769978046417,STDK_plus_QConvLSTM,-1.238464593887329,-0.5375580787658691,0.2416631579399109
41,6,1,-0.02514827251434326,STDK,-0.04933452606201172,0.5582161545753479,1.2864878177642822
41,6,1,-0.02514827251434326,STDK_plus_QLSTM,-0.10250592231750488,0.7104608416557312,1.5029494762420654
41,6,1,-0.02514827251434326,STDK_plus_QConvLSTM,0.07225573062896729,0.8820812106132507,1.8384065628051758
41,6,2,0.6735158562660217,STDK,-0.12316209077835083,0.48120802640914917,1.2115931510925293
41,6,2,0.6735158562660217,STDK_plus_QLSTM,-0.10082155466079712,0.7137766480445862,1.502627968788147
41,6,2,0.6735158562660217,STDK_plus_QConvLSTM,-0.09003674983978271,0.7275670170783997,1.8781440258026123
41,6,3,0.2509346008300781,STDK,-0.153032124042511,0.451870858669281,1.1843116283416748
41,6,3,0.2509346008300781,STDK_plus_QLSTM,-0.09895968437194824,0.7147575616836548,1.5024418830871582
41,6,3,0.2509346008300781,STDK_plus_QConvLSTM,0.06408226490020752,0.7757689952850342,1.8092453479766846
41,6,4,-0.19113540649414062,STDK,-0.15826040506362915,0.45145338773727417,1.1853142976760864
41,6,4,-0.19113540649414062,STDK_plus_QLSTM,-0.10209202766418457,0.7101138830184937,1.497441053390503
41,6,4,-0.19113540649414062,STDK_plus_QConvLSTM,0.16943562030792236,0.9097040891647339,1.9054391384124756
41,6,5,0.9091757535934448,STDK,-0.14483094215393066,0.4736317992210388,1.2082083225250244
41,6,5,0.9091757535934448,STDK_plus_QLSTM,-0.10649651288986206,0.704097330570221,1.4925349950790405
41,6,5,0.9091757535934448,STDK_plus_QConvLSTM,0.06176924705505371,0.8606793880462646,1.9254658222198486
41,7,1,0.1731487363576889,STDK,-1.180589199066162,-0.5383340120315552,0.20712071657180786
41,7,1,0.1731487363576889,STDK_plus_QLSTM,-1.349971055984497,-0.5008389949798584,0.27892059087753296
41,7,1,0.1731487363576889,STDK_plus_QConvLSTM,-0.9548302888870239,-0.26116493344306946,0.6152849197387695
41,7,2,-0.00894215703010559,STDK,-1.2681281566619873,-0.6277456283569336,0.12066233158111572
41,7,2,-0.00894215703010559,STDK_plus_QLSTM,-1.3343719244003296,-0.4793042838573456,0.30168768763542175
41,7,2,-0.00894215703010559,STDK_plus_QConvLSTM,-0.9101163744926453,-0.2202206254005432,0.5630905628204346
41,7,3,0.09722959995269775,STDK,-1.3542487621307373,-0.7122978568077087,0.038605451583862305
41,7,3,0.09722959995269775,STDK_plus_QLSTM,-1.2979685068130493,-0.4396418631076813,0.3441506326198578
41,7,3,0.09722959995269775,STDK_plus_QConvLSTM,-1.0150883197784424,-0.21531368792057037,0.5579299330711365
41,7,4,-0.34593039751052856,STDK,-1.454566240310669,-0.8071884512901306,-0.05403554439544678
41,7,4,-0.34593039751052856,STDK_plus_QLSTM,-1.2501521110534668,-0.3914838135242462,0.3958441913127899
41,7,4,-0.34593039751052856,STDK_plus_QConvLSTM,-1.014435052871704,-0.18503890931606293,0.6007976531982422
41,7,5,-0.2524462938308716,STDK,-1.5126426219940186,-0.856115460395813,-0.10118323564529419
41,7,5,-0.2524462938308716,STDK_plus_QLSTM,-1.1971282958984375,-0.34082505106925964,0.44759389758110046
41,7,5,-0.2524462938308716,STDK_plus_QConvLSTM,-0.8697373270988464,-0.09242960065603256,0.7027753591537476
41,8,1,-1.5317602157592773,STDK,-2.1533427238464355,-1.510040283203125,-0.7685272693634033
41,8,1,-1.5317602157592773,STDK_plus_QLSTM,-2.2964322566986084,-1.438909888267517,-0.6570188999176025
41,8,1,-1.5317602157592773,STDK_plus_QConvLSTM,-2.074673652648926,-1.245120882987976,-0.37866830825805664
41,8,2,-1.9629191160202026,STDK,-2.2635498046875,-1.6221246719360352,-0.8781585693359375
41,8,2,-1.9629191160202026,STDK_plus_QLSTM,-2.280763626098633,-1.4191442728042603,-0.6362377405166626
41,8,2,-1.9629191160202026,STDK_plus_QConvLSTM,-2.1521997451782227,-1.2484302520751953,-0.3465089797973633
41,8,3,-1.8912633657455444,STDK,-2.351921558380127,-1.7088415622711182,-0.962792158126831
41,8,3,-1.8912633657455444,STDK_plus_QLSTM,-2.2402217388153076,-1.3755972385406494,-0.5882024168968201
41,8,3,-1.8912633657455444,STDK_plus_QConvLSTM,-2.220294713973999,-1.2479631900787354,-0.3330276608467102
41,8,4,-1.95904541015625,STDK,-2.429658889770508,-1.7809522151947021,-1.0330183506011963
41,8,4,-1.95904541015625,STDK_plus_QLSTM,-2.181507110595703,-1.3146682977676392,-0.5217023491859436
41,8,4,-1.95904541015625,STDK_plus_QConvLSTM,-2.2893028259277344,-1.277204990386963,-0.4026932120323181
41,8,5,-1.7234493494033813,STDK,-2.5078742504119873,-1.849900245666504,-1.1004130840301514
41,8,5,-1.7234493494033813,STDK_plus_QLSTM,-2.1130523681640625,-1.2434186935424805,-0.4481050372123718
41,8,5,-1.7234493494033813,STDK_plus_QConvLSTM,-2.3282532691955566,-1.3110493421554565,-0.4554026126861572
41,9,1,-0.879096269607544,STDK,-1.792788028717041,-1.2028121948242188,-0.4548027515411377
41,9,1,-0.879096269607544,STDK_plus_QLSTM,-1.933485507965088,-1.1680046319961548,-0.298526406288147
41,9,1,-0.879096269607544,STDK_plus_QConvLSTM,-1.274713397026062,-0.4942731261253357,0.31525230407714844
41,9,2,-1.2273341417312622,STDK,-1.8559434413909912,-1.269132137298584,-0.5177844166755676
41,9,2,-1.2273341417312622,STDK_plus_QLSTM,-1.9851696491241455,-1.228253960609436,-0.3622233271598816
41,9,2,-1.2273341417312622,STDK_plus_QConvLSTM,-1.2992361783981323,-0.5153118968009949,0.20888566970825195
41,9,3,-1.0588264465332031,STDK,-1.948926568031311,-1.3626723289489746,-0.608791172504425
41,9,3,-1.0588264465332031,STDK_plus_QLSTM,-2.0356953144073486,-1.2756824493408203,-0.4209754467010498
41,9,3,-1.0588264465332031,STDK_plus_QConvLSTM,-1.1529133319854736,-0.4439699649810791,0.24826884269714355
41,9,4,-1.1872084140777588,STDK,-2.0448479652404785,-1.4555225372314453,-0.6995546817779541
41,9,4,-1.1872084140777588,STDK_plus_QLSTM,-2.0849244594573975,-1.3154650926589966,-0.4733234643936157
41,9,4,-1.1872084140777588,STDK_plus_QConvLSTM,-1.3347225189208984,-0.6133922934532166,0.1099352240562439
41,9,5,-0.7869553565979004,STDK,-2.1460161209106445,-1.548485279083252,-0.7908787727355957
41,9,5,-0.7869553565979004,STDK_plus_QLSTM,-2.1293997764587402,-1.3493750095367432,-0.5130459070205688
41,9,5,-0.7869553565979004,STDK_plus_QConvLSTM,-1.4241104125976562,-0.6341145038604736,0.17649143934249878
41,10,1,-1.9662842750549316,STDK,-1.6104347705841064,-1.0927257537841797,-0.3556547164916992
41,10,1,-1.9662842750549316,STDK_plus_QLSTM,-1.8277251720428467,-1.0476006269454956,-0.19686216115951538
41,10,1,-1.9662842750549316,STDK_plus_QConvLSTM,-1.285839557647705,-0.41453927755355835,0.4336145520210266
41,10,2,-1.7661120891571045,STDK,-1.641362190246582,-1.1279997825622559,-0.38747215270996094
41,10,2,-1.7661120891571045,STDK_plus_QLSTM,-1.906367301940918,-1.1036064624786377,-0.25402480363845825
41,10,2,-1.7661120891571045,STDK_plus_QConvLSTM,-1.2474238872528076,-0.3855479955673218,0.43394148349761963
41,10,3,-1.3823493719100952,STDK,-1.695680856704712,-1.1838905811309814,-0.44022154808044434
41,10,3,-1.3823493719100952,STDK_plus_QLSTM,-1.9758014678955078,-1.1651551723480225,-0.316473126411438
41,10,3,-1.3823493719100952,STDK_plus_QConvLSTM,-1.2912156581878662,-0.4260394275188446,0.3726600110530853
41,10,4,-0.9659784436225891,STDK,-1.7690095901489258,-1.2553150653839111,-0.5088956356048584
41,10,4,-0.9659784436225891,STDK_plus_QLSTM,-2.027860403060913,-1.2241899967193604,-0.3743356466293335
41,10,4,-0.9659784436225891,STDK_plus_QConvLSTM,-1.490843653678894,-0.6299089789390564,0.24356180429458618
41,10,5,-0.9855853319168091,STDK,-1.846355676651001,-1.3259272575378418,-0.5773941874504089
41,10,5,-0.9855853319168091,STDK_plus_QLSTM,-2.0793750286102295,-1.288555383682251,-0.4374048113822937
41,10,5,-0.9855853319168091,STDK_plus_QConvLSTM,-1.5973496437072754,-0.6663840413093567,0.037819862365722656
41,11,1,0.5093067288398743,STDK,-0.5902456641197205,-0.0989798903465271,0.6433442831039429
41,11,1,0.5093067288398743,STDK_plus_QLSTM,-0.8059073090553284,-0.07905012369155884,0.810981810092926
41,11,1,0.5093067288398743,STDK_plus_QConvLSTM,-0.6203067898750305,0.24090313911437988,1.0290499925613403
41,11,2,1.1339848041534424,STDK,-0.6449415683746338,-0.15782135725021362,0.587364137172699
41,11,2,1.1339848041534424,STDK_plus_QLSTM,-0.8295275568962097,-0.10538166761398315,0.7899366021156311
41,11,2,1.1339848041534424,STDK_plus_QConvLSTM,-0.5948215126991272,0.3440280556678772,1.083789348602295
41,11,3,1.2079066038131714,STDK,-0.6999254822731018,-0.2133694440126419,0.5349344611167908
41,11,3,1.2079066038131714,STDK_plus_QLSTM,-0.8446183204650879,-0.12831854820251465,0.7702732086181641
41,11,3,1.2079066038131714,STDK_plus_QConvLSTM,-0.4059380292892456,0.37097394466400146,1.1034960746765137
41,11,4,1.1851716041564941,STDK,-0.7386953830718994,-0.24875953793525696,0.5020338296890259
41,11,4,1.1851716041564941,STDK_plus_QLSTM,-0.8631390929222107,-0.14782917499542236,0.7508335709571838
41,11,4,1.1851716041564941,STDK_plus_QConvLSTM,-0.37876754999160767,0.4082244634628296,1.2315438985824585
41,11,5,0.6115306615829468,STDK,-0.7972363233566284,-0.30036142468452454,0.4524761736392975
41,11,5,0.6115306615829468,STDK_plus_QLSTM,-0.8891243934631348,-0.16376811265945435,0.7363111972808838
41,11,5,0.6115306615829468,STDK_plus_QConvLSTM,-0.4193999767303467,0.3813737630844116,1.21199369430542
41,12,1,0.4475647211074829,STDK,-0.4065118432044983,0.15518367290496826,0.8716100454330444
41,12,1,0.4475647211074829,STDK_plus_QLSTM,-0.5522192716598511,0.2621077597141266,1.1482305526733398
41,12,1,0.4475647211074829,STDK_plus_QConvLSTM,-0.7375193238258362,0.19739903509616852,1.3682514429092407
41,12,2,0.370999813079834,STDK,-0.48183026909828186,0.0768575444817543,0.796053409576416
41,12,2,0.370999813079834,STDK_plus_QLSTM,-0.5591890811920166,0.2672009766101837,1.153131365776062
41,12,2,0.370999813079834,STDK_plus_QConvLSTM,-0.6828620433807373,0.15125881135463715,1.314287543296814
41,12,3,0.551715612411499,STDK,-0.5752812623977661,-0.016237974166870117,0.7054403424263
41,12,3,0.551715612411499,STDK_plus_QLSTM,-0.5538448095321655,0.27483275532722473,1.161166787147522
41,12,3,0.551715612411499,STDK_plus_QConvLSTM,-0.7590727210044861,0.07911761850118637,1.2572919130325317
41,12,4,0.5125595927238464,STDK,-0.6135079264640808,-0.05020517110824585,0.6738336682319641
41,12,4,0.5125595927238464,STDK_plus_QLSTM,-0.5429136753082275,0.2844565212726593,1.1693652868270874
41,12,4,0.5125595927238464,STDK_plus_QConvLSTM,-0.8604210019111633,0.11976587027311325,1.2804796695709229
41,12,5,0.2704806923866272,STDK,-0.6396201848983765,-0.06819745898246765,0.6578935384750366
41,12,5,0.2704806923866272,STDK_plus_QLSTM,-0.5282443761825562,0.2952161133289337,1.1778196096420288
41,12,5,0.2704806923866272,STDK_plus_QConvLSTM,-0.8179422616958618,0.08920583128929138,1.2643015384674072
41,13,1,0.4268757104873657,STDK,-0.5301723480224609,0.07308007776737213,0.7499226331710815
41,13,1,0.4268757104873657,STDK_plus_QLSTM,-0.8090953230857849,0.005123600363731384,0.8473936319351196
41,13,1,0.4268757104873657,STDK_plus_QConvLSTM,-0.7599372267723083,-0.0527694970369339,0.7596542835235596
41,13,2,0.31335681676864624,STDK,-0.5220234990119934,0.07836436480283737,0.7584502100944519
41,13,2,0.31335681676864624,STDK_plus_QLSTM,-0.818089485168457,0.0005937665700912476,0.867301344871521
41,13,2,0.31335681676864624,STDK_plus_QConvLSTM,-0.879401683807373,-0.16798612475395203,0.6412527561187744
41,13,3,0.3680785894393921,STDK,-0.5294190645217896,0.07169530540704727,0.7546044588088989
41,13,3,0.3680785894393921,STDK_plus_QLSTM,-0.8453417420387268,-0.02153898775577545,0.874630868434906
41,13,3,0.3680785894393921,STDK_plus_QConvLSTM,-0.8444443345069885,-0.09980083256959915,0.6675741672515869
41,13,4,0.044160597026348114,STDK,-0.5473853945732117,0.05866699665784836,0.7438488006591797
41,13,4,0.044160597026348114,STDK_plus_QLSTM,-0.8767535090446472,-0.053048089146614075,0.8480944037437439
41,13,4,0.044160597026348114,STDK_plus_QConvLSTM,-0.6868055462837219,-0.010045008733868599,0.718220055103302
41,13,5,0.005186699330806732,STDK,-0.5952971577644348,0.01977016031742096,0.7062378525733948
41,13,5,0.005186699330806732,STDK_plus_QLSTM,-0.913712203502655,-0.09108836948871613,0.810239851474762
41,13,5,0.005186699330806732,STDK_plus_QConvLSTM,-0.6379842162132263,0.12612496316432953,0.8583635091781616
41,14,1,-1.0902222394943237,STDK,-1.5378113985061646,-0.9593815207481384,-0.30217480659484863
41,14,1,-1.0902222394943237,STDK_plus_QLSTM,-1.7980201244354248,-0.8543506860733032,0.08083629608154297
41,14,1,-1.0902222394943237,STDK_plus_QConvLSTM,-2.000500202178955,-0.8616199493408203,0.31554341316223145
41,14,2,-1.203801155090332,STDK,-1.648726463317871,-1.0732731819152832,-0.4124094843864441
41,14,2,-1.203801155090332,STDK_plus_QLSTM,-1.8363569974899292,-0.870857298374176,0.0768161416053772
41,14,2,-1.203801155090332,STDK_plus_QConvLSTM,-1.821955919265747,-0.7565524578094482,0.4101860523223877
41,14,3,-0.4751453995704651,STDK,-1.7798796892166138,-1.2044572830200195,-0.5402818322181702
41,14,3,-0.4751453995704651,STDK_plus_QLSTM,-1.8654077053070068,-0.9031239748001099,0.04693949222564697
41,14,3,-0.4751453995704651,STDK_plus_QConvLSTM,-1.7988481521606445,-0.7263059020042419,0.43202775716781616
41,14,4,-0.5605664253234863,STDK,-1.8846577405929565,-1.306009292602539,-0.639026403427124
41,14,4,-0.5605664253234863,STDK_plus_QLSTM,-1.8727858066558838,-0.9221749901771545,0.02857673168182373
41,14,4,-0.5605664253234863,STDK_plus_QConvLSTM,-1.757922887802124,-0.6698641180992126,0.4968152642250061
41,14,5,-0.34483930468559265,STDK,-1.965792179107666,-1.3807713985443115,-0.7115302085876465
41,14,5,-0.34483930468559265,STDK_plus_QLSTM,-1.883790373802185,-0.9459063410758972,0.008203268051147461
41,14,5,-0.34483930468559265,STDK_plus_QConvLSTM,-1.8391517400741577,-0.7060176134109497,0.46537578105926514
41,15,1,0.37692970037460327,STDK,-0.35214024782180786,0.2631598114967346,0.9518007636070251
41,15,1,0.37692970037460327,STDK_plus_QLSTM,-0.44647830724716187,0.416006863117218,1.214431881904602
41,15,1,0.37692970037460327,STDK_plus_QConvLSTM,-0.7308038473129272,0.2414098083972931,1.2838741540908813
41,15,2,0.8658748269081116,STDK,-0.46546733379364014,0.14827531576156616,0.8410066366195679
41,15,2,0.8658748269081116,STDK_plus_QLSTM,-0.3986145555973053,0.4806990921497345,1.2647688388824463
41,15,2,0.8658748269081116,STDK_plus_QConvLSTM,-0.5740973949432373,0.37245795130729675,1.3715229034423828
41,15,3,0.9942925572395325,STDK,-0.5488176941871643,0.06565172970294952,0.7618728280067444
41,15,3,0.9942925572395325,STDK_plus_QLSTM,-0.3446822166442871,0.5446141362190247,1.318138599395752
41,15,3,0.9942925572395325,STDK_plus_QConvLSTM,-0.5655530691146851,0.39374205470085144,1.426196813583374
41,15,4,0.45602360367774963,STDK,-0.6167596578598022,0.0024090707302093506,0.700546145439148
41,15,4,0.45602360367774963,STDK_plus_QLSTM,-0.2801685929298401,0.6104907989501953,1.3740804195404053
41,15,4,0.45602360367774963,STDK_plus_QConvLSTM,-0.5296680927276611,0.3965110182762146,1.367567777633667
41,15,5,0.7434216737747192,STDK,-0.6715177893638611,-0.04379521682858467,0.6552295088768005
41,15,5,0.7434216737747192,STDK_plus_QLSTM,-0.20518463850021362,0.6788545846939087,1.4337797164916992
41,15,5,0.7434216737747192,STDK_plus_QConvLSTM,-0.5084798336029053,0.41333821415901184,1.5178195238113403
41,16,1,0.4581567049026489,STDK,-0.5117608904838562,0.0965544730424881,0.8011439442634583
41,16,1,0.4581567049026489,STDK_plus_QLSTM,-0.5693386197090149,0.20182622969150543,1.071120023727417
41,16,1,0.4581567049026489,STDK_plus_QConvLSTM,-0.6206532120704651,0.10523372143507004,0.9380331039428711
41,16,2,0.8772748708724976,STDK,-0.681892991065979,-0.07511134445667267,0.6329066157341003
41,16,2,0.8772748708724976,STDK_plus_QLSTM,-0.5721275806427002,0.19585509598255157,1.065260648727417
41,16,2,0.8772748708724976,STDK_plus_QConvLSTM,-0.3146796226501465,0.40731281042099,1.2390012741088867
41,16,3,0.09221360087394714,STDK,-0.7884283065795898,-0.18052735924720764,0.530358076095581
41,16,3,0.09221360087394714,STDK_plus_QLSTM,-0.5858510732650757,0.18067212402820587,1.0417909622192383
41,16,3,0.09221360087394714,STDK_plus_QConvLSTM,-0.028884291648864746,0.6891587376594543,1.5918506383895874
41,16,4,-0.09569640457630157,STDK,-0.8739140033721924,-0.26115891337394714,0.45104238390922546
41,16,4,-0.09569640457630157,STDK_plus_QLSTM,-0.604775607585907,0.16032065451145172,1.0162343978881836
41,16,4,-0.09569640457630157,STDK_plus_QConvLSTM,0.2537378668785095,0.8895125985145569,1.6589248180389404
41,16,5,-0.3612203001976013,STDK,-0.992714524269104,-0.37142670154571533,0.3414475917816162
41,16,5,-0.3612203001976013,STDK_plus_QLSTM,-0.6248663067817688,0.13807274401187897,0.9927796125411987
41,16,5,-0.3612203001976013,STDK_plus_QConvLSTM,0.1784573793411255,0.8156996369361877,1.6390256881713867
41,17,1,0.6458536982536316,STDK,-0.6306425333023071,-0.02462020516395569,0.7311722040176392
41,17,1,0.6458536982536316,STDK_plus_QLSTM,-0.8715319037437439,-0.008967533707618713,0.8725781440734863
41,17,1,0.6458536982536316,STDK_plus_QConvLSTM,-0.7666175961494446,0.12471413612365723,1.0504523515701294
41,17,2,0.4658878445625305,STDK,-0.6412563323974609,-0.03715958818793297,0.720729649066925
41,17,2,0.4658878445625305,STDK_plus_QLSTM,-0.8319597244262695,0.03283993899822235,0.9146048426628113
41,17,2,0.4658878445625305,STDK_plus_QConvLSTM,-0.737725555896759,0.1522483229637146,1.0144360065460205
41,17,3,0.03824460133910179,STDK,-0.7390302419662476,-0.13364054262638092,0.6260966062545776
41,17,3,0.03824460133910179,STDK_plus_QLSTM,-0.79397052526474,0.07195578515529633,0.9524248242378235
41,17,3,0.03824460133910179,STDK_plus_QConvLSTM,-0.5175256729125977,0.28262877464294434,1.1658803224563599
41,17,4,-0.1723293960094452,STDK,-0.8312116265296936,-0.22091569006443024,0.5400630831718445
41,17,4,-0.1723293960094452,STDK_plus_QLSTM,-0.7634781002998352,0.10427515208721161,0.9790916442871094
41,17,4,-0.1723293960094452,STDK_plus_QConvLSTM,-0.5786554217338562,0.3926154375076294,1.1728272438049316
41,17,5,0.030932694673538208,STDK,-0.9377187490463257,-0.31909123063087463,0.442428857088089
41,17,5,0.030932694673538208,STDK_plus_QLSTM,-0.7360453009605408,0.1325332373380661,0.9992191195487976
41,17,5,0.030932694673538208,STDK_plus_QConvLSTM,-0.4394795298576355,0.3861955404281616,1.2188606262207031
41,18,1,-0.3482202887535095,STDK,-0.8156906366348267,-0.1740361750125885,0.5773545503616333
41,18,1,-0.3482202887535095,STDK_plus_QLSTM,-0.9819979667663574,-0.12404835969209671,0.7383220791816711
41,18,1,-0.3482202887535095,STDK_plus_QConvLSTM,-0.678733229637146,0.25252893567085266,1.3046637773513794
41,18,2,0.21363283693790436,STDK,-0.815883457660675,-0.1762993186712265,0.5765788555145264
41,18,2,0.21363283693790436,STDK_plus_QLSTM,-1.004414439201355,-0.146536186337471,0.705341100692749
41,18,2,0.21363283693790436,STDK_plus_QConvLSTM,-0.5543044209480286,0.354455828666687,1.4313470125198364
41,18,3,0.2615526020526886,STDK,-0.7620492577552795,-0.12126171588897705,0.632876455783844
41,18,3,0.2615526020526886,STDK_plus_QLSTM,-1.0008987188339233,-0.1575392633676529,0.6894294619560242
41,18,3,0.2615526020526886,STDK_plus_QConvLSTM,-0.4865475594997406,0.3477291166782379,1.4471116065979004
41,18,4,-0.14390040934085846,STDK,-0.7277191281318665,-0.0820934921503067,0.6731526851654053
41,18,4,-0.14390040934085846,STDK_plus_QLSTM,-0.9878374338150024,-0.1606011539697647,0.6838607788085938
41,18,4,-0.14390040934085846,STDK_plus_QConvLSTM,-0.42823660373687744,0.48987334966659546,1.4940249919891357
41,18,5,0.49481669068336487,STDK,-0.7264460325241089,-0.07215796411037445,0.6839800477027893
41,18,5,0.49481669068336487,STDK_plus_QLSTM,-0.9792050123214722,-0.1591380387544632,0.6842729449272156
41,18,5,0.49481669068336487,STDK_plus_QConvLSTM,-0.39670366048812866,0.5125374794006348,1.5552023649215698
41,19,1,-0.4195302724838257,STDK,-1.3366858959197998,-0.7168325781822205,0.02083766460418701
41,19,1,-0.4195302724838257,STDK_plus_QLSTM,-1.4602558612823486,-0.6788075566291809,0.1921195387840271
41,19,1,-0.4195302724838257,STDK_plus_QConvLSTM,-1.1732958555221558,-0.19330042600631714,0.7575891017913818
41,19,2,-0.7141981720924377,STDK,-1.3860660791397095,-0.7686752676963806,-0.02921241521835327
41,19,2,-0.7141981720924377,STDK_plus_QLSTM,-1.5137531757354736,-0.7347119450569153,0.13093161582946777
41,19,2,-0.7141981720924377,STDK_plus_QConvLSTM,-1.233722448348999,-0.36396968364715576,0.6387040615081787
41,19,3,-0.6438934206962585,STDK,-1.37386953830719,-0.755609929561615,-0.014859497547149658
41,19,3,-0.6438934206962585,STDK_plus_QLSTM,-1.5646100044250488,-0.7864673137664795,0.07280856370925903
41,19,3,-0.6438934206962585,STDK_plus_QConvLSTM,-1.2718473672866821,-0.30634164810180664,0.5451480150222778
41,19,4,-0.7763224244117737,STDK,-1.3417649269104004,-0.718693196773529,0.02314525842666626
41,19,4,-0.7763224244117737,STDK_plus_QLSTM,-1.610273003578186,-0.8317822813987732,0.0188102126121521
41,19,4,-0.7763224244117737,STDK_plus_QConvLSTM,-1.3812837600708008,-0.4906693696975708,0.48430973291397095
41,19,5,-0.4491312801837921,STDK,-1.2984797954559326,-0.6666333675384521,0.07612919807434082
41,19,5,-0.4491312801837921,STDK_plus_QLSTM,-1.6485207080841064,-0.8709708452224731,-0.02549266815185547
41,19,5,-0.4491312801837921,STDK_plus_QConvLSTM,-1.3671612739562988,-0.49789899587631226,0.5491940379142761
41,20,1,0.5568687319755554,STDK,-0.4633098840713501,0.041972652077674866,0.7619878649711609
41,20,1,0.5568687319755554,STDK_plus_QLSTM,-0.6984569430351257,0.02407381683588028,0.9863853454589844
41,20,1,0.5568687319755554,STDK_plus_QConvLSTM,-0.331557035446167,0.5089308619499207,1.2883007526397705
41,20,2,0.26640182733535767,STDK,-0.47942817211151123,0.021353356540203094,0.7448977828025818
41,20,2,0.26640182733535767,STDK_plus_QLSTM,-0.78863924741745,-0.06513112038373947,0.8919181823730469
41,20,2,0.26640182733535767,STDK_plus_QConvLSTM,-0.35974934697151184,0.4626913368701935,1.1906999349594116
41,20,3,0.6440696120262146,STDK,-0.5096256732940674,-0.010266326367855072,0.716164767742157
41,20,3,0.6440696120262146,STDK_plus_QLSTM,-0.8725717067718506,-0.1509079933166504,0.8026862144470215
41,20,3,0.6440696120262146,STDK_plus_QConvLSTM,-0.360176146030426,0.3849560022354126,1.064032793045044
41,20,4,0.4341796040534973,STDK,-0.5234463810920715,-0.02207212895154953,0.7067164778709412
41,20,4,0.4341796040534973,STDK_plus_QLSTM,-0.95369553565979,-0.23366579413414001,0.7192671298980713
41,20,4,0.4341796040534973,STDK_plus_QConvLSTM,-0.5113235116004944,0.2859225869178772,0.9873335361480713
41,20,5,0.019214697182178497,STDK,-0.5562232136726379,-0.0488194078207016,0.6818913221359253
41,20,5,0.019214697182178497,STDK_plus_QLSTM,-1.0319833755493164,-0.31323039531707764,0.6375024914741516
41,20,5,0.019214697182178497,STDK_plus_QConvLSTM,-0.6369938850402832,0.21744129061698914,0.8623949289321899
41,21,1,-0.5623652935028076,STDK,-0.9185105562210083,-0.4387727975845337,0.29734325408935547
41,21,1,-0.5623652935028076,STDK_plus_QLSTM,-1.1619374752044678,-0.41261768341064453,0.42573362588882446
41,21,1,-0.5623652935028076,STDK_plus_QConvLSTM,-1.1641552448272705,-0.21327020227909088,0.695199191570282
41,21,2,-0.01810915768146515,STDK,-0.9567546844482422,-0.4810914397239685,0.25717538595199585
41,21,2,-0.01810915768146515,STDK_plus_QLSTM,-1.1649996042251587,-0.41297149658203125,0.421927809715271
41,21,2,-0.01810915768146515,STDK_plus_QConvLSTM,-1.0851491689682007,-0.2592841684818268,0.5805803537368774
41,21,3,-0.076870396733284,STDK,-0.944962739944458,-0.47050735354423523,0.2702104151248932
41,21,3,-0.076870396733284,STDK_plus_QLSTM,-1.1708346605300903,-0.41334253549575806,0.4191095232963562
41,21,3,-0.076870396733284,STDK_plus_QConvLSTM,-1.083876371383667,-0.25550180673599243,0.6237555146217346
41,21,4,-0.4726123809814453,STDK,-0.9273290634155273,-0.4507523775100708,0.2919865846633911
41,21,4,-0.4726123809814453,STDK_plus_QLSTM,-1.1810178756713867,-0.415103018283844,0.4187277555465698
41,21,4,-0.4726123809814453,STDK_plus_QConvLSTM,-1.1353423595428467,-0.3127954602241516,0.565523087978363
41,21,5,-0.8135873079299927,STDK,-0.9141691327095032,-0.4319596290588379,0.31254827976226807
41,21,5,-0.8135873079299927,STDK_plus_QLSTM,-1.1891855001449585,-0.4200938940048218,0.4191073775291443
41,21,5,-0.8135873079299927,STDK_plus_QConvLSTM,-1.1764494180679321,-0.3351890444755554,0.6072997450828552
41,22,1,-1.122042179107666,STDK,-1.3795950412750244,-0.871333658695221,-0.15077924728393555
41,22,1,-1.122042179107666,STDK_plus_QLSTM,-1.6931071281433105,-0.9207886457443237,-0.07878619432449341
41,22,1,-1.122042179107666,STDK_plus_QConvLSTM,-1.0564429759979248,-0.3973977267742157,0.41414085030555725
41,22,2,-0.8793201446533203,STDK,-1.359870195388794,-0.8556912541389465,-0.13287478685379028
41,22,2,-0.8793201446533203,STDK_plus_QLSTM,-1.727613091468811,-0.9488910436630249,-0.11055713891983032
41,22,2,-0.8793201446533203,STDK_plus_QConvLSTM,-1.190626621246338,-0.4632543921470642,0.31376057863235474
41,22,3,-0.2572264075279236,STDK,-1.3493707180023193,-0.8465901017189026,-0.12144255638122559
41,22,3,-0.2572264075279236,STDK_plus_QLSTM,-1.7623062133789062,-0.9786924123764038,-0.14434325695037842
41,22,3,-0.2572264075279236,STDK_plus_QConvLSTM,-1.1449463367462158,-0.5789364576339722,0.26694655418395996
41,22,4,-0.5168384313583374,STDK,-1.345226764678955,-0.8402272462844849,-0.11297255754470825
41,22,4,-0.5168384313583374,STDK_plus_QLSTM,-1.8036335706710815,-1.0113556385040283,-0.17592978477478027
41,22,4,-0.5168384313583374,STDK_plus_QConvLSTM,-1.2159541845321655,-0.5871759653091431,0.2978251576423645
41,22,5,-0.4059012830257416,STDK,-1.3434131145477295,-0.8324925899505615,-0.10325968265533447
41,22,5,-0.4059012830257416,STDK_plus_QLSTM,-1.845804214477539,-1.046318769454956,-0.20807290077209473
41,22,5,-0.4059012830257416,STDK_plus_QConvLSTM,-1.178928256034851,-0.5523634552955627,0.4278181791305542
41,23,1,-0.28438329696655273,STDK,-1.1035833358764648,-0.5323687791824341,0.09534770250320435
41,23,1,-0.28438329696655273,STDK_plus_QLSTM,-1.4892446994781494,-0.5732563734054565,0.23821568489074707
41,23,1,-0.28438329696655273,STDK_plus_QConvLSTM,-1.2999836206436157,-0.4203103482723236,0.4132033884525299
41,23,2,0.4461328387260437,STDK,-1.083484411239624,-0.5152080655097961,0.11540019512176514
41,23,2,0.4461328387260437,STDK_plus_QLSTM,-1.477379322052002,-0.5641866326332092,0.2532970905303955
41,23,2,0.4461328387260437,STDK_plus_QConvLSTM,-1.4034781455993652,-0.5162984132766724,0.3214951157569885
41,23,3,0.3229445815086365,STDK,-1.065998911857605,-0.49767640233039856,0.13544949889183044
41,23,3,0.3229445815086365,STDK_plus_QLSTM,-1.4598910808563232,-0.5502273440361023,0.27314484119415283
41,23,3,0.3229445815086365,STDK_plus_QConvLSTM,-1.4507100582122803,-0.5856993198394775,0.23350971937179565
41,23,4,0.34593459963798523,STDK,-1.0670071840286255,-0.49535104632377625,0.13975772261619568
41,23,4,0.34593459963798523,STDK_plus_QLSTM,-1.4436864852905273,-0.5364853143692017,0.2928880453109741
41,23,4,0.34593459963798523,STDK_plus_QConvLSTM,-1.4580416679382324,-0.5588054060935974,0.3395159840583801
41,23,5,0.2846056818962097,STDK,-1.065128207206726,-0.48695915937423706,0.149444580078125
41,23,5,0.2846056818962097,STDK_plus_QLSTM,-1.4291092157363892,-0.5234391689300537,0.3111228346824646
41,23,5,0.2846056818962097,STDK_plus_QConvLSTM,-1.5234434604644775,-0.5969575643539429,0.26368004083633423
41,24,1,-1.4106552600860596,STDK,-2.131993293762207,-1.511375904083252,-0.9109002947807312
41,24,1,-1.4106552600860596,STDK_plus_QLSTM,-2.33819842338562,-1.4791896343231201,-0.6256784796714783
41,24,1,-1.4106552600860596,STDK_plus_QConvLSTM,-2.296271324157715,-1.4780529737472534,-0.697643518447876
41,24,2,-1.4081060886383057,STDK,-2.2028462886810303,-1.5842416286468506,-0.9804779887199402
41,24,2,-1.4081060886383057,STDK_plus_QLSTM,-2.310014009475708,-1.4504071474075317,-0.5926216244697571
41,24,2,-1.4081060886383057,STDK_plus_QConvLSTM,-2.1004140377044678,-1.3192071914672852,-0.45601338148117065
41,24,3,-1.4680674076080322,STDK,-2.277515172958374,-1.6577379703521729,-1.0510156154632568
41,24,3,-1.4680674076080322,STDK_plus_QLSTM,-2.2961935997009277,-1.4362239837646484,-0.5844652652740479
41,24,3,-1.4680674076080322,STDK_plus_QConvLSTM,-1.7723393440246582,-0.967421293258667,-0.2651183009147644
41,24,4,-1.4708232879638672,STDK,-2.3443121910095215,-1.7200260162353516,-1.1108510494232178
41,24,4,-1.4708232879638672,STDK_plus_QLSTM,-2.290764570236206,-1.431717038154602,-0.5865820050239563
41,24,4,-1.4708232879638672,STDK_plus_QConvLSTM,-1.6133781671524048,-0.771478533744812,0.07755386829376221
41,24,5,-0.7148952484130859,STDK,-2.4282431602478027,-1.796074628829956,-1.185436725616455
41,24,5,-0.7148952484130859,STDK_plus_QLSTM,-2.290292263031006,-1.4326521158218384,-0.5943734645843506
41,24,5,-0.7148952484130859,STDK_plus_QConvLSTM,-1.4203274250030518,-0.5592315793037415,0.22211116552352905
41,25,1,-2.2517261505126953,STDK,-2.9758036136627197,-2.3499722480773926,-1.782895565032959
41,25,1,-2.2517261505126953,STDK_plus_QLSTM,-3.2651665210723877,-2.352494239807129,-1.5033539533615112
41,25,1,-2.2517261505126953,STDK_plus_QConvLSTM,-2.4562735557556152,-1.936989665031433,-0.9525660276412964
41,25,2,-1.6119121313095093,STDK,-3.0106115341186523,-2.385941982269287,-1.8136340379714966
41,25,2,-1.6119121313095093,STDK_plus_QLSTM,-3.265296220779419,-2.3515756130218506,-1.4868800640106201
41,25,2,-1.6119121313095093,STDK_plus_QConvLSTM,-2.423137664794922,-1.909846305847168,-0.8811240196228027
41,25,3,-1.8752413988113403,STDK,-3.0779569149017334,-2.4515106678009033,-1.875046968460083
41,25,3,-1.8752413988113403,STDK_plus_QLSTM,-3.2538986206054688,-2.341850996017456,-1.4709112644195557
41,25,3,-1.8752413988113403,STDK_plus_QConvLSTM,-2.360053062438965,-1.6664484739303589,-0.7596732974052429
41,25,4,-2.429882287979126,STDK,-3.132267475128174,-2.5008068084716797,-1.9222683906555176
41,25,4,-2.429882287979126,STDK_plus_QLSTM,-3.227837562561035,-2.3158719539642334,-1.4473435878753662
41,25,4,-2.429882287979126,STDK_plus_QConvLSTM,-2.265864133834839,-1.6743502616882324,-0.7195022106170654
41,25,5,-1.8726112842559814,STDK,-3.2076611518859863,-2.5681281089782715,-1.989306926727295
41,25,5,-1.8726112842559814,STDK_plus_QLSTM,-3.195988416671753,-2.283296585083008,-1.4234493970870972
41,25,5,-1.8726112842559814,STDK_plus_QConvLSTM,-2.307424783706665,-1.6604946851730347,-0.7254451513290405
41,26,1,1.3544437885284424,STDK,-0.6176450252532959,-0.05110414698719978,0.6650688648223877
41,26,1,1.3544437885284424,STDK_plus_QLSTM,-0.7131508588790894,0.1207214891910553,0.962425947189331
41,26,1,1.3544437885284424,STDK_plus_QConvLSTM,-1.3740262985229492,-0.38867107033729553,0.34000787138938904
41,26,2,1.1196318864822388,STDK,-0.7417487502098083,-0.17881430685520172,0.5406633019447327
41,26,2,1.1196318864822388,STDK_plus_QLSTM,-0.7105526328086853,0.12621891498565674,0.9693008661270142
41,26,2,1.1196318864822388,STDK_plus_QConvLSTM,-1.2077701091766357,-0.21370963752269745,0.4834686517715454
41,26,3,0.9189456105232239,STDK,-0.859357476234436,-0.2972997725009918,0.42512717843055725
41,26,3,0.9189456105232239,STDK_plus_QLSTM,-0.724702000617981,0.11419594287872314,0.9629918932914734
41,26,3,0.9189456105232239,STDK_plus_QConvLSTM,-0.9513521194458008,-0.09428736567497253,0.5549314022064209
41,26,4,0.5929166078567505,STDK,-0.941612958908081,-0.3766877353191376,0.3479224145412445
41,26,4,0.5929166078567505,STDK_plus_QLSTM,-0.7446809411048889,0.09118914604187012,0.9456483721733093
41,26,4,0.5929166078567505,STDK_plus_QConvLSTM,-0.7405003309249878,0.055991824716329575,0.8288449048995972
41,26,5,0.9380687475204468,STDK,-0.9975764155387878,-0.4261474609375,0.29914146661758423
41,26,5,0.9380687475204468,STDK_plus_QLSTM,-0.7695271968841553,0.06594058871269226,0.9191133975982666
41,26,5,0.9380687475204468,STDK_plus_QConvLSTM,-0.7717784643173218,0.016211936250329018,0.939350962638855
41,27,1,1.9304198026657104,STDK,0.34306442737579346,0.8910556435585022,1.6531472206115723
41,27,1,1.9304198026657104,STDK_plus_QLSTM,0.07475101947784424,0.9181345105171204,1.7166697978973389
41,27,1,1.9304198026657104,STDK_plus_QConvLSTM,-0.6373646259307861,0.16549523174762726,1.1414250135421753
41,27,2,1.2813758850097656,STDK,0.3441154956817627,0.8882365822792053,1.6511733531951904
41,27,2,1.2813758850097656,STDK_plus_QLSTM,0.10779744386672974,0.9452944397926331,1.74001145362854
41,27,2,1.2813758850097656,STDK_plus_QConvLSTM,-0.6090096831321716,0.14284652471542358,1.0743896961212158
41,27,3,1.5780545473098755,STDK,0.34786635637283325,0.8913883566856384,1.6546801328659058
41,27,3,1.5780545473098755,STDK_plus_QLSTM,0.11908650398254395,0.9522197246551514,1.746652603149414
41,27,3,1.5780545473098755,STDK_plus_QConvLSTM,-0.49611422419548035,0.28826281428337097,1.1338436603546143
41,27,4,0.7839096188545227,STDK,0.31643450260162354,0.8629273176193237,1.626455545425415
41,27,4,0.7839096188545227,STDK_plus_QLSTM,0.11707460880279541,0.947943389415741,1.7448053359985352
41,27,4,0.7839096188545227,STDK_plus_QConvLSTM,-0.595818281173706,0.2366228699684143,1.1581029891967773
41,27,5,1.0097336769104004,STDK,0.2636178731918335,0.8167664408683777,1.5804286003112793
41,27,5,1.0097336769104004,STDK_plus_QLSTM,0.10716289281845093,0.9391666650772095,1.7378685474395752
41,27,5,1.0097336769104004,STDK_plus_QConvLSTM,-0.589785099029541,0.28959307074546814,1.119380235671997
41,28,1,2.0422568321228027,STDK,1.5146262645721436,2.1183760166168213,2.8766732215881348
41,28,1,2.0422568321228027,STDK_plus_QLSTM,1.3565599918365479,2.1905016899108887,2.940361976623535
41,28,1,2.0422568321228027,STDK_plus_QConvLSTM,0.5713462829589844,1.4738099575042725,2.4561877250671387
41,28,2,1.9178928136825562,STDK,1.4194045066833496,2.0213277339935303,2.7813467979431152
41,28,2,1.9178928136825562,STDK_plus_QLSTM,1.3946171998977661,2.2262144088745117,2.974281072616577
41,28,2,1.9178928136825562,STDK_plus_QConvLSTM,0.7052083015441895,1.7452763319015503,2.600480556488037
41,28,3,1.6457725763320923,STDK,1.2952275276184082,1.8980896472930908,2.6595094203948975
41,28,3,1.6457725763320923,STDK_plus_QLSTM,1.4497826099395752,2.2769930362701416,3.0231831073760986
41,28,3,1.6457725763320923,STDK_plus_QConvLSTM,0.7667664885520935,1.6947427988052368,2.558061361312866
41,28,4,0.8761786222457886,STDK,1.2040348052978516,1.8116323947906494,2.573812961578369
41,28,4,0.8761786222457886,STDK_plus_QLSTM,1.5137748718261719,2.3376095294952393,3.081249952316284
41,28,4,0.8761786222457886,STDK_plus_QConvLSTM,0.8591533303260803,1.7502593994140625,2.5960421562194824
41,28,5,1.5176646709442139,STDK,1.1820662021636963,1.798017978668213,2.5606913566589355
41,28,5,1.5176646709442139,STDK_plus_QLSTM,1.5820791721343994,2.406179428100586,3.146017074584961
41,28,5,1.5176646709442139,STDK_plus_QConvLSTM,0.9667092561721802,1.748218059539795,2.7292325496673584
41,29,1,-1.2351702451705933,STDK,-2.307217597961426,-1.6831555366516113,-0.9499688744544983
41,29,1,-1.2351702451705933,STDK_plus_QLSTM,-2.706043004989624,-1.7375129461288452,-0.8598233461380005
41,29,1,-1.2351702451705933,STDK_plus_QConvLSTM,-1.9882657527923584,-1.1805745363235474,-0.2393254041671753
41,29,2,-2.0214133262634277,STDK,-2.3039519786834717,-1.6817469596862793,-0.9470771551132202
41,29,2,-2.0214133262634277,STDK_plus_QLSTM,-2.7115731239318848,-1.7353407144546509,-0.8464106321334839
41,29,2,-2.0214133262634277,STDK_plus_QConvLSTM,-2.1896305084228516,-1.4663145542144775,-0.47064584493637085
41,29,3,-1.3653804063796997,STDK,-2.316145420074463,-1.6928255558013916,-0.9567233324050903
41,29,3,-1.3653804063796997,STDK_plus_QLSTM,-2.708385705947876,-1.7330186367034912,-0.8403677940368652
41,29,3,-1.3653804063796997,STDK_plus_QConvLSTM,-2.048638343811035,-1.2629663944244385,-0.3586844205856323
41,29,4,-1.9574432373046875,STDK,-2.3203201293945312,-1.6923184394836426,-0.955191433429718
41,29,4,-1.9574432373046875,STDK_plus_QLSTM,-2.6920931339263916,-1.7216964960098267,-0.8323960304260254
41,29,4,-1.9574432373046875,STDK_plus_QConvLSTM,-1.9376312494277954,-1.2509621381759644,-0.274100124835968
41,29,5,-1.5067332983016968,STDK,-2.333458423614502,-1.6970672607421875,-0.9590556025505066
41,29,5,-1.5067332983016968,STDK_plus_QLSTM,-2.674330234527588,-1.7127559185028076,-0.8263627886772156
41,29,5,-1.5067332983016968,STDK_plus_QConvLSTM,-2.0567033290863037,-1.265014410018921,-0.18443799018859863
41,30,1,-1.1576921939849854,STDK,-1.6488170623779297,-1.1033966541290283,-0.41283106803894043
41,30,1,-1.1576921939849854,STDK_plus_QLSTM,-1.8173882961273193,-0.9994878172874451,-0.15780723094940186
41,30,1,-1.1576921939849854,STDK_plus_QConvLSTM,-2.497814655303955,-1.606026291847229,-0.609569787979126
41,30,2,-1.1339231729507446,STDK,-1.7231502532958984,-1.1809954643249512,-0.48643893003463745
41,30,2,-1.1339231729507446,STDK_plus_QLSTM,-1.808144450187683,-0.9834511876106262,-0.1306835412979126
41,30,2,-1.1339231729507446,STDK_plus_QConvLSTM,-2.2858376502990723,-1.4767054319381714,-0.4818706512451172
41,30,3,-1.3975473642349243,STDK,-1.782231092453003,-1.240309476852417,-0.5421572327613831
41,30,3,-1.3975473642349243,STDK_plus_QLSTM,-1.8239471912384033,-0.9958157539367676,-0.13125699758529663
41,30,3,-1.3975473642349243,STDK_plus_QConvLSTM,-2.091820240020752,-1.2412301301956177,-0.3401654362678528
41,30,4,-1.340017318725586,STDK,-1.8171401023864746,-1.2716078758239746,-0.5706190466880798
41,30,4,-1.340017318725586,STDK_plus_QLSTM,-1.839460849761963,-1.0109758377075195,-0.13796889781951904
41,30,4,-1.340017318725586,STDK_plus_QConvLSTM,-1.9114818572998047,-1.0460511445999146,-0.1660071611404419
41,30,5,-1.300856351852417,STDK,-1.8479982614517212,-1.2948579788208008,-0.5914281606674194
41,30,5,-1.300856351852417,STDK_plus_QLSTM,-1.8608899116516113,-1.034135341644287,-0.15282213687896729
41,30,5,-1.300856351852417,STDK_plus_QConvLSTM,-1.8055107593536377,-0.8531537055969238,-0.04404282569885254
41,31,1,1.5531117916107178,STDK,-0.24752169847488403,0.26563650369644165,1.000886082649231
41,31,1,1.5531117916107178,STDK_plus_QLSTM,-0.4373149871826172,0.3048892021179199,1.1789686679840088
41,31,1,1.5531117916107178,STDK_plus_QConvLSTM,-0.677259624004364,0.18875133991241455,1.0359944105148315
41,31,2,0.4968988299369812,STDK,-0.3200036585330963,0.18856599926948547,0.926027774810791
41,31,2,0.4968988299369812,STDK_plus_QLSTM,-0.4380894601345062,0.31074681878089905,1.1761983633041382
41,31,2,0.4968988299369812,STDK_plus_QConvLSTM,-0.833163321018219,0.034187719225883484,0.9509100914001465
41,31,3,0.3469095826148987,STDK,-0.41603463888168335,0.09095273911952972,0.8306354284286499
41,31,3,0.3469095826148987,STDK_plus_QLSTM,-0.45133838057518005,0.299228698015213,1.1618841886520386
41,31,3,0.3469095826148987,STDK_plus_QConvLSTM,-0.7486847639083862,0.0731557235121727,0.9658846259117126
41,31,4,0.5594565868377686,STDK,-0.44182586669921875,0.06739486008882523,0.8092435598373413
41,31,4,0.5594565868377686,STDK_plus_QLSTM,-0.4751240909099579,0.2744499742984772,1.136668086051941
41,31,4,0.5594565868377686,STDK_plus_QConvLSTM,-0.5250075459480286,0.16547173261642456,1.0598952770233154
41,31,5,0.16648370027542114,STDK,-0.45382118225097656,0.06142585724592209,0.8053113222122192
41,31,5,0.16648370027542114,STDK_plus_QLSTM,-0.5060296058654785,0.24011966586112976,1.1040674448013306
41,31,5,0.16648370027542114,STDK_plus_QConvLSTM,-0.46958059072494507,0.286807119846344,1.2025799751281738
41,32,1,-0.0013642720878124237,STDK,-0.8560195565223694,-0.33914005756378174,0.38906997442245483
41,32,1,-0.0013642720878124237,STDK_plus_QLSTM,-1.243842363357544,-0.42725878953933716,0.4334046244621277
41,32,1,-0.0013642720878124237,STDK_plus_QConvLSTM,-1.4960291385650635,-0.557030200958252,0.4789087772369385
41,32,2,0.4521218538284302,STDK,-0.7984965443611145,-0.2854806184768677,0.44543492794036865
41,32,2,0.4521218538284302,STDK_plus_QLSTM,-1.2164080142974854,-0.3974977135658264,0.46628791093826294
41,32,2,0.4521218538284302,STDK_plus_QConvLSTM,-1.401818037033081,-0.5446970462799072,0.5100148916244507
41,32,3,0.23407460749149323,STDK,-0.7996191382408142,-0.2876031994819641,0.44593602418899536
41,32,3,0.23407460749149323,STDK_plus_QLSTM,-1.1914526224136353,-0.3727034628391266,0.49006393551826477
41,32,3,0.23407460749149323,STDK_plus_QConvLSTM,-1.1980922222137451,-0.3583132326602936,0.6712486743927002
41,32,4,0.7012866139411926,STDK,-0.8020573854446411,-0.2878894805908203,0.4480750560760498
41,32,4,0.7012866139411926,STDK_plus_QLSTM,-1.1742464303970337,-0.3554084599018097,0.5043084621429443
41,32,4,0.7012866139411926,STDK_plus_QConvLSTM,-1.162492036819458,-0.3358583152294159,0.626534104347229
41,32,5,1.1851747035980225,STDK,-0.8037449717521667,-0.28379738330841064,0.45447778701782227
41,32,5,1.1851747035980225,STDK_plus_QLSTM,-1.1641533374786377,-0.3438364863395691,0.5118176937103271
41,32,5,1.1851747035980225,STDK_plus_QConvLSTM,-1.0939676761627197,-0.18411074578762054,0.7402163743972778
41,33,1,-0.13107527792453766,STDK,-0.7995150089263916,-0.2109840214252472,0.4071315824985504
41,33,1,-0.13107527792453766,STDK_plus_QLSTM,-1.0874714851379395,-0.22255408763885498,0.5816470980644226
41,33,1,-0.13107527792453766,STDK_plus_QConvLSTM,-1.627190351486206,-0.556041419506073,0.3211759924888611
41,33,2,-0.025883160531520844,STDK,-0.8427518606185913,-0.25723543763160706,0.36462274193763733
41,33,2,-0.025883160531520844,STDK_plus_QLSTM,-1.0713346004486084,-0.20436039566993713,0.598170280456543
41,33,2,-0.025883160531520844,STDK_plus_QConvLSTM,-1.5678038597106934,-0.5474746823310852,0.415665864944458
41,33,3,0.5052915811538696,STDK,-0.8654177784919739,-0.27984505891799927,0.34469109773635864
41,33,3,0.5052915811538696,STDK_plus_QLSTM,-1.0508562326431274,-0.18295034766197205,0.6172279119491577
41,33,3,0.5052915811538696,STDK_plus_QConvLSTM,-1.4685945510864258,-0.4512158930301666,0.49256888031959534
41,33,4,-0.22920340299606323,STDK,-0.9120413064956665,-0.3229379951953888,0.30403801798820496
41,33,4,-0.22920340299606323,STDK_plus_QLSTM,-1.033798098564148,-0.16512414813041687,0.6324868202209473
41,33,4,-0.22920340299606323,STDK_plus_QConvLSTM,-1.4497607946395874,-0.37909185886383057,0.5070656538009644
41,33,5,-0.6143852472305298,STDK,-0.9751266241073608,-0.3790333569049835,0.2497445046901703
41,33,5,-0.6143852472305298,STDK_plus_QLSTM,-1.0189452171325684,-0.14932683110237122,0.6443791389465332
41,33,5,-0.6143852472305298,STDK_plus_QConvLSTM,-1.417396068572998,-0.34586796164512634,0.5010668039321899
41,34,1,-0.9950652718544006,STDK,-2.025543212890625,-1.420624017715454,-0.8165225386619568
41,34,1,-0.9950652718544006,STDK_plus_QLSTM,-2.261122226715088,-1.4283833503723145,-0.593555748462677
41,34,1,-0.9950652718544006,STDK_plus_QConvLSTM,-1.4467852115631104,-0.6569063663482666,0.2020730972290039
41,34,2,-0.018255159258842468,STDK,-2.1147379875183105,-1.512793779373169,-0.9032955765724182
41,34,2,-0.018255159258842468,STDK_plus_QLSTM,-2.369906425476074,-1.5221389532089233,-0.6688686013221741
41,34,2,-0.018255159258842468,STDK_plus_QConvLSTM,-1.1605796813964844,-0.4801653027534485,0.42454153299331665
41,34,3,-0.027823403477668762,STDK,-2.2456960678100586,-1.6433651447296143,-1.0297116041183472
41,34,3,-0.027823403477668762,STDK_plus_QLSTM,-2.429908037185669,-1.5742716789245605,-0.7098070979118347
41,34,3,-0.027823403477668762,STDK_plus_QConvLSTM,-1.159797191619873,-0.36957329511642456,0.48909521102905273
41,34,4,0.09475159645080566,STDK,-2.391294002532959,-1.784189224243164,-1.1679496765136719
41,34,4,0.09475159645080566,STDK_plus_QLSTM,-2.4489526748657227,-1.593985676765442,-0.7411317825317383
41,34,4,0.09475159645080566,STDK_plus_QConvLSTM,-1.2407307624816895,-0.556668758392334,0.44937121868133545
41,34,5,-0.0022653043270111084,STDK,-2.5068359375,-1.890636682510376,-1.2735693454742432
41,34,5,-0.0022653043270111084,STDK_plus_QLSTM,-2.4417033195495605,-1.5871809720993042,-0.7419913411140442
41,34,5,-0.0022653043270111084,STDK_plus_QConvLSTM,-1.3878591060638428,-0.5755320191383362,0.35156571865081787
41,35,1,-1.1108752489089966,STDK,-2.232020854949951,-1.6410291194915771,-1.0175567865371704
41,35,1,-1.1108752489089966,STDK_plus_QLSTM,-2.419149875640869,-1.5401147603988647,-0.7273755669593811
41,35,1,-1.1108752489089966,STDK_plus_QConvLSTM,-1.8353683948516846,-1.177169680595398,-0.17154669761657715
41,35,2,-0.9500551223754883,STDK,-2.2933526039123535,-1.7056596279144287,-1.0765185356140137
41,35,2,-0.9500551223754883,STDK_plus_QLSTM,-2.377084493637085,-1.4879014492034912,-0.6737855672836304
41,35,2,-0.9500551223754883,STDK_plus_QConvLSTM,-1.8179972171783447,-0.991381824016571,-0.06576824188232422
41,35,3,-0.8779544234275818,STDK,-2.3640737533569336,-1.7760562896728516,-1.1431565284729004
41,35,3,-0.8779544234275818,STDK_plus_QLSTM,-2.2975127696990967,-1.409285068511963,-0.5971344709396362
41,35,3,-0.8779544234275818,STDK_plus_QConvLSTM,-1.5708894729614258,-0.8578593134880066,0.14987832307815552
41,35,4,-1.2064495086669922,STDK,-2.417435646057129,-1.8248672485351562,-1.1900163888931274
41,35,4,-1.2064495086669922,STDK_plus_QLSTM,-2.1944477558135986,-1.3102951049804688,-0.49957460165023804
41,35,4,-1.2064495086669922,STDK_plus_QConvLSTM,-1.5741891860961914,-0.7991159558296204,0.15891718864440918
41,35,5,-0.5396592617034912,STDK,-2.457796096801758,-1.8564493656158447,-1.221617341041565
41,35,5,-0.5396592617034912,STDK_plus_QLSTM,-2.078925609588623,-1.2012876272201538,-0.38809633255004883
41,35,5,-0.5396592617034912,STDK_plus_QConvLSTM,-1.3431591987609863,-0.5702937245368958,0.3662504553794861
41,36,1,0.46140074729919434,STDK,-0.1832691729068756,0.3130645751953125,1.068835973739624
41,36,1,0.46140074729919434,STDK_plus_QLSTM,-0.3403899669647217,0.38854849338531494,1.274141788482666
41,36,1,0.46140074729919434,STDK_plus_QConvLSTM,-0.1907423436641693,0.48132529854774475,1.2675213813781738
41,36,2,0.5749948620796204,STDK,-0.25985729694366455,0.23243942856788635,0.9907349348068237
41,36,2,0.5749948620796204,STDK_plus_QLSTM,-0.36784398555755615,0.3680698871612549,1.2477202415466309
41,36,2,0.5749948620796204,STDK_plus_QConvLSTM,-0.02639240026473999,0.5923298597335815,1.3908956050872803
41,36,3,0.7856705784797668,STDK,-0.32987886667251587,0.16158218681812286,0.9216778874397278
41,36,3,0.7856705784797668,STDK_plus_QLSTM,-0.39375603199005127,0.343558669090271,1.2181942462921143
41,36,3,0.7856705784797668,STDK_plus_QConvLSTM,0.06987935304641724,0.6025698184967041,1.4362961053848267
41,36,4,0.7930375933647156,STDK,-0.4200597405433655,0.07418336719274521,0.8355322480201721
41,36,4,0.7930375933647156,STDK_plus_QLSTM,-0.4171859622001648,0.3166009783744812,1.188042402267456
41,36,4,0.7930375933647156,STDK_plus_QConvLSTM,-0.04074108600616455,0.6483061909675598,1.4850332736968994
41,36,5,0.8057336807250977,STDK,-0.5365269780158997,-0.03601216524839401,0.7260999083518982
41,36,5,0.8057336807250977,STDK_plus_QLSTM,-0.43775689601898193,0.2887333631515503,1.1593040227890015
41,36,5,0.8057336807250977,STDK_plus_QConvLSTM,0.02154719829559326,0.706572413444519,1.5455676317214966
41,37,1,1.2472918033599854,STDK,0.30171793699264526,0.7868823409080505,1.5516395568847656
41,37,1,1.2472918033599854,STDK_plus_QLSTM,0.0702664852142334,0.8501390814781189,1.704264521598816
41,37,1,1.2472918033599854,STDK_plus_QConvLSTM,-0.47669458389282227,0.577925443649292,1.5309722423553467
41,37,2,1.2784258127212524,STDK,0.06264901161193848,0.5442439317703247,1.3092124462127686
41,37,2,1.2784258127212524,STDK_plus_QLSTM,0.07914817333221436,0.8651023507118225,1.715101718902588
41,37,2,1.2784258127212524,STDK_plus_QConvLSTM,-0.21921443939208984,0.8747996091842651,1.7813951969146729
41,37,3,1.2541565895080566,STDK,-0.09410744905471802,0.38699570298194885,1.1521886587142944
41,37,3,1.2541565895080566,STDK_plus_QLSTM,0.09583163261413574,0.8811751008033752,1.728879690170288
41,37,3,1.2541565895080566,STDK_plus_QConvLSTM,-0.10489398241043091,0.9572411179542542,1.8919227123260498
41,37,4,0.2919386029243469,STDK,-0.1618880331516266,0.32213813066482544,1.0875120162963867
41,37,4,0.2919386029243469,STDK_plus_QLSTM,0.11582398414611816,0.8979339599609375,1.7445287704467773
41,37,4,0.2919386029243469,STDK_plus_QConvLSTM,0.07928228378295898,1.124724268913269,2.0769591331481934
41,37,5,1.3225736618041992,STDK,-0.20605245232582092,0.2842160761356354,1.049751877784729
41,37,5,1.3225736618041992,STDK_plus_QLSTM,0.13796532154083252,0.9151812791824341,1.7614831924438477
41,37,5,1.3225736618041992,STDK_plus_QConvLSTM,0.17115235328674316,1.2487680912017822,2.2876720428466797
41,38,1,-0.5932852625846863,STDK,-1.5458300113677979,-0.9734627604484558,-0.2445250153541565
41,38,1,-0.5932852625846863,STDK_plus_QLSTM,-1.8487316370010376,-0.9709744453430176,-0.09238028526306152
41,38,1,-0.5932852625846863,STDK_plus_QConvLSTM,-1.0467817783355713,-0.3953053951263428,0.3200748562812805
41,38,2,-0.5438061356544495,STDK,-1.550351619720459,-0.9811481833457947,-0.250419020652771
41,38,2,-0.5438061356544495,STDK_plus_QLSTM,-1.9006046056747437,-1.00470769405365,-0.10646140575408936
41,38,2,-0.5438061356544495,STDK_plus_QConvLSTM,-1.0922354459762573,-0.42115655541419983,0.25847646594047546
41,38,3,-1.111964464187622,STDK,-1.618981122970581,-1.049302339553833,-0.3174550533294678
41,38,3,-1.111964464187622,STDK_plus_QLSTM,-1.9337862730026245,-1.0344560146331787,-0.13858163356781006
41,38,3,-1.111964464187622,STDK_plus_QConvLSTM,-0.9620929956436157,-0.3769477605819702,0.3199586868286133
41,38,4,-1.9250054359436035,STDK,-1.714091420173645,-1.1398494243621826,-0.4072760343551636
41,38,4,-1.9250054359436035,STDK_plus_QLSTM,-1.9548568725585938,-1.0601494312286377,-0.1690593957901001
41,38,4,-1.9250054359436035,STDK_plus_QConvLSTM,-1.1415648460388184,-0.6070730090141296,0.07272857427597046
41,38,5,-0.6886782646179199,STDK,-1.8076646327972412,-1.2248520851135254,-0.49228525161743164
41,38,5,-0.6886782646179199,STDK_plus_QLSTM,-1.9739800691604614,-1.0869265794754028,-0.20410728454589844
41,38,5,-0.6886782646179199,STDK_plus_QConvLSTM,-1.1247280836105347,-0.5238505005836487,0.18322473764419556
41,39,1,-1.1608582735061646,STDK,-1.9670977592468262,-1.3776757717132568,-0.6356042623519897
41,39,1,-1.1608582735061646,STDK_plus_QLSTM,-2.2705271244049072,-1.376205563545227,-0.38595497608184814
41,39,1,-1.1608582735061646,STDK_plus_QConvLSTM,-1.8907991647720337,-1.0088943243026733,-0.3970654010772705
41,39,2,-0.9793471097946167,STDK,-1.96143639087677,-1.3749728202819824,-0.6313713788986206
41,39,2,-0.9793471097946167,STDK_plus_QLSTM,-2.309758186340332,-1.4159815311431885,-0.4110603332519531
41,39,2,-0.9793471097946167,STDK_plus_QConvLSTM,-1.7038938999176025,-0.9440851807594299,-0.2019563913345337
41,39,3,-1.5525743961334229,STDK,-1.9583146572113037,-1.3712775707244873,-0.6268566250801086
41,39,3,-1.5525743961334229,STDK_plus_QLSTM,-2.34190034866333,-1.4485656023025513,-0.4422229528427124
41,39,3,-1.5525743961334229,STDK_plus_QConvLSTM,-1.6642096042633057,-0.9546455144882202,-0.06240957975387573
41,39,4,-2.0695152282714844,STDK,-1.9447730779647827,-1.35294508934021,-0.6082906126976013
41,39,4,-2.0695152282714844,STDK_plus_QLSTM,-2.3720743656158447,-1.479325771331787,-0.4769902229309082
41,39,4,-2.0695152282714844,STDK_plus_QConvLSTM,-1.626415729522705,-0.8087862133979797,0.1533113718032837
41,39,5,-1.270309329032898,STDK,-1.9287493228912354,-1.3280866146087646,-0.5841256976127625
41,39,5,-1.270309329032898,STDK_plus_QLSTM,-2.4000422954559326,-1.5079433917999268,-0.50675368309021
41,39,5,-1.270309329032898,STDK_plus_QConvLSTM,-1.5112236738204956,-0.7730172872543335,0.23583102226257324
41,40,1,0.4784057140350342,STDK,-1.0615499019622803,-0.5255246162414551,0.1971207857131958
41,40,1,0.4784057140350342,STDK_plus_QLSTM,-1.2035400867462158,-0.4201947748661041,0.477664977312088
41,40,1,0.4784057140350342,STDK_plus_QConvLSTM,-0.6870351433753967,0.24886922538280487,1.1553268432617188
41,40,2,0.15471184253692627,STDK,-1.187644124031067,-0.655306875705719,0.06917279958724976
41,40,2,0.15471184253692627,STDK_plus_QLSTM,-1.259424090385437,-0.47766605019569397,0.4236404001712799
41,40,2,0.15471184253692627,STDK_plus_QConvLSTM,-0.7759133577346802,0.07586722075939178,0.9644066691398621
41,40,3,-0.24035640060901642,STDK,-1.237809658050537,-0.7058780789375305,0.019943594932556152
41,40,3,-0.24035640060901642,STDK_plus_QLSTM,-1.3162939548492432,-0.5284003019332886,0.37315380573272705
41,40,3,-0.24035640060901642,STDK_plus_QConvLSTM,-0.7983062863349915,0.03718205541372299,0.9283342361450195
41,40,4,0.005551598966121674,STDK,-1.245530605316162,-0.7104887962341309,0.016571760177612305
41,40,4,0.005551598966121674,STDK_plus_QLSTM,-1.375596046447754,-0.5718512535095215,0.33069175481796265
41,40,4,0.005551598966121674,STDK_plus_QConvLSTM,-0.8361170887947083,0.08159781992435455,1.0035170316696167
41,40,5,0.1501016914844513,STDK,-1.201960563659668,-0.6604029536247253,0.06757605075836182
41,40,5,0.1501016914844513,STDK_plus_QLSTM,-1.4260720014572144,-0.6061277389526367,0.29592734575271606
41,40,5,0.1501016914844513,STDK_plus_QConvLSTM,-0.8949403166770935,0.036566272377967834,0.9225915670394897
41,41,1,-0.26870524883270264,STDK,-0.7899048328399658,-0.3032819330692291,0.4417025148868561
41,41,1,-0.26870524883270264,STDK_plus_QLSTM,-1.1179969310760498,-0.30746525526046753,0.6153867840766907
41,41,1,-0.26870524883270264,STDK_plus_QConvLSTM,-1.4514529705047607,-0.5711882710456848,0.13521385192871094
41,41,2,-0.5952481627464294,STDK,-0.7826432585716248,-0.29990339279174805,0.4485878348350525
41,41,2,-0.5952481627464294,STDK_plus_QLSTM,-1.1290638446807861,-0.30683547258377075,0.6321338415145874
41,41,2,-0.5952481627464294,STDK_plus_QConvLSTM,-1.5962316989898682,-0.7682721614837646,-0.0017246007919311523
41,41,3,-0.21402539312839508,STDK,-0.8333925008773804,-0.35162755846977234,0.4000382721424103
41,41,3,-0.21402539312839508,STDK_plus_QLSTM,-1.133263111114502,-0.31026268005371094,0.6376318335533142
41,41,3,-0.21402539312839508,STDK_plus_QConvLSTM,-1.6219840049743652,-0.8188315629959106,0.034612178802490234
41,41,4,-0.42235642671585083,STDK,-1.0089964866638184,-0.5248390436172485,0.22924792766571045
41,41,4,-0.42235642671585083,STDK_plus_QLSTM,-1.1314811706542969,-0.3153439164161682,0.6353117823600769
41,41,4,-0.42235642671585083,STDK_plus_QConvLSTM,-1.6116392612457275,-0.8187191486358643,0.04020577669143677
41,41,5,-0.20727631449699402,STDK,-1.121933102607727,-0.6320586800575256,0.12387919425964355
41,41,5,-0.20727631449699402,STDK_plus_QLSTM,-1.126651644706726,-0.31986647844314575,0.6295596957206726
41,41,5,-0.20727631449699402,STDK_plus_QConvLSTM,-1.4752604961395264,-0.6630886793136597,0.058163464069366455
41,42,1,0.8725706934928894,STDK,-0.1590043604373932,0.3337165415287018,1.0845658779144287
41,42,1,0.8725706934928894,STDK_plus_QLSTM,-0.5735069513320923,0.3392850458621979,1.1895819902420044
41,42,1,0.8725706934928894,STDK_plus_QConvLSTM,-0.4248272776603699,0.4937294125556946,1.4875218868255615
41,42,2,1.0843368768692017,STDK,-0.18697589635849,0.30228596925735474,1.0561227798461914
41,42,2,1.0843368768692017,STDK_plus_QLSTM,-0.5593794584274292,0.35433951020240784,1.2032146453857422
41,42,2,1.0843368768692017,STDK_plus_QConvLSTM,-0.38598671555519104,0.4793485105037689,1.4076218605041504
41,42,3,1.2259745597839355,STDK,-0.2504861056804657,0.23822268843650818,0.9943612813949585
41,42,3,1.2259745597839355,STDK_plus_QLSTM,-0.5452665090560913,0.36388930678367615,1.2136240005493164
41,42,3,1.2259745597839355,STDK_plus_QConvLSTM,-0.3808329105377197,0.4531310200691223,1.3236608505249023
41,42,4,0.8945925831794739,STDK,-0.3074326515197754,0.18396875262260437,0.9421284198760986
41,42,4,0.8945925831794739,STDK_plus_QLSTM,-0.5332907438278198,0.37023821473121643,1.2216863632202148
41,42,4,0.8945925831794739,STDK_plus_QConvLSTM,-0.2755819857120514,0.4849001467227936,1.3934623003005981
41,42,5,1.3117096424102783,STDK,-0.26580286026000977,0.23145800828933716,0.9911954402923584
41,42,5,1.3117096424102783,STDK_plus_QLSTM,-0.5238189697265625,0.3744780123233795,1.2294836044311523
41,42,5,1.3117096424102783,STDK_plus_QConvLSTM,-0.22143423557281494,0.5902851819992065,1.4819568395614624
41,43,1,-0.5960263013839722,STDK,-1.2782185077667236,-0.6876078248023987,-0.0589444637298584
41,43,1,-0.5960263013839722,STDK_plus_QLSTM,-1.539867877960205,-0.7451649308204651,0.09692627191543579
41,43,1,-0.5960263013839722,STDK_plus_QConvLSTM,-1.7094329595565796,-0.7346261739730835,0.29129719734191895
41,43,2,-0.40803617238998413,STDK,-1.2568601369857788,-0.6697803139686584,-0.03488403558731079
41,43,2,-0.40803617238998413,STDK_plus_QLSTM,-1.5844218730926514,-0.794281542301178,0.05382132530212402
41,43,2,-0.40803617238998413,STDK_plus_QConvLSTM,-1.595986247062683,-0.6196310520172119,0.4196735620498657
41,43,3,-0.4883784055709839,STDK,-1.2730039358139038,-0.6863128542900085,-0.046357035636901855
41,43,3,-0.4883784055709839,STDK_plus_QLSTM,-1.6274912357330322,-0.8378443121910095,0.009906530380249023
41,43,3,-0.4883784055709839,STDK_plus_QConvLSTM,-1.586059331893921,-0.5564265847206116,0.42325305938720703
41,43,4,-0.6051893830299377,STDK,-1.2903939485549927,-0.7003869414329529,-0.05751693248748779
41,43,4,-0.6051893830299377,STDK_plus_QLSTM,-1.6691632270812988,-0.878049373626709,-0.03252977132797241
41,43,4,-0.6051893830299377,STDK_plus_QConvLSTM,-1.5361907482147217,-0.5188982486724854,0.45157498121261597
41,43,5,-0.2734493017196655,STDK,-1.3196887969970703,-0.7224357724189758,-0.07847905158996582
41,43,5,-0.2734493017196655,STDK_plus_QLSTM,-1.7087475061416626,-0.9156263470649719,-0.07277250289916992
41,43,5,-0.2734493017196655,STDK_plus_QConvLSTM,-1.6391220092773438,-0.5921090841293335,0.39495283365249634
41,44,1,-1.4389442205429077,STDK,-2.357132911682129,-1.819162368774414,-1.129136085510254
41,44,1,-1.4389442205429077,STDK_plus_QLSTM,-2.5586867332458496,-1.7588833570480347,-0.8919265270233154
41,44,1,-1.4389442205429077,STDK_plus_QConvLSTM,-2.37204647064209,-1.4867316484451294,-0.6390202641487122
41,44,2,-1.0757660865783691,STDK,-2.4593257904052734,-1.9254953861236572,-1.228464961051941
41,44,2,-1.0757660865783691,STDK_plus_QLSTM,-2.605320453643799,-1.8081928491592407,-0.926692008972168
41,44,2,-1.0757660865783691,STDK_plus_QConvLSTM,-2.280810594558716,-1.403306245803833,-0.58193039894104
41,44,3,-0.6282253861427307,STDK,-2.530341863632202,-1.9968008995056152,-1.2948756217956543
41,44,3,-0.6282253861427307,STDK_plus_QLSTM,-2.6327149868011475,-1.8394988775253296,-0.9585232734680176
41,44,3,-0.6282253861427307,STDK_plus_QConvLSTM,-2.2981762886047363,-1.4576265811920166,-0.5197890400886536
41,44,4,-0.7199844121932983,STDK,-2.5588057041168213,-2.021329402923584,-1.3165678977966309
41,44,4,-0.7199844121932983,STDK_plus_QLSTM,-2.648369073867798,-1.8574321269989014,-0.9811556339263916
41,44,4,-0.7199844121932983,STDK_plus_QConvLSTM,-2.3495640754699707,-1.4373911619186401,-0.5728838443756104
41,44,5,-0.6126272678375244,STDK,-2.58227276802063,-2.036834239959717,-1.3311853408813477
41,44,5,-0.6126272678375244,STDK_plus_QLSTM,-2.655848264694214,-1.8655726909637451,-0.9928390383720398
41,44,5,-0.6126272678375244,STDK_plus_QConvLSTM,-2.4044127464294434,-1.5120607614517212,-0.7429029941558838
41,45,1,-0.7712442874908447,STDK,-1.4998141527175903,-0.9995110630989075,-0.27332037687301636
41,45,1,-0.7712442874908447,STDK_plus_QLSTM,-1.6452573537826538,-0.9495711922645569,-0.03907889127731323
41,45,1,-0.7712442874908447,STDK_plus_QConvLSTM,-1.2864940166473389,-0.5550623536109924,0.32422125339508057
41,45,2,-0.7550941705703735,STDK,-1.5547680854797363,-1.0582518577575684,-0.32621943950653076
41,45,2,-0.7550941705703735,STDK_plus_QLSTM,-1.7200379371643066,-1.021497368812561,-0.1139916181564331
41,45,2,-0.7550941705703735,STDK_plus_QConvLSTM,-1.2301708459854126,-0.4955044686794281,0.40065690875053406
41,45,3,-0.5365174412727356,STDK,-1.5789875984191895,-1.0832290649414062,-0.3469715714454651
41,45,3,-0.5365174412727356,STDK_plus_QLSTM,-1.8020625114440918,-1.1044213771820068,-0.20650970935821533
41,45,3,-0.5365174412727356,STDK_plus_QConvLSTM,-1.1483781337738037,-0.3887406289577484,0.5248301029205322
41,45,4,-0.11288340389728546,STDK,-1.592313289642334,-1.093991994857788,-0.3553081750869751
41,45,4,-0.11288340389728546,STDK_plus_QLSTM,-1.8803138732910156,-1.1858720779418945,-0.29566919803619385
41,45,4,-0.11288340389728546,STDK_plus_QConvLSTM,-1.1109920740127563,-0.314255952835083,0.4938891530036926
41,45,5,0.15106169879436493,STDK,-1.5818233489990234,-1.077409029006958,-0.33832472562789917
41,45,5,0.15106169879436493,STDK_plus_QLSTM,-1.9508087635040283,-1.2599904537200928,-0.3760067820549011
41,45,5,0.15106169879436493,STDK_plus_QConvLSTM,-1.1372253894805908,-0.38408634066581726,0.48089513182640076
41,46,1,0.6796076893806458,STDK,-0.28038686513900757,0.22717362642288208,0.9639871716499329
41,46,1,0.6796076893806458,STDK_plus_QLSTM,-0.46713849902153015,0.25819817185401917,1.1092967987060547
41,46,1,0.6796076893806458,STDK_plus_QConvLSTM,-0.19877135753631592,0.6041502356529236,1.742173194885254
41,46,2,0.3482598662376404,STDK,-0.36104655265808105,0.142835795879364,0.8850804567337036
41,46,2,0.3482598662376404,STDK_plus_QLSTM,-0.4950583279132843,0.23465457558631897,1.0825965404510498
41,46,2,0.3482598662376404,STDK_plus_QConvLSTM,-0.16757023334503174,0.546711802482605,1.7563107013702393
41,46,3,0.6477015614509583,STDK,-0.4348349869251251,0.06850985437631607,0.814415693283081
41,46,3,0.6477015614509583,STDK_plus_QLSTM,-0.5114829540252686,0.2206726372241974,1.0675888061523438
41,46,3,0.6477015614509583,STDK_plus_QConvLSTM,-0.08860456943511963,0.5930072665214539,1.7991604804992676
41,46,4,0.19783559441566467,STDK,-0.4742434322834015,0.03215201944112778,0.7798974514007568
41,46,4,0.19783559441566467,STDK_plus_QLSTM,-0.5214406251907349,0.21143153309822083,1.0583066940307617
41,46,4,0.19783559441566467,STDK_plus_QConvLSTM,0.0025899410247802734,0.6786314249038696,1.760448694229126
41,46,5,0.7028946876525879,STDK,-0.4519253969192505,0.06091292202472687,0.8092436790466309
41,46,5,0.7028946876525879,STDK_plus_QLSTM,-0.5256881713867188,0.20545998215675354,1.0524004697799683
41,46,5,0.7028946876525879,STDK_plus_QConvLSTM,-0.12612617015838623,0.5753153562545776,1.7305842638015747
41,47,1,-1.3778811693191528,STDK,-2.324709892272949,-1.8158433437347412,-1.0530898571014404
41,47,1,-1.3778811693191528,STDK_plus_QLSTM,-2.6293721199035645,-1.861523151397705,-0.920161247253418
41,47,1,-1.3778811693191528,STDK_plus_QConvLSTM,-1.7771601676940918,-0.9737318754196167,-0.20277202129364014
41,47,2,-1.514557123184204,STDK,-2.275022268295288,-1.7698266506195068,-1.0058808326721191
41,47,2,-1.514557123184204,STDK_plus_QLSTM,-2.6217234134674072,-1.8186545372009277,-0.8724894523620605
41,47,2,-1.514557123184204,STDK_plus_QConvLSTM,-2.2181906700134277,-1.463511347770691,-0.6943032145500183
41,47,3,-1.426668405532837,STDK,-2.2823894023895264,-1.777674913406372,-1.013169527053833
41,47,3,-1.426668405532837,STDK_plus_QLSTM,-2.5982584953308105,-1.8065282106399536,-0.8652142882347107
41,47,3,-1.426668405532837,STDK_plus_QConvLSTM,-2.2710440158843994,-1.621880054473877,-0.8436881899833679
41,47,4,-1.873577356338501,STDK,-2.323158025741577,-1.8153777122497559,-1.0506038665771484
41,47,4,-1.873577356338501,STDK_plus_QLSTM,-2.5885984897613525,-1.8009930849075317,-0.868705689907074
41,47,4,-1.873577356338501,STDK_plus_QConvLSTM,-2.214482307434082,-1.3995716571807861,-0.7192773222923279
41,47,5,-1.7311782836914062,STDK,-2.380230188369751,-1.8659379482269287,-1.1009316444396973
41,47,5,-1.7311782836914062,STDK_plus_QLSTM,-2.592703342437744,-1.805845856666565,-0.8824248313903809
41,47,5,-1.7311782836914062,STDK_plus_QConvLSTM,-2.1732254028320312,-1.2855051755905151,-0.5967690348625183
41,48,1,-0.11770026385784149,STDK,-1.000403642654419,-0.4689335823059082,0.2784707546234131
41,48,1,-0.11770026385784149,STDK_plus_QLSTM,-1.1322901248931885,-0.41634824872016907,0.45194944739341736
41,48,1,-0.11770026385784149,STDK_plus_QConvLSTM,-1.0279836654663086,-0.15928439795970917,0.45054084062576294
41,48,2,0.31466084718704224,STDK,-1.1060755252838135,-0.5785515904426575,0.17009663581848145
41,48,2,0.31466084718704224,STDK_plus_QLSTM,-1.187798261642456,-0.46061423420906067,0.4054843485355377
41,48,2,0.31466084718704224,STDK_plus_QConvLSTM,-0.9913226962089539,-0.15428702533245087,0.5237296223640442
41,48,3,-0.31486737728118896,STDK,-1.20620596408844,-0.6794851422309875,0.06978237628936768
41,48,3,-0.31486737728118896,STDK_plus_QLSTM,-1.2438483238220215,-0.5064506530761719,0.3591223359107971
41,48,3,-0.31486737728118896,STDK_plus_QConvLSTM,-0.8612827062606812,-0.04582555219531059,0.5662899017333984
41,48,4,-1.4764244556427002,STDK,-1.2423796653747559,-0.7129961848258972,0.036428868770599365
41,48,4,-1.4764244556427002,STDK_plus_QLSTM,-1.299196481704712,-0.5570660829544067,0.3084690570831299
41,48,4,-1.4764244556427002,STDK_plus_QConvLSTM,-0.755699872970581,0.059096984565258026,0.7185304164886475
41,48,5,-0.9367283582687378,STDK,-1.2652418613433838,-0.729313313961029,0.019727647304534912
41,48,5,-0.9367283582687378,STDK_plus_QLSTM,-1.3534197807312012,-0.6128476858139038,0.25080984830856323
41,48,5,-0.9367283582687378,STDK_plus_QConvLSTM,-0.8395776748657227,0.004427779465913773,0.7340729236602783
41,49,1,0.5240137577056885,STDK,-0.5765433311462402,-0.011330656707286835,0.7440035939216614
41,49,1,0.5240137577056885,STDK_plus_QLSTM,-0.7573317289352417,0.05908776819705963,0.9338274002075195
41,49,1,0.5240137577056885,STDK_plus_QConvLSTM,-0.3447292149066925,0.32897189259529114,1.4513585567474365
41,49,2,0.6040488481521606,STDK,-0.6201838850975037,-0.057622335851192474,0.6987630724906921
41,49,2,0.6040488481521606,STDK_plus_QLSTM,-0.7752258777618408,0.042238011956214905,0.917675256729126
41,49,2,0.6040488481521606,STDK_plus_QConvLSTM,-0.33482810854911804,0.36788681149482727,1.490813970565796
41,49,3,0.19077859818935394,STDK,-0.6337686777114868,-0.07083916664123535,0.6861247420310974
41,49,3,0.19077859818935394,STDK_plus_QLSTM,-0.790557324886322,0.026069000363349915,0.9015502333641052
41,49,3,0.19077859818935394,STDK_plus_QConvLSTM,-0.4557868242263794,0.18838679790496826,1.3296810388565063
41,49,4,-0.24947339296340942,STDK,-0.6220353841781616,-0.05499030277132988,0.7021027207374573
41,49,4,-0.24947339296340942,STDK_plus_QLSTM,-0.8046274185180664,0.010383054614067078,0.8851712346076965
41,49,4,-0.24947339296340942,STDK_plus_QConvLSTM,-0.41432705521583557,0.16513249278068542,1.309365153312683
41,49,5,0.2678256928920746,STDK,-0.6007142663002014,-0.025698978453874588,0.7307875752449036
41,49,5,0.2678256928920746,STDK_plus_QLSTM,-0.816422700881958,-0.004783526062965393,0.8682807683944702
41,49,5,0.2678256928920746,STDK_plus_QConvLSTM,-0.353636771440506,0.36282411217689514,1.4564135074615479
41,50,1,0.6568686962127686,STDK,-0.4811519980430603,0.026615142822265625,0.7524060010910034
41,50,1,0.6568686962127686,STDK_plus_QLSTM,-0.6836756467819214,0.11369366943836212,0.9166567921638489
41,50,1,0.6568686962127686,STDK_plus_QConvLSTM,-0.9630945920944214,0.07289603352546692,1.0555819272994995
41,50,2,-0.21514515578746796,STDK,-0.5126314163208008,-0.008808562532067299,0.7192866802215576
41,50,2,-0.21514515578746796,STDK_plus_QLSTM,-0.668312668800354,0.1371362954378128,0.9512137174606323
41,50,2,-0.21514515578746796,STDK_plus_QConvLSTM,-0.9833431839942932,0.010980043560266495,1.0667113065719604
41,50,3,0.211680606007576,STDK,-0.5255724787712097,-0.022731110453605652,0.7073855400085449
41,50,3,0.211680606007576,STDK_plus_QLSTM,-0.6377869844436646,0.16884668171405792,0.9826390147209167
41,50,3,0.211680606007576,STDK_plus_QConvLSTM,-0.999675989151001,-0.01749492436647415,1.0013556480407715
41,50,4,0.4882775843143463,STDK,-0.5184923410415649,-0.013231972232460976,0.71857750415802
41,50,4,0.4882775843143463,STDK_plus_QLSTM,-0.6008461713790894,0.2057315856218338,1.0129318237304688
41,50,4,0.4882775843143463,STDK_plus_QConvLSTM,-1.0559877157211304,-0.06373728066682816,0.8847753405570984
41,50,5,0.4982476830482483,STDK,-0.48628032207489014,0.02486347407102585,0.7578182816505432
41,50,5,0.4982476830482483,STDK_plus_QLSTM,-0.5618969202041626,0.24530871212482452,1.0485813617706299
41,50,5,0.4982476830482483,STDK_plus_QConvLSTM,-1.170983076095581,-0.16223421692848206,0.831470251083374
41,51,1,0.13720372319221497,STDK,-0.6245244145393372,-0.13456328213214874,0.60987788438797
41,51,1,0.13720372319221497,STDK_plus_QLSTM,-0.9454296827316284,-0.1579376608133316,0.7403502464294434
41,51,1,0.13720372319221497,STDK_plus_QConvLSTM,-0.7397571802139282,0.14988714456558228,1.0453674793243408
41,51,2,0.046259842813014984,STDK,-0.6190177798271179,-0.13284607231616974,0.6139259338378906
41,51,2,0.046259842813014984,STDK_plus_QLSTM,-0.9877031445503235,-0.19571159780025482,0.703258752822876
41,51,2,0.046259842813014984,STDK_plus_QConvLSTM,-0.6670874357223511,0.2650142014026642,1.0804260969161987
41,51,3,0.21701160073280334,STDK,-0.6238882541656494,-0.13862746953964233,0.6103742718696594
41,51,3,0.21701160073280334,STDK_plus_QLSTM,-1.0326200723648071,-0.23904751241207123,0.6605142951011658
41,51,3,0.21701160073280334,STDK_plus_QConvLSTM,-0.6237065196037292,0.26799505949020386,1.2194701433181763
41,51,4,0.7090585827827454,STDK,-0.6178478598594666,-0.13019323348999023,0.6204606890678406
41,51,4,0.7090585827827454,STDK_plus_QLSTM,-1.0808601379394531,-0.28579819202423096,0.6143768429756165
41,51,4,0.7090585827827454,STDK_plus_QConvLSTM,-0.3702024817466736,0.5330726504325867,1.3740758895874023
41,51,5,0.5613386631011963,STDK,-0.6082839965820312,-0.11499294638633728,0.6364920139312744
41,51,5,0.5613386631011963,STDK_plus_QLSTM,-1.131878137588501,-0.3345351219177246,0.5654461979866028
41,51,5,0.5613386631011963,STDK_plus_QConvLSTM,-0.30094558000564575,0.5774670839309692,1.405306100845337
41,52,1,-0.011028271168470383,STDK,-0.5538261532783508,-0.01552865281701088,0.7211689949035645
41,52,1,-0.011028271168470383,STDK_plus_QLSTM,-0.7883631587028503,0.04205448180437088,0.9501613974571228
41,52,1,-0.011028271168470383,STDK_plus_QConvLSTM,-0.4172503352165222,0.31808310747146606,1.1960833072662354
41,52,2,-0.08707715570926666,STDK,-0.6008196473121643,-0.06619399040937424,0.6735265254974365
41,52,2,-0.08707715570926666,STDK_plus_QLSTM,-0.7917138934135437,0.043738074600696564,0.954739511013031
41,52,2,-0.08707715570926666,STDK_plus_QConvLSTM,-0.41859108209609985,0.30845940113067627,1.2055315971374512
41,52,3,0.10867159813642502,STDK,-0.6473422050476074,-0.11357858777046204,0.628628134727478
41,52,3,0.10867159813642502,STDK_plus_QLSTM,-0.7832214832305908,0.05191165953874588,0.9640520215034485
41,52,3,0.10867159813642502,STDK_plus_QConvLSTM,-0.47845908999443054,0.3547423779964447,1.16779625415802
41,52,4,-0.4028434157371521,STDK,-0.6832033395767212,-0.14675745368003845,0.5974098443984985
41,52,4,-0.4028434157371521,STDK_plus_QLSTM,-0.7706739902496338,0.06478966027498245,0.9781956672668457
41,52,4,-0.4028434157371521,STDK_plus_QConvLSTM,-0.4585886001586914,0.4270918369293213,1.1585955619812012
41,52,5,0.1881936937570572,STDK,-0.6884570717811584,-0.14587606489658356,0.599897563457489
41,52,5,0.1881936937570572,STDK_plus_QLSTM,-0.7604468464851379,0.08174509555101395,0.997292697429657
41,52,5,0.1881936937570572,STDK_plus_QConvLSTM,-0.35167887806892395,0.3859708607196808,1.2664200067520142
41,53,1,-0.6123572587966919,STDK,-2.0000548362731934,-1.419158697128296,-0.7233778834342957
41,53,1,-0.6123572587966919,STDK_plus_QLSTM,-2.2024378776550293,-1.34846031665802,-0.5373819470405579
41,53,1,-0.6123572587966919,STDK_plus_QConvLSTM,-2.0427117347717285,-1.2221643924713135,-0.18766534328460693
41,53,2,-1.2321771383285522,STDK,-2.0462870597839355,-1.469853162765503,-0.7696294188499451
41,53,2,-1.2321771383285522,STDK_plus_QLSTM,-2.1360578536987305,-1.273918867111206,-0.458815336227417
41,53,2,-1.2321771383285522,STDK_plus_QConvLSTM,-1.9622881412506104,-1.1034319400787354,-0.18952929973602295
41,53,3,-1.2341864109039307,STDK,-2.1045241355895996,-1.5292508602142334,-0.8257209658622742
41,53,3,-1.2341864109039307,STDK_plus_QLSTM,-2.0553202629089355,-1.1926093101501465,-0.37440645694732666
41,53,3,-1.2341864109039307,STDK_plus_QConvLSTM,-2.010326623916626,-1.1569067239761353,-0.20682108402252197
41,53,4,-1.1680314540863037,STDK,-2.2135565280914307,-1.6352171897888184,-0.9290173053741455
41,53,4,-1.1680314540863037,STDK_plus_QLSTM,-1.96488356590271,-1.1049904823303223,-0.2835744023323059
41,53,4,-1.1680314540863037,STDK_plus_QConvLSTM,-2.00681471824646,-1.1306495666503906,-0.17830121517181396
41,53,5,-0.5821113586425781,STDK,-2.315751791000366,-1.7307209968566895,-1.0227298736572266
41,53,5,-0.5821113586425781,STDK_plus_QLSTM,-1.8689675331115723,-1.014054775238037,-0.18949836492538452
41,53,5,-0.5821113586425781,STDK_plus_QConvLSTM,-2.1773178577423096,-1.386301875114441,-0.2640700340270996
41,54,1,-0.7754513025283813,STDK,-2.216305732727051,-1.6935203075408936,-1.0010457038879395
41,54,1,-0.7754513025283813,STDK_plus_QLSTM,-2.410691499710083,-1.6764442920684814,-0.7628462910652161
41,54,1,-0.7754513025283813,STDK_plus_QConvLSTM,-2.1454579830169678,-1.3794106245040894,-0.3630727529525757
41,54,2,-0.7747571468353271,STDK,-2.2369697093963623,-1.7189185619354248,-1.020423173904419
41,54,2,-0.7747571468353271,STDK_plus_QLSTM,-2.4426116943359375,-1.7093501091003418,-0.7967843413352966
41,54,2,-0.7747571468353271,STDK_plus_QConvLSTM,-2.164155960083008,-1.3079617023468018,-0.3911551237106323
41,54,3,0.09304659813642502,STDK,-2.2450366020202637,-1.7285935878753662,-1.0258435010910034
41,54,3,0.09304659813642502,STDK_plus_QLSTM,-2.4691784381866455,-1.7384088039398193,-0.8293228149414062
41,54,3,0.09304659813642502,STDK_plus_QConvLSTM,-1.9792745113372803,-1.1543048620224,-0.24677497148513794
41,54,4,-0.7333623766899109,STDK,-2.2485976219177246,-1.7302112579345703,-1.0252206325531006
41,54,4,-0.7333623766899109,STDK_plus_QLSTM,-2.4963455200195312,-1.7682911157608032,-0.8618161082267761
41,54,4,-0.7333623766899109,STDK_plus_QConvLSTM,-2.0264434814453125,-0.9989237189292908,-0.06857693195343018
41,54,5,-0.8802493810653687,STDK,-2.2293267250061035,-1.7054004669189453,-1.0005669593811035
41,54,5,-0.8802493810653687,STDK_plus_QLSTM,-2.523989200592041,-1.7991225719451904,-0.8945463299751282
41,54,5,-0.8802493810653687,STDK_plus_QConvLSTM,-2.082359790802002,-0.994956910610199,-0.0681867003440857
41,55,1,-1.3538051843643188,STDK,-2.1829257011413574,-1.6697533130645752,-0.9752883911132812
41,55,1,-1.3538051843643188,STDK_plus_QLSTM,-2.373175859451294,-1.6184866428375244,-0.6934924125671387
41,55,1,-1.3538051843643188,STDK_plus_QConvLSTM,-1.2884217500686646,-0.6644893884658813,0.292661190032959
41,55,2,-0.9102461338043213,STDK,-2.2252907752990723,-1.7168986797332764,-1.015104055404663
41,55,2,-0.9102461338043213,STDK_plus_QLSTM,-2.4430739879608154,-1.6888792514801025,-0.7598976492881775
41,55,2,-0.9102461338043213,STDK_plus_QConvLSTM,-1.2724981307983398,-0.6214839220046997,0.2984260320663452
41,55,3,-1.0705914497375488,STDK,-2.227454900741577,-1.7206506729125977,-1.0133814811706543
41,55,3,-1.0705914497375488,STDK_plus_QLSTM,-2.495657444000244,-1.742582082748413,-0.8182438015937805
41,55,3,-1.0705914497375488,STDK_plus_QConvLSTM,-1.28400719165802,-0.7356619238853455,0.2207161784172058
41,55,4,-1.472637414932251,STDK,-2.1952269077301025,-1.6863071918487549,-0.9759795665740967
41,55,4,-1.472637414932251,STDK_plus_QLSTM,-2.5388975143432617,-1.7877339124679565,-0.8683915734291077
41,55,4,-1.472637414932251,STDK_plus_QConvLSTM,-1.4006233215332031,-0.8111994862556458,0.09940534830093384
41,55,5,-0.9215003252029419,STDK,-2.1325483322143555,-1.6177978515625,-0.9067598581314087
41,55,5,-0.9215003252029419,STDK_plus_QLSTM,-2.5806679725646973,-1.8302055597305298,-0.9126601219177246
41,55,5,-0.9215003252029419,STDK_plus_QConvLSTM,-1.6428396701812744,-0.9857090711593628,-0.06820493936538696
41,56,1,-0.3661312460899353,STDK,-1.5315437316894531,-0.9676210284233093,-0.27506572008132935
41,56,1,-0.3661312460899353,STDK_plus_QLSTM,-1.7739393711090088,-0.9998757243156433,-0.0732075572013855
41,56,1,-0.3661312460899353,STDK_plus_QConvLSTM,-1.2269397974014282,-0.1560971438884735,0.9596015214920044
41,56,2,-0.3995491862297058,STDK,-1.544281005859375,-0.9847891926765442,-0.28540390729904175
41,56,2,-0.3995491862297058,STDK_plus_QLSTM,-1.884926676750183,-1.099130392074585,-0.17136698961257935
41,56,2,-0.3995491862297058,STDK_plus_QConvLSTM,-1.2112879753112793,-0.1549074947834015,0.9770227670669556
41,56,3,-0.8915613889694214,STDK,-1.535728931427002,-0.9772621989250183,-0.27253299951553345
41,56,3,-0.8915613889694214,STDK_plus_QLSTM,-1.974617600440979,-1.181777000427246,-0.2536398768424988
41,56,3,-0.8915613889694214,STDK_plus_QConvLSTM,-1.0452625751495361,-0.024393072351813316,1.058463215827942
41,56,4,-0.6829394102096558,STDK,-1.4320422410964966,-0.8707329630851746,-0.16288328170776367
41,56,4,-0.6829394102096558,STDK_plus_QLSTM,-2.0484495162963867,-1.2546933889389038,-0.3264382481575012
41,56,4,-0.6829394102096558,STDK_plus_QConvLSTM,-0.951610267162323,0.07868975400924683,1.1595354080200195
41,56,5,-0.19320529699325562,STDK,-1.303012728691101,-0.7349973320960999,-0.026066243648529053
41,56,5,-0.19320529699325562,STDK_plus_QLSTM,-2.114335536956787,-1.3258658647537231,-0.3973749279975891
41,56,5,-0.19320529699325562,STDK_plus_QConvLSTM,-1.1222243309020996,0.06801069527864456,1.0496296882629395
41,57,1,0.7277337312698364,STDK,-0.5491912961006165,-0.006653651595115662,0.7253080606460571
41,57,1,0.7277337312698364,STDK_plus_QLSTM,-0.6792259812355042,0.08936189115047455,0.9801725149154663
41,57,1,0.7277337312698364,STDK_plus_QConvLSTM,-1.0722039937973022,-0.03731701523065567,0.6554503440856934
41,57,2,0.632287859916687,STDK,-0.7057152986526489,-0.16718456149101257,0.5689511299133301
41,57,2,0.632287859916687,STDK_plus_QLSTM,-0.7541195750236511,0.03468172252178192,0.9058138728141785
41,57,2,0.632287859916687,STDK_plus_QConvLSTM,-0.864777147769928,0.14983980357646942,0.8257178068161011
41,57,3,0.5403655767440796,STDK,-0.7994996905326843,-0.26158231496810913,0.47798240184783936
41,57,3,0.5403655767440796,STDK_plus_QLSTM,-0.8288692235946655,-0.03220517933368683,0.8299877047538757
41,57,3,0.5403655767440796,STDK_plus_QConvLSTM,-0.83404141664505,0.21600311994552612,0.9583742618560791
41,57,4,0.4136536121368408,STDK,-0.8680405616760254,-0.3269270956516266,0.41513463854789734
41,57,4,0.4136536121368408,STDK_plus_QLSTM,-0.8986688256263733,-0.10566611588001251,0.7544825077056885
41,57,4,0.4136536121368408,STDK_plus_QConvLSTM,-0.822697639465332,0.22752663493156433,0.9607871770858765
41,57,5,-0.10522030293941498,STDK,-0.9397759437561035,-0.3918344974517822,0.3513069152832031
41,57,5,-0.10522030293941498,STDK_plus_QLSTM,-0.9686580300331116,-0.18293191492557526,0.67708420753479
41,57,5,-0.10522030293941498,STDK_plus_QConvLSTM,-0.8750354051589966,0.10719463229179382,0.9965813159942627
41,58,1,-0.1352122724056244,STDK,-0.9283754825592041,-0.38352081179618835,0.3572360575199127
41,58,1,-0.1352122724056244,STDK_plus_QLSTM,-1.0336345434188843,-0.2500128149986267,0.6239479184150696
41,58,1,-0.1352122724056244,STDK_plus_QConvLSTM,-1.390340805053711,-0.4087378680706024,0.5132083892822266
41,58,2,0.36774885654449463,STDK,-0.9863554835319519,-0.44571685791015625,0.2978630065917969
41,58,2,0.36774885654449463,STDK_plus_QLSTM,-0.981938362121582,-0.2054443061351776,0.6575182676315308
41,58,2,0.36774885654449463,STDK_plus_QConvLSTM,-1.3445322513580322,-0.352142870426178,0.4106244444847107
41,58,3,-0.23744840919971466,STDK,-1.007106900215149,-0.4671396017074585,0.27809375524520874
41,58,3,-0.23744840919971466,STDK_plus_QLSTM,-0.9495019912719727,-0.17799857258796692,0.673935055732727
41,58,3,-0.23744840919971466,STDK_plus_QConvLSTM,-1.3871188163757324,-0.3523763418197632,0.43312203884124756
41,58,4,-1.457545518875122,STDK,-1.010545015335083,-0.4672718644142151,0.2789437174797058
41,58,4,-1.457545518875122,STDK_plus_QLSTM,-0.9328573942184448,-0.16347435116767883,0.6792587041854858
41,58,4,-1.457545518875122,STDK_plus_QConvLSTM,-1.239075779914856,-0.19800648093223572,0.554807186126709
41,58,5,-0.9061623811721802,STDK,-1.0312163829803467,-0.4807998239994049,0.26573100686073303
41,58,5,-0.9061623811721802,STDK_plus_QLSTM,-0.9269689321517944,-0.1570989489555359,0.6797292828559875
41,58,5,-0.9061623811721802,STDK_plus_QConvLSTM,-1.3711645603179932,-0.34083226323127747,0.4362851679325104
41,59,1,0.38370275497436523,STDK,-0.4520547091960907,0.11142262816429138,0.8650884628295898
41,59,1,0.38370275497436523,STDK_plus_QLSTM,-0.7471619248390198,0.09977786242961884,0.9805912971496582
41,59,1,0.38370275497436523,STDK_plus_QConvLSTM,-0.9615620374679565,-0.16260915994644165,0.6393070220947266
41,59,2,0.8432798385620117,STDK,-0.4719834327697754,0.08850336074829102,0.8435834050178528
41,59,2,0.8432798385620117,STDK_plus_QLSTM,-0.7781496644020081,0.07332907617092133,0.9573417901992798
41,59,2,0.8432798385620117,STDK_plus_QConvLSTM,-0.9429136514663696,-0.13634049892425537,0.7227813005447388
41,59,3,0.07681159675121307,STDK,-0.5098406076431274,0.05050927400588989,0.8065049648284912
41,59,3,0.07681159675121307,STDK_plus_QLSTM,-0.8052105903625488,0.04624424874782562,0.9308778047561646
41,59,3,0.07681159675121307,STDK_plus_QConvLSTM,-0.878770112991333,0.013605546206235886,0.6567656993865967
41,59,4,-0.12215040624141693,STDK,-0.5263074636459351,0.03778950870037079,0.794213593006134
41,59,4,-0.12215040624141693,STDK_plus_QLSTM,-0.8271090984344482,0.0196828693151474,0.9027642011642456
41,59,4,-0.12215040624141693,STDK_plus_QConvLSTM,-0.9093393683433533,-0.00900045782327652,0.7610464692115784
41,59,5,0.41967469453811646,STDK,-0.4988294839859009,0.07278908789157867,0.829362154006958
41,59,5,0.41967469453811646,STDK_plus_QLSTM,-0.8446053862571716,-0.005644574761390686,0.8747155666351318
41,59,5,0.41967469453811646,STDK_plus_QConvLSTM,-0.6743701696395874,0.1306704729795456,0.9595928192138672
41,60,1,-0.5179652571678162,STDK,-1.0183058977127075,-0.49567970633506775,0.20871540904045105
41,60,1,-0.5179652571678162,STDK_plus_QLSTM,-1.2965716123580933,-0.5531696081161499,0.34217602014541626
41,60,1,-0.5179652571678162,STDK_plus_QConvLSTM,-1.1725401878356934,-0.4424512982368469,0.3942273259162903
41,60,2,-0.7903721332550049,STDK,-0.9721632599830627,-0.45372021198272705,0.2528008818626404
41,60,2,-0.7903721332550049,STDK_plus_QLSTM,-1.2892234325408936,-0.5412618517875671,0.3651527166366577
41,60,2,-0.7903721332550049,STDK_plus_QConvLSTM,-1.1483418941497803,-0.38816025853157043,0.48952266573905945
41,60,3,-0.8285384178161621,STDK,-0.9064798355102539,-0.38916465640068054,0.31862595677375793
41,60,3,-0.8285384178161621,STDK_plus_QLSTM,-1.29584801197052,-0.5444944500923157,0.3676237463951111
41,60,3,-0.8285384178161621,STDK_plus_QConvLSTM,-1.1222429275512695,-0.41335543990135193,0.44718584418296814
41,60,4,-0.20588940382003784,STDK,-0.8555421829223633,-0.33582353591918945,0.3727399706840515
41,60,4,-0.20588940382003784,STDK_plus_QLSTM,-1.3119629621505737,-0.5595476031303406,0.35284578800201416
41,60,4,-0.20588940382003784,STDK_plus_QConvLSTM,-1.1656618118286133,-0.3786337077617645,0.4154827296733856
41,60,5,-0.22210630774497986,STDK,-0.8426077961921692,-0.3170197010040283,0.39230507612228394
41,60,5,-0.22210630774497986,STDK_plus_QLSTM,-1.3330504894256592,-0.581161618232727,0.3284820318222046
41,60,5,-0.22210630774497986,STDK_plus_QConvLSTM,-1.2878609895706177,-0.4066842794418335,0.38541167974472046
41,61,1,-1.3995912075042725,STDK,-1.5247454643249512,-0.9866904616355896,-0.24175840616226196
41,61,1,-1.3995912075042725,STDK_plus_QLSTM,-1.6799018383026123,-0.9345178604125977,-0.1070929765701294
41,61,1,-1.3995912075042725,STDK_plus_QConvLSTM,-2.129486083984375,-1.1969871520996094,-0.3353210687637329
41,61,2,-1.4851680994033813,STDK,-1.6104086637496948,-1.0770111083984375,-0.3292381167411804
41,61,2,-1.4851680994033813,STDK_plus_QLSTM,-1.7219767570495605,-0.9625105261802673,-0.13472843170166016
41,61,2,-1.4851680994033813,STDK_plus_QConvLSTM,-2.1503796577453613,-1.240578293800354,-0.45935457944869995
41,61,3,-0.7112864255905151,STDK,-1.6745202541351318,-1.1425881385803223,-0.39246344566345215
41,61,3,-0.7112864255905151,STDK_plus_QLSTM,-1.7548601627349854,-0.9898598194122314,-0.16234177350997925
41,61,3,-0.7112864255905151,STDK_plus_QConvLSTM,-2.145693302154541,-1.3135578632354736,-0.4879950284957886
41,61,4,-0.3972983956336975,STDK,-1.7695400714874268,-1.2354168891906738,-0.48357605934143066
41,61,4,-0.3972983956336975,STDK_plus_QLSTM,-1.7774208784103394,-1.0123908519744873,-0.18546634912490845
41,61,4,-0.3972983956336975,STDK_plus_QConvLSTM,-2.0690505504608154,-1.220334529876709,-0.37218016386032104
41,61,5,-0.10104130208492279,STDK,-1.8691450357437134,-1.3292968273162842,-0.5765132904052734
41,61,5,-0.10104130208492279,STDK_plus_QLSTM,-1.792715311050415,-1.031327724456787,-0.20554184913635254
41,61,5,-0.10104130208492279,STDK_plus_QConvLSTM,-2.0360286235809326,-1.1895369291305542,-0.3853326439857483
41,62,1,0.01734272949397564,STDK,-0.7328101992607117,-0.1810198426246643,0.5508747100830078
41,62,1,0.01734272949397564,STDK_plus_QLSTM,-0.9433519840240479,-0.13607904314994812,0.6796553134918213
41,62,1,0.01734272949397564,STDK_plus_QConvLSTM,-1.4363609552383423,-0.5929749608039856,0.3990667462348938
41,62,2,-0.27525514364242554,STDK,-0.7237340807914734,-0.17705035209655762,0.5580306649208069
41,62,2,-0.27525514364242554,STDK_plus_QLSTM,-0.912177562713623,-0.10069993138313293,0.7147141695022583
41,62,2,-0.27525514364242554,STDK_plus_QConvLSTM,-1.3361825942993164,-0.5102463960647583,0.5158804655075073
41,62,3,-0.03379339724779129,STDK,-0.7325155735015869,-0.18733510375022888,0.5504207611083984
41,62,3,-0.03379339724779129,STDK_plus_QLSTM,-0.8850082159042358,-0.07168194651603699,0.7489476203918457
41,62,3,-0.03379339724779129,STDK_plus_QConvLSTM,-1.2942615747451782,-0.39826634526252747,0.6005418300628662
41,62,4,-0.24843540787696838,STDK,-0.7362555861473083,-0.18901880085468292,0.5504929423332214
41,62,4,-0.24843540787696838,STDK_plus_QLSTM,-0.8607940077781677,-0.0471627376973629,0.7801675796508789
41,62,4,-0.24843540787696838,STDK_plus_QConvLSTM,-1.0846686363220215,-0.2003239095211029,0.8588627576828003
41,62,5,-0.12834429740905762,STDK,-0.7695301175117493,-0.21631880104541779,0.5246347784996033
41,62,5,-0.12834429740905762,STDK_plus_QLSTM,-0.837929904460907,-0.025548066943883896,0.8043259978294373
41,62,5,-0.12834429740905762,STDK_plus_QConvLSTM,-0.906138002872467,-0.08119330555200577,0.9962862730026245
41,63,1,-0.7395002841949463,STDK,-1.035666823387146,-0.47226482629776,0.21088653802871704
41,63,1,-0.7395002841949463,STDK_plus_QLSTM,-1.2145451307296753,-0.4876062572002411,0.4029461443424225
41,63,1,-0.7395002841949463,STDK_plus_QConvLSTM,-1.299675703048706,-0.5654648542404175,0.28042829036712646
41,63,2,-0.22784815728664398,STDK,-1.0732307434082031,-0.5143980979919434,0.1732088327407837
41,63,2,-0.22784815728664398,STDK_plus_QLSTM,-1.2834254503250122,-0.5556755065917969,0.33900517225265503
41,63,2,-0.22784815728664398,STDK_plus_QConvLSTM,-1.3246772289276123,-0.6362736821174622,0.22584259510040283
41,63,3,-0.8751733899116516,STDK,-1.178843379020691,-0.6221233010292053,0.06894779205322266
41,63,3,-0.8751733899116516,STDK_plus_QLSTM,-1.3659441471099854,-0.6389871835708618,0.2582992911338806
41,63,3,-0.8751733899116516,STDK_plus_QConvLSTM,-1.4494044780731201,-0.7111181020736694,0.13954561948776245
41,63,4,-0.8859894275665283,STDK,-1.2658815383911133,-0.7077208757400513,-0.015229761600494385
41,63,4,-0.8859894275665283,STDK_plus_QLSTM,-1.4588106870651245,-0.7318185567855835,0.16745543479919434
41,63,4,-0.8859894275665283,STDK_plus_QConvLSTM,-1.4697566032409668,-0.6658694744110107,0.15879368782043457
41,63,5,-0.5754443407058716,STDK,-1.2884657382965088,-0.7252341508865356,-0.032203078269958496
41,63,5,-0.5754443407058716,STDK_plus_QLSTM,-1.5573270320892334,-0.8285655975341797,0.07167738676071167
41,63,5,-0.5754443407058716,STDK_plus_QConvLSTM,-1.5313286781311035,-0.6883381605148315,0.15248596668243408
41,64,1,-1.057044267654419,STDK,-2.489513874053955,-1.9780607223510742,-1.3020050525665283
41,64,1,-1.057044267654419,STDK_plus_QLSTM,-2.743692636489868,-1.9317688941955566,-1.0219860076904297
41,64,1,-1.057044267654419,STDK_plus_QConvLSTM,-2.5321438312530518,-1.5859581232070923,-0.7891005873680115
41,64,2,-0.8812401294708252,STDK,-2.5171637535095215,-2.010014772415161,-1.3280143737792969
41,64,2,-0.8812401294708252,STDK_plus_QLSTM,-2.802330255508423,-1.9861493110656738,-1.0586249828338623
41,64,2,-0.8812401294708252,STDK_plus_QConvLSTM,-2.4287912845611572,-1.5590543746948242,-0.6987050771713257
41,64,3,-1.0298854112625122,STDK,-2.5635337829589844,-2.057839870452881,-1.3717756271362305
41,64,3,-1.0298854112625122,STDK_plus_QLSTM,-2.8243274688720703,-2.009364604949951,-1.0707571506500244
41,64,3,-1.0298854112625122,STDK_plus_QConvLSTM,-2.452049493789673,-1.5746071338653564,-0.8150776028633118
41,64,4,-1.4112334251403809,STDK,-2.6262929439544678,-2.1189382076263428,-1.4304468631744385
41,64,4,-1.4112334251403809,STDK_plus_QLSTM,-2.8502695560455322,-2.039623260498047,-1.0987882614135742
41,64,4,-1.4112334251403809,STDK_plus_QConvLSTM,-2.56362247467041,-1.6930272579193115,-0.9124546051025391
41,64,5,-1.3539162874221802,STDK,-2.68629789352417,-2.1736605167388916,-1.4844927787780762
41,64,5,-1.3539162874221802,STDK_plus_QLSTM,-2.8651628494262695,-2.058422088623047,-1.1226375102996826
41,64,5,-1.3539162874221802,STDK_plus_QConvLSTM,-2.758181571960449,-1.8279736042022705,-1.0217068195343018
41,65,1,-0.3767092823982239,STDK,-1.9362713098526,-1.427865982055664,-0.7496109008789062
41,65,1,-0.3767092823982239,STDK_plus_QLSTM,-2.1067733764648438,-1.392637848854065,-0.5196382999420166
41,65,1,-0.3767092823982239,STDK_plus_QConvLSTM,-1.311042070388794,-0.6544878482818604,0.3779442310333252
41,65,2,-0.25041013956069946,STDK,-2.0279438495635986,-1.5234057903289795,-0.8383840918540955
41,65,2,-0.25041013956069946,STDK_plus_QLSTM,-2.170173168182373,-1.4564111232757568,-0.5814028978347778
41,65,2,-0.25041013956069946,STDK_plus_QConvLSTM,-1.3544727563858032,-0.6129752397537231,0.35356253385543823
41,65,3,-0.8371354341506958,STDK,-2.1105904579162598,-1.6070332527160645,-0.9168281555175781
41,65,3,-0.8371354341506958,STDK_plus_QLSTM,-2.2150957584381104,-1.5020002126693726,-0.625492513179779
41,65,3,-0.8371354341506958,STDK_plus_QConvLSTM,-1.3079694509506226,-0.6640246510505676,0.3044690489768982
41,65,4,-0.7615823745727539,STDK,-2.162736415863037,-1.6568851470947266,-0.9634414911270142
41,65,4,-0.7615823745727539,STDK_plus_QLSTM,-2.2492024898529053,-1.537527322769165,-0.6592295169830322
41,65,4,-0.7615823745727539,STDK_plus_QConvLSTM,-1.673147439956665,-0.8273117542266846,0.07900327444076538
41,65,5,-0.8447773456573486,STDK,-2.1938817501068115,-1.6824467182159424,-0.987975001335144
41,65,5,-0.8447773456573486,STDK_plus_QLSTM,-2.279587745666504,-1.5683536529541016,-0.6947450637817383
41,65,5,-0.8447773456573486,STDK_plus_QConvLSTM,-1.7535454034805298,-0.9691991806030273,-0.07440447807312012
41,66,1,0.2583237290382385,STDK,-0.9361000061035156,-0.3942515552043915,0.2889213263988495
41,66,1,0.2583237290382385,STDK_plus_QLSTM,-1.084334135055542,-0.2821730077266693,0.5971430540084839
41,66,1,0.2583237290382385,STDK_plus_QConvLSTM,-1.45461106300354,-0.5861368775367737,0.3024523854255676
41,66,2,0.3755638599395752,STDK,-1.019800066947937,-0.48149824142456055,0.20771825313568115
41,66,2,0.3755638599395752,STDK_plus_QLSTM,-1.082228660583496,-0.28153082728385925,0.5972445011138916
41,66,2,0.3755638599395752,STDK_plus_QConvLSTM,-1.2462859153747559,-0.47152653336524963,0.46190759539604187
41,66,3,0.31341761350631714,STDK,-1.054898738861084,-0.5170301198959351,0.176896870136261
41,66,3,0.31341761350631714,STDK_plus_QLSTM,-1.0802847146987915,-0.2745142877101898,0.6056991815567017
41,66,3,0.31341761350631714,STDK_plus_QConvLSTM,-1.117317795753479,-0.3268878757953644,0.5829651355743408
41,66,4,-0.22958439588546753,STDK,-1.0873585939407349,-0.5463275909423828,0.15049946308135986
41,66,4,-0.22958439588546753,STDK_plus_QLSTM,-1.0811312198638916,-0.2665894329547882,0.6161128282546997
41,66,4,-0.22958439588546753,STDK_plus_QConvLSTM,-1.075913429260254,-0.21591025590896606,0.6679142713546753
41,66,5,-0.3487333059310913,STDK,-1.088333010673523,-0.5406778454780579,0.157417893409729
41,66,5,-0.3487333059310913,STDK_plus_QLSTM,-1.0798583030700684,-0.25946512818336487,0.622016429901123
41,66,5,-0.3487333059310913,STDK_plus_QConvLSTM,-0.942408561706543,-0.07934292405843735,0.7732769250869751
41,67,1,0.5109087228775024,STDK,0.20597827434539795,0.7454964518547058,1.4619662761688232
41,67,1,0.5109087228775024,STDK_plus_QLSTM,0.10897290706634521,0.8481267690658569,1.7019717693328857
41,67,1,0.5109087228775024,STDK_plus_QConvLSTM,-0.13900035619735718,0.764701783657074,1.6420623064041138
41,67,2,0.38678282499313354,STDK,0.07458674907684326,0.6100893020629883,1.330124020576477
41,67,2,0.38678282499313354,STDK_plus_QLSTM,0.04687631130218506,0.796972930431366,1.6496284008026123
41,67,2,0.38678282499313354,STDK_plus_QConvLSTM,-0.2925669550895691,0.6449140310287476,1.4877121448516846
41,67,3,0.35800057649612427,STDK,-0.020194172859191895,0.5147112011909485,1.2380621433258057
41,67,3,0.35800057649612427,STDK_plus_QLSTM,-0.016219019889831543,0.7383489012718201,1.5913100242614746
41,67,3,0.35800057649612427,STDK_plus_QConvLSTM,-0.0701441764831543,0.8356634974479675,1.7636089324951172
41,67,4,0.12585559487342834,STDK,-0.05209970474243164,0.4861549139022827,1.2116997241973877
41,67,4,0.12585559487342834,STDK_plus_QLSTM,-0.08130151033401489,0.6738524436950684,1.5284221172332764
41,67,4,0.12585559487342834,STDK_plus_QConvLSTM,-0.04077589511871338,0.8731736540794373,1.6914100646972656
41,67,5,0.8302847146987915,STDK,-0.07291316986083984,0.4725056290626526,1.1986942291259766
41,67,5,0.8302847146987915,STDK_plus_QLSTM,-0.14436453580856323,0.6107794046401978,1.467687726020813
41,67,5,0.8302847146987915,STDK_plus_QConvLSTM,-0.09170228242874146,0.7722528576850891,1.6630353927612305
41,68,1,0.19490273296833038,STDK,-0.3508080840110779,0.2137165665626526,0.9504638910293579
41,68,1,0.19490273296833038,STDK_plus_QLSTM,-0.570503830909729,0.22457662224769592,1.107103943824768
41,68,1,0.19490273296833038,STDK_plus_QConvLSTM,-0.7403256893157959,0.16165472567081451,1.0687848329544067
41,68,2,0.4298558235168457,STDK,-0.3827289342880249,0.1772409826517105,0.9172572493553162
41,68,2,0.4298558235168457,STDK_plus_QLSTM,-0.5369939804077148,0.25638023018836975,1.1318339109420776
41,68,2,0.4298558235168457,STDK_plus_QConvLSTM,-0.9580592513084412,-0.10913212597370148,0.8342633247375488
41,68,3,-0.15054039657115936,STDK,-0.42272573709487915,0.13613849878311157,0.8787039518356323
41,68,3,-0.15054039657115936,STDK_plus_QLSTM,-0.5089350938796997,0.2828361690044403,1.1547213792800903
41,68,3,-0.15054039657115936,STDK_plus_QConvLSTM,-0.8802149295806885,-0.09041979163885117,0.7550275325775146
41,68,4,-0.6392304301261902,STDK,-0.4698968529701233,0.0917094498872757,0.8361194729804993
41,68,4,-0.6392304301261902,STDK_plus_QLSTM,-0.4860956370830536,0.3055191934108734,1.1774381399154663
41,68,4,-0.6392304301261902,STDK_plus_QConvLSTM,-0.9019025564193726,-0.024234695360064507,0.8252864480018616
41,68,5,-0.12309630215167999,STDK,-0.5194488763809204,0.04856488108634949,0.7940177917480469
41,68,5,-0.12309630215167999,STDK_plus_QLSTM,-0.46652159094810486,0.3254925310611725,1.1983222961425781
41,68,5,-0.12309630215167999,STDK_plus_QConvLSTM,-0.8263214826583862,0.03685817867517471,0.9343669414520264
41,69,1,-0.7242932915687561,STDK,-0.23444446921348572,0.3499273955821991,1.0870933532714844
41,69,1,-0.7242932915687561,STDK_plus_QLSTM,-0.37292468547821045,0.38500332832336426,1.344303846359253
41,69,1,-0.7242932915687561,STDK_plus_QConvLSTM,-1.1824369430541992,-0.2985188961029053,0.5124791264533997
41,69,2,0.21747983992099762,STDK,-0.2747516632080078,0.3047584295272827,1.0454742908477783
41,69,2,0.21747983992099762,STDK_plus_QLSTM,-0.38836151361465454,0.37665897607803345,1.3586620092391968
41,69,2,0.21747983992099762,STDK_plus_QConvLSTM,-1.1409060955047607,-0.3475976586341858,0.43468910455703735
41,69,3,-0.5506663918495178,STDK,-0.3063128590583801,0.27162134647369385,1.0147994756698608
41,69,3,-0.5506663918495178,STDK_plus_QLSTM,-0.4404597878456116,0.3304104804992676,1.323123574256897
41,69,3,-0.5506663918495178,STDK_plus_QConvLSTM,-1.0835851430892944,-0.29659923911094666,0.5543394088745117
41,69,4,-1.019606351852417,STDK,-0.3313941955566406,0.24860835075378418,0.993526816368103
41,69,4,-1.019606351852417,STDK_plus_QLSTM,-0.5094306468963623,0.263302206993103,1.2554075717926025
41,69,4,-1.019606351852417,STDK_plus_QConvLSTM,-1.1358859539031982,-0.36142921447753906,0.4825625419616699
41,69,5,-0.4933592975139618,STDK,-0.3472745418548584,0.23825860023498535,0.9841586947441101
41,69,5,-0.4933592975139618,STDK_plus_QLSTM,-0.591678261756897,0.18109725415706635,1.1712664365768433
41,69,5,-0.4933592975139618,STDK_plus_QConvLSTM,-1.2421417236328125,-0.4391043186187744,0.39209479093551636
41,70,1,-1.3282452821731567,STDK,-2.352888822555542,-1.7518234252929688,-1.0665507316589355
41,70,1,-1.3282452821731567,STDK_plus_QLSTM,-2.5834453105926514,-1.7439143657684326,-0.8785063624382019
41,70,1,-1.3282452821731567,STDK_plus_QConvLSTM,-2.904433250427246,-2.112169027328491,-1.1442244052886963
41,70,2,-1.9321331977844238,STDK,-2.322878837585449,-1.724228858947754,-1.0374174118041992
41,70,2,-1.9321331977844238,STDK_plus_QLSTM,-2.5870444774627686,-1.7210826873779297,-0.8495256304740906
41,70,2,-1.9321331977844238,STDK_plus_QConvLSTM,-2.863297462463379,-1.9520658254623413,-1.1245722770690918
41,70,3,-1.1873314380645752,STDK,-2.3091421127319336,-1.7105259895324707,-1.0220203399658203
41,70,3,-1.1873314380645752,STDK_plus_QLSTM,-2.577659845352173,-1.7122039794921875,-0.8400063514709473
41,70,3,-1.1873314380645752,STDK_plus_QConvLSTM,-2.762547016143799,-1.806467056274414,-0.97445148229599
41,70,4,-1.495349407196045,STDK,-2.33233904838562,-1.730942726135254,-1.0407568216323853
41,70,4,-1.495349407196045,STDK_plus_QLSTM,-2.5693116188049316,-1.7106473445892334,-0.8397976756095886
41,70,4,-1.495349407196045,STDK_plus_QConvLSTM,-2.7462732791900635,-1.8261725902557373,-0.991328239440918
41,70,5,-1.8193793296813965,STDK,-2.359457492828369,-1.7525246143341064,-1.0613446235656738
41,70,5,-1.8193793296813965,STDK_plus_QLSTM,-2.5711729526519775,-1.7167772054672241,-0.8483620882034302
41,70,5,-1.8193793296813965,STDK_plus_QConvLSTM,-2.7294113636016846,-1.8286162614822388,-0.949653148651123
41,71,1,-0.45768725872039795,STDK,-1.9229387044906616,-1.339329719543457,-0.5993677973747253
41,71,1,-0.45768725872039795,STDK_plus_QLSTM,-2.0219175815582275,-1.2167580127716064,-0.36996304988861084
41,71,1,-0.45768725872039795,STDK_plus_QConvLSTM,-2.6026625633239746,-1.7644314765930176,-0.7967976331710815
41,71,2,-1.0775021314620972,STDK,-2.0806212425231934,-1.4995334148406982,-0.7570145726203918
41,71,2,-1.0775021314620972,STDK_plus_QLSTM,-2.0341382026672363,-1.224021315574646,-0.3756389617919922
41,71,2,-1.0775021314620972,STDK_plus_QConvLSTM,-2.667556047439575,-1.7881807088851929,-0.8767365217208862
41,71,3,-0.8964493870735168,STDK,-2.2002506256103516,-1.6197645664215088,-0.8748335242271423
41,71,3,-0.8964493870735168,STDK_plus_QLSTM,-2.0387353897094727,-1.2291196584701538,-0.3798658847808838
41,71,3,-0.8964493870735168,STDK_plus_QConvLSTM,-2.6450319290161133,-1.739365577697754,-0.8882061839103699
41,71,4,-0.8002914190292358,STDK,-2.288933277130127,-1.7064850330352783,-0.959750771522522
41,71,4,-0.8002914190292358,STDK_plus_QLSTM,-2.0349068641662598,-1.2267616987228394,-0.3770386576652527
41,71,4,-0.8002914190292358,STDK_plus_QConvLSTM,-2.5894956588745117,-1.7310436964035034,-0.8018366098403931
41,71,5,-0.9913873672485352,STDK,-2.31514310836792,-1.7278242111206055,-0.9802175760269165
41,71,5,-0.9913873672485352,STDK_plus_QLSTM,-2.0284202098846436,-1.2218035459518433,-0.3716769218444824
41,71,5,-0.9913873672485352,STDK_plus_QConvLSTM,-2.6151182651519775,-1.681188941001892,-0.7380477786064148
41,72,1,0.7109476923942566,STDK,-0.6976208686828613,-0.15775306522846222,0.6057724356651306
41,72,1,0.7109476923942566,STDK_plus_QLSTM,-0.9311739206314087,-0.1463737040758133,0.7407020330429077
41,72,1,0.7109476923942566,STDK_plus_QConvLSTM,-1.2057838439941406,-0.2714725434780121,0.9513169527053833
41,72,2,0.0028388425707817078,STDK,-0.7392146587371826,-0.20466327667236328,0.5594372749328613
41,72,2,0.0028388425707817078,STDK_plus_QLSTM,-0.9351826906204224,-0.1470821648836136,0.744716227054596
41,72,2,0.0028388425707817078,STDK_plus_QConvLSTM,-1.1463004350662231,-0.2949467599391937,0.8790850639343262
41,72,3,-0.15442439913749695,STDK,-0.7543380856513977,-0.221770241856575,0.5425471663475037
41,72,3,-0.15442439913749695,STDK_plus_QLSTM,-0.9286238551139832,-0.1384417563676834,0.7593309283256531
41,72,3,-0.15442439913749695,STDK_plus_QConvLSTM,-1.2767812013626099,-0.3434598445892334,0.7269439697265625
41,72,4,-0.3166213929653168,STDK,-0.7576019763946533,-0.2231455147266388,0.5413801670074463
41,72,4,-0.3166213929653168,STDK_plus_QLSTM,-0.9175882935523987,-0.12536151707172394,0.7758147716522217
41,72,4,-0.3166213929653168,STDK_plus_QConvLSTM,-1.112938404083252,-0.2665407061576843,0.8067577481269836
41,72,5,-0.1027023047208786,STDK,-0.757767915725708,-0.21767489612102509,0.5470021963119507
41,72,5,-0.1027023047208786,STDK_plus_QLSTM,-0.9039173126220703,-0.11037494242191315,0.7905295491218567
41,72,5,-0.1027023047208786,STDK_plus_QConvLSTM,-1.051268458366394,-0.20601102709770203,0.9219967126846313
41,73,1,0.08443373441696167,STDK,-0.7392297983169556,-0.1962762176990509,0.548133134841919
41,73,1,0.08443373441696167,STDK_plus_QLSTM,-0.9789572954177856,-0.269819438457489,0.6235156655311584
41,73,1,0.08443373441696167,STDK_plus_QConvLSTM,-1.2712149620056152,-0.5251535177230835,0.4496726393699646
41,73,2,-0.46044015884399414,STDK,-0.7290394306182861,-0.19076287746429443,0.5579591393470764
41,73,2,-0.46044015884399414,STDK_plus_QLSTM,-1.0351450443267822,-0.32281261682510376,0.5787476301193237
41,73,2,-0.46044015884399414,STDK_plus_QConvLSTM,-1.3494186401367188,-0.573005735874176,0.2721828818321228
41,73,3,0.422105610370636,STDK,-0.7165625691413879,-0.17992854118347168,0.5723658800125122
41,73,3,0.422105610370636,STDK_plus_QLSTM,-1.0937559604644775,-0.3767935633659363,0.5267871618270874
41,73,3,0.422105610370636,STDK_plus_QConvLSTM,-1.2463722229003906,-0.4999180734157562,0.4000372588634491
41,73,4,-0.2271794080734253,STDK,-0.709455132484436,-0.17083856463432312,0.5839987993240356
41,73,4,-0.2271794080734253,STDK_plus_QLSTM,-1.1570963859558105,-0.43334949016571045,0.4691222310066223
41,73,4,-0.2271794080734253,STDK_plus_QConvLSTM,-1.0589678287506104,-0.36339902877807617,0.5256927013397217
41,73,5,-0.05233930051326752,STDK,-0.6967222690582275,-0.15267114341259003,0.6039627194404602
41,73,5,-0.05233930051326752,STDK_plus_QLSTM,-1.2237281799316406,-0.492639422416687,0.4032427668571472
41,73,5,-0.05233930051326752,STDK_plus_QConvLSTM,-1.1096466779708862,-0.41045647859573364,0.5133587718009949
41,74,1,1.2077797651290894,STDK,1.0918407440185547,1.612229585647583,2.351795196533203
41,74,1,1.2077797651290894,STDK_plus_QLSTM,0.9181111454963684,1.6329026222229004,2.490032196044922
41,74,1,1.2077797651290894,STDK_plus_QConvLSTM,0.3920944929122925,1.1699798107147217,2.1426758766174316
41,74,2,1.6562209129333496,STDK,1.046820044517517,1.5627923011779785,2.3074631690979004
41,74,2,1.6562209129333496,STDK_plus_QLSTM,0.8879997730255127,1.6039364337921143,2.4559695720672607
41,74,2,1.6562209129333496,STDK_plus_QConvLSTM,0.3537719249725342,1.0878360271453857,2.0549476146698
41,74,3,1.241661548614502,STDK,0.9985828995704651,1.5131022930145264,2.2614219188690186
41,74,3,1.241661548614502,STDK_plus_QLSTM,0.8429964184761047,1.5559207201004028,2.4045302867889404
41,74,3,1.241661548614502,STDK_plus_QConvLSTM,0.230118989944458,0.9985635280609131,1.9680109024047852
41,74,4,1.7958366870880127,STDK,0.9590669870376587,1.4754197597503662,2.2267096042633057
41,74,4,1.7958366870880127,STDK_plus_QLSTM,0.7831041812896729,1.491417407989502,2.3388991355895996
41,74,4,1.7958366870880127,STDK_plus_QConvLSTM,0.3456466794013977,1.1107832193374634,2.086942195892334
41,74,5,1.458777666091919,STDK,0.9416049122810364,1.4632177352905273,2.216884136199951
41,74,5,1.458777666091919,STDK_plus_QLSTM,0.7086300849914551,1.4133658409118652,2.2611351013183594
41,74,5,1.458777666091919,STDK_plus_QConvLSTM,0.3672242760658264,1.1138534545898438,2.0936837196350098
41,75,1,1.1122057437896729,STDK,-0.18887051939964294,0.2766744792461395,0.9965752363204956
41,75,1,1.1122057437896729,STDK_plus_QLSTM,-0.3939622640609741,0.297562837600708,1.192802906036377
41,75,1,1.1122057437896729,STDK_plus_QConvLSTM,-0.3047879934310913,0.473020076751709,1.1335316896438599
41,75,2,1.0006338357925415,STDK,-0.23428940773010254,0.22754722833633423,0.9526724815368652
41,75,2,1.0006338357925415,STDK_plus_QLSTM,-0.44763684272766113,0.22892330586910248,1.1329960823059082
41,75,2,1.0006338357925415,STDK_plus_QConvLSTM,-0.3054794669151306,0.4998769164085388,1.2361788749694824
41,75,3,1.3584206104278564,STDK,-0.23322415351867676,0.22791707515716553,0.9565967321395874
41,75,3,1.3584206104278564,STDK_plus_QLSTM,-0.49441295862197876,0.17409811913967133,1.0866857767105103
41,75,3,1.3584206104278564,STDK_plus_QConvLSTM,-0.022316396236419678,0.7278620004653931,1.3195381164550781
41,75,4,0.41798460483551025,STDK,-0.19860988855361938,0.26522350311279297,0.9961106181144714
41,75,4,0.41798460483551025,STDK_plus_QLSTM,-0.5322332978248596,0.13842956721782684,1.0586278438568115
41,75,4,0.41798460483551025,STDK_plus_QConvLSTM,0.17251884937286377,0.9005069136619568,1.3306132555007935
41,75,5,0.41645070910453796,STDK,-0.1452837884426117,0.32458290457725525,1.0563414096832275
41,75,5,0.41645070910453796,STDK_plus_QLSTM,-0.5639979839324951,0.11924372613430023,1.0433111190795898
41,75,5,0.41645070910453796,STDK_plus_QConvLSTM,0.1531529426574707,0.9163699746131897,1.4782822132110596
41,76,1,0.568196713924408,STDK,-0.2122124433517456,0.26264578104019165,0.9602991938591003
41,76,1,0.568196713924408,STDK_plus_QLSTM,-0.35639187693595886,0.37569597363471985,1.2786251306533813
41,76,1,0.568196713924408,STDK_plus_QConvLSTM,-0.09183508157730103,0.818622887134552,1.6795904636383057
41,76,2,0.5456148386001587,STDK,-0.3586629033088684,0.1124507337808609,0.8156754374504089
41,76,2,0.5456148386001587,STDK_plus_QLSTM,-0.4140387773513794,0.3145081400871277,1.221799373626709
41,76,2,0.5456148386001587,STDK_plus_QConvLSTM,0.043065011501312256,0.931402862071991,1.8004519939422607
41,76,3,0.1757006049156189,STDK,-0.4708920121192932,-0.00036616623401641846,0.7066304087638855
41,76,3,0.1757006049156189,STDK_plus_QLSTM,-0.4556383788585663,0.2683481276035309,1.1786168813705444
41,76,3,0.1757006049156189,STDK_plus_QConvLSTM,0.19437164068222046,1.0944725275039673,1.9386547803878784
41,76,4,-0.010356403887271881,STDK,-0.4829239547252655,-0.00960969552397728,0.6998561024665833
41,76,4,-0.010356403887271881,STDK_plus_QLSTM,-0.48770871758461,0.23359414935112,1.1473897695541382
41,76,4,-0.010356403887271881,STDK_plus_QConvLSTM,0.3053985834121704,1.1963876485824585,2.082911968231201
41,76,5,0.38234370946884155,STDK,-0.4095742702484131,0.06969553232192993,0.7803480625152588
41,76,5,0.38234370946884155,STDK_plus_QLSTM,-0.5133978128433228,0.20682838559150696,1.1222270727157593
41,76,5,0.38234370946884155,STDK_plus_QConvLSTM,0.15536707639694214,1.1005122661590576,1.9334380626678467
41,77,1,-0.38590627908706665,STDK,-1.4200547933578491,-0.9243661165237427,-0.24398452043533325
41,77,1,-0.38590627908706665,STDK_plus_QLSTM,-1.6026737689971924,-0.8458080887794495,0.08244937658309937
41,77,1,-0.38590627908706665,STDK_plus_QConvLSTM,-0.7054774761199951,0.11400952935218811,1.0886279344558716
41,77,2,-0.2606891393661499,STDK,-1.559363842010498,-1.0674278736114502,-0.38326776027679443
41,77,2,-0.2606891393661499,STDK_plus_QLSTM,-1.6880594491958618,-0.9340261220932007,-0.007923364639282227
41,77,2,-0.2606891393661499,STDK_plus_QConvLSTM,-0.8395304679870605,-0.07037927210330963,0.8728704452514648
41,77,3,-0.30912238359451294,STDK,-1.6589932441711426,-1.167771816253662,-0.4809698462486267
41,77,3,-0.30912238359451294,STDK_plus_QLSTM,-1.745201826095581,-0.9950665831565857,-0.07876253128051758
41,77,3,-0.30912238359451294,STDK_plus_QConvLSTM,-1.0602266788482666,-0.24795623123645782,0.7329444885253906
41,77,4,-0.1970553994178772,STDK,-1.7026126384735107,-1.2085182666778564,-0.5197404623031616
41,77,4,-0.1970553994178772,STDK_plus_QLSTM,-1.7779988050460815,-1.0325090885162354,-0.1300070881843567
41,77,4,-0.1970553994178772,STDK_plus_QConvLSTM,-1.2268648147583008,-0.2900487184524536,0.6521985530853271
41,77,5,0.39194270968437195,STDK,-1.6953496932983398,-1.1948111057281494,-0.504571259021759
41,77,5,0.39194270968437195,STDK_plus_QLSTM,-1.7948286533355713,-1.0522866249084473,-0.15712153911590576
41,77,5,0.39194270968437195,STDK_plus_QConvLSTM,-1.3915929794311523,-0.4744587242603302,0.4503961503505707
41,78,1,0.2014627307653427,STDK,-0.030496299266815186,0.5342130661010742,1.2415283918380737
41,78,1,0.2014627307653427,STDK_plus_QLSTM,-0.26771873235702515,0.537548840045929,1.4456520080566406
41,78,1,0.2014627307653427,STDK_plus_QConvLSTM,-0.2302449345588684,0.7095009684562683,1.5789568424224854
41,78,2,0.34368085861206055,STDK,-0.04578191041946411,0.51429283618927,1.2260241508483887
41,78,2,0.34368085861206055,STDK_plus_QLSTM,-0.2995709776878357,0.5017702579498291,1.4115581512451172
41,78,2,0.34368085861206055,STDK_plus_QConvLSTM,-0.2338266372680664,0.6575844287872314,1.661242127418518
41,78,3,0.30076462030410767,STDK,-0.06882119178771973,0.4899511933326721,1.2044891119003296
41,78,3,0.30076462030410767,STDK_plus_QLSTM,-0.342028945684433,0.46050766110420227,1.3685319423675537
41,78,3,0.30076462030410767,STDK_plus_QConvLSTM,-0.2422965168952942,0.634544849395752,1.5584454536437988
41,78,4,-0.40954238176345825,STDK,-0.11923643946647644,0.44237300753593445,1.158502459526062
41,78,4,-0.40954238176345825,STDK_plus_QLSTM,-0.391846626996994,0.4160434305667877,1.3181591033935547
41,78,4,-0.40954238176345825,STDK_plus_QConvLSTM,-0.4541228413581848,0.539395272731781,1.5117219686508179
41,78,5,-0.0811913013458252,STDK,-0.1114315390586853,0.456737756729126,1.1732878684997559
41,78,5,-0.0811913013458252,STDK_plus_QLSTM,-0.4471205770969391,0.37080004811286926,1.267656683921814
41,78,5,-0.0811913013458252,STDK_plus_QConvLSTM,-0.45529401302337646,0.5245066285133362,1.4648253917694092
41,79,1,-0.5461152791976929,STDK,-1.0108630657196045,-0.47394347190856934,0.17883765697479248
41,79,1,-0.5461152791976929,STDK_plus_QLSTM,-1.2665648460388184,-0.4925351142883301,0.4669554829597473
41,79,1,-0.5461152791976929,STDK_plus_QConvLSTM,-1.2685306072235107,-0.4565945565700531,0.2784130871295929
41,79,2,-0.43063414096832275,STDK,-1.0363199710845947,-0.5039175748825073,0.15484797954559326
41,79,2,-0.43063414096832275,STDK_plus_QLSTM,-1.295654058456421,-0.5269545912742615,0.4399837851524353
41,79,2,-0.43063414096832275,STDK_plus_QConvLSTM,-1.3016191720962524,-0.5747107863426208,0.22694915533065796
41,79,3,-0.8033344149589539,STDK,-1.1367650032043457,-0.6055972576141357,0.05743896961212158
41,79,3,-0.8033344149589539,STDK_plus_QLSTM,-1.3367997407913208,-0.5726780891418457,0.39212846755981445
41,79,3,-0.8033344149589539,STDK_plus_QConvLSTM,-1.336684226989746,-0.5414983630180359,0.17838889360427856
41,79,4,-1.705094337463379,STDK,-1.2484314441680908,-0.7146952748298645,-0.049309372901916504
41,79,4,-1.705094337463379,STDK_plus_QLSTM,-1.38706374168396,-0.6255682110786438,0.3328263759613037
41,79,4,-1.705094337463379,STDK_plus_QConvLSTM,-1.441575288772583,-0.607926607131958,0.01599663496017456
41,79,5,-0.19114530086517334,STDK,-1.3656996488571167,-0.8257325291633606,-0.1598738431930542
41,79,5,-0.19114530086517334,STDK_plus_QLSTM,-1.4452338218688965,-0.6822690963745117,0.2686387896537781
41,79,5,-0.19114530086517334,STDK_plus_QConvLSTM,-1.595583200454712,-0.8035343885421753,-0.09470576047897339
41,80,1,-2.3645071983337402,STDK,-2.3042092323303223,-1.758331537246704,-1.0961734056472778
41,80,1,-2.3645071983337402,STDK_plus_QLSTM,-2.656233787536621,-1.7708098888397217,-0.9296996593475342
41,80,1,-2.3645071983337402,STDK_plus_QConvLSTM,-2.476424217224121,-1.569564938545227,-0.512586236000061
41,80,2,-2.7112462520599365,STDK,-2.35622501373291,-1.813450574874878,-1.1487482786178589
41,80,2,-2.7112462520599365,STDK_plus_QLSTM,-2.7352888584136963,-1.8341869115829468,-0.993191659450531
41,80,2,-2.7112462520599365,STDK_plus_QConvLSTM,-2.4129891395568848,-1.4460238218307495,-0.4406168460845947
41,80,3,-2.4770894050598145,STDK,-2.405988931655884,-1.8638134002685547,-1.1965457201004028
41,80,3,-2.4770894050598145,STDK_plus_QLSTM,-2.7774667739868164,-1.8832805156707764,-1.048335075378418
41,80,3,-2.4770894050598145,STDK_plus_QConvLSTM,-2.366953134536743,-1.4054152965545654,-0.4464164972305298
41,80,4,-2.545055389404297,STDK,-2.4475951194763184,-1.9028441905975342,-1.2332370281219482
41,80,4,-2.545055389404297,STDK_plus_QLSTM,-2.8042984008789062,-1.9204071760177612,-1.0911221504211426
41,80,4,-2.545055389404297,STDK_plus_QConvLSTM,-2.3008880615234375,-1.356849193572998,-0.38508135080337524
41,80,5,-2.253962278366089,STDK,-2.466978073120117,-1.9165847301483154,-1.2453012466430664
41,80,5,-2.253962278366089,STDK_plus_QLSTM,-2.8187365531921387,-1.946938395500183,-1.1233618259429932
41,80,5,-2.253962278366089,STDK_plus_QConvLSTM,-2.276965379714966,-1.3936773538589478,-0.3402949571609497
41,81,1,-1.5406842231750488,STDK,-2.358654737472534,-1.798119068145752,-1.1060779094696045
41,81,1,-1.5406842231750488,STDK_plus_QLSTM,-2.6218225955963135,-1.731346845626831,-0.9533914923667908
41,81,1,-1.5406842231750488,STDK_plus_QConvLSTM,-2.93232798576355,-1.952631950378418,-1.125373125076294
41,81,2,-1.8612651824951172,STDK,-2.3106436729431152,-1.7526562213897705,-1.058215856552124
41,81,2,-1.8612651824951172,STDK_plus_QLSTM,-2.5714569091796875,-1.6720679998397827,-0.8857783079147339
41,81,2,-1.8612651824951172,STDK_plus_QConvLSTM,-2.9305224418640137,-1.9302104711532593,-1.0571904182434082
41,81,3,-1.4628933668136597,STDK,-2.2757441997528076,-1.717834711074829,-1.0207507610321045
41,81,3,-1.4628933668136597,STDK_plus_QLSTM,-2.5163562297821045,-1.6160918474197388,-0.8219016790390015
41,81,3,-1.4628933668136597,STDK_plus_QConvLSTM,-2.904609203338623,-1.9564530849456787,-1.0205509662628174
41,81,4,-1.797358512878418,STDK,-2.262014389038086,-1.7014296054840088,-1.0020482540130615
41,81,4,-1.797358512878418,STDK_plus_QLSTM,-2.4609079360961914,-1.5632084608078003,-0.762245237827301
41,81,4,-1.797358512878418,STDK_plus_QConvLSTM,-2.8308160305023193,-1.8498095273971558,-1.0378332138061523
41,81,5,-2.2498912811279297,STDK,-2.2540621757507324,-1.6883745193481445,-0.9871872067451477
41,81,5,-2.2498912811279297,STDK_plus_QLSTM,-2.406338691711426,-1.5116690397262573,-0.7059322595596313
41,81,5,-2.2498912811279297,STDK_plus_QConvLSTM,-2.757902145385742,-1.8159010410308838,-0.8665157556533813
41,82,1,-0.20811526477336884,STDK,-0.6389727592468262,-0.12767615914344788,0.6176896095275879
41,82,1,-0.20811526477336884,STDK_plus_QLSTM,-0.8898966312408447,-0.11851351708173752,0.6970735192298889
41,82,1,-0.20811526477336884,STDK_plus_QConvLSTM,-1.0146528482437134,-0.1532738208770752,0.7212414145469666
41,82,2,-0.6631301641464233,STDK,-0.5918066501617432,-0.0844498723745346,0.6637201905250549
41,82,2,-0.6631301641464233,STDK_plus_QLSTM,-0.802156388759613,-0.03471105545759201,0.7938967943191528
41,82,2,-0.6631301641464233,STDK_plus_QConvLSTM,-0.9311490654945374,-0.11714915931224823,0.7499858736991882
41,82,3,0.17451760172843933,STDK,-0.5551499128341675,-0.048770271241664886,0.7012532353401184
41,82,3,0.17451760172843933,STDK_plus_QLSTM,-0.712648868560791,0.053618378937244415,0.8952319025993347
41,82,3,0.17451760172843933,STDK_plus_QConvLSTM,-0.7661473751068115,-0.040800850838422775,0.9142770171165466
41,82,4,-0.5294983983039856,STDK,-0.5231795907020569,-0.014389034360647202,0.7368160486221313
41,82,4,-0.5294983983039856,STDK_plus_QLSTM,-0.6223759651184082,0.14491665363311768,0.9996147751808167
41,82,4,-0.5294983983039856,STDK_plus_QConvLSTM,-0.5979052782058716,0.09427139163017273,1.0362576246261597
41,82,5,0.06872369349002838,STDK,-0.5035279393196106,0.011057961732149124,0.762941300868988
41,82,5,0.06872369349002838,STDK_plus_QLSTM,-0.531966507434845,0.23615741729736328,1.1039402484893799
41,82,5,0.06872369349002838,STDK_plus_QConvLSTM,-0.5395784378051758,0.1283281147480011,1.074317455291748
41,83,1,0.08627372980117798,STDK,-1.335033655166626,-0.7679376602172852,-0.02136695384979248
41,83,1,0.08627372980117798,STDK_plus_QLSTM,-1.5421302318572998,-0.8122109174728394,0.08086448907852173
41,83,1,0.08627372980117798,STDK_plus_QConvLSTM,-1.4538946151733398,-0.5451040863990784,0.5246737599372864
41,83,2,-0.3668941855430603,STDK,-1.3185310363769531,-0.7554730772972107,-0.005830109119415283
41,83,2,-0.3668941855430603,STDK_plus_QLSTM,-1.5804113149642944,-0.8472336530685425,0.047450244426727295
41,83,2,-0.3668941855430603,STDK_plus_QConvLSTM,-1.4049673080444336,-0.5828447341918945,0.37978416681289673
41,83,3,-0.3246253728866577,STDK,-1.3495397567749023,-0.7872470617294312,-0.034855663776397705
41,83,3,-0.3246253728866577,STDK_plus_QLSTM,-1.6263694763183594,-0.8914816975593567,0.0036382079124450684
41,83,3,-0.3246253728866577,STDK_plus_QConvLSTM,-1.3544052839279175,-0.576842725276947,0.4275135397911072
41,83,4,-0.9933163523674011,STDK,-1.3534667491912842,-0.7885563969612122,-0.034543633460998535
41,83,4,-0.9933163523674011,STDK_plus_QLSTM,-1.6783113479614258,-0.9427018761634827,-0.047664523124694824
41,83,4,-0.9933163523674011,STDK_plus_QConvLSTM,-1.4354995489120483,-0.5318694710731506,0.44637537002563477
41,83,5,-0.7626763582229614,STDK,-1.3621017932891846,-0.7908963561058044,-0.0361250638961792
41,83,5,-0.7626763582229614,STDK_plus_QLSTM,-1.734724998474121,-0.9981251358985901,-0.1040545105934143
41,83,5,-0.7626763582229614,STDK_plus_QConvLSTM,-1.5241307020187378,-0.8363617658615112,0.24172770977020264
41,84,1,-1.039109230041504,STDK,-1.4895291328430176,-0.8936808109283447,-0.17306721210479736
41,84,1,-1.039109230041504,STDK_plus_QLSTM,-1.7374608516693115,-0.9281830787658691,-0.032644689083099365
41,84,1,-1.039109230041504,STDK_plus_QConvLSTM,-1.6020727157592773,-0.7797136306762695,-0.06906169652938843
41,84,2,-1.210815191268921,STDK,-1.4866719245910645,-0.8939632773399353,-0.16854113340377808
41,84,2,-1.210815191268921,STDK_plus_QLSTM,-1.7582231760025024,-0.9471827149391174,-0.05453646183013916
41,84,2,-1.210815191268921,STDK_plus_QConvLSTM,-1.6120333671569824,-0.7623119354248047,-0.0690658688545227
41,84,3,-0.7046223878860474,STDK,-1.4866950511932373,-0.8943246006965637,-0.16555076837539673
41,84,3,-0.7046223878860474,STDK_plus_QLSTM,-1.7626314163208008,-0.9510369300842285,-0.06659102439880371
41,84,3,-0.7046223878860474,STDK_plus_QConvLSTM,-1.5849583148956299,-0.8154909610748291,-0.1779118776321411
41,84,4,-0.9630463719367981,STDK,-1.4992625713348389,-0.9042153358459473,-0.17334359884262085
41,84,4,-0.9630463719367981,STDK_plus_QLSTM,-1.754253625869751,-0.9432801604270935,-0.06374210119247437
41,84,4,-0.9630463719367981,STDK_plus_QConvLSTM,-1.6941667795181274,-0.8601469993591309,-0.2549418807029724
41,84,5,-0.560454249382019,STDK,-1.500626564025879,-0.8999178409576416,-0.16840732097625732
41,84,5,-0.560454249382019,STDK_plus_QLSTM,-1.7394165992736816,-0.9287912249565125,-0.04623067378997803
41,84,5,-0.560454249382019,STDK_plus_QConvLSTM,-1.7277402877807617,-0.872119665145874,-0.264981746673584
41,85,1,-0.19216327369213104,STDK,-1.2532970905303955,-0.6872050762176514,0.05145496129989624
41,85,1,-0.19216327369213104,STDK_plus_QLSTM,-1.4933276176452637,-0.7712898254394531,0.12153226137161255
41,85,1,-0.19216327369213104,STDK_plus_QConvLSTM,-0.6342697739601135,0.06454665958881378,0.9553804993629456
41,85,2,-0.1286301612854004,STDK,-1.2604141235351562,-0.6981132626533508,0.04323822259902954
41,85,2,-0.1286301612854004,STDK_plus_QLSTM,-1.6170841455459595,-0.885740339756012,0.0053043365478515625
41,85,2,-0.1286301612854004,STDK_plus_QConvLSTM,-0.4976423382759094,0.1469138115644455,0.9464873671531677
41,85,3,0.1615425944328308,STDK,-1.277925968170166,-0.7168923020362854,0.02680879831314087
41,85,3,0.1615425944328308,STDK_plus_QLSTM,-1.7169198989868164,-0.9671599268913269,-0.07892900705337524
41,85,3,0.1615425944328308,STDK_plus_QConvLSTM,-0.6119064092636108,0.010497618466615677,0.8716915845870972
41,85,4,0.41077759861946106,STDK,-1.292766809463501,-0.7298312187194824,0.015738070011138916
41,85,4,0.41077759861946106,STDK_plus_QLSTM,-1.7808561325073242,-1.0105305910110474,-0.12470501661300659
41,85,4,0.41077759861946106,STDK_plus_QConvLSTM,-0.6190623641014099,-0.004448670893907547,0.8200220465660095
41,85,5,0.5543386936187744,STDK,-1.3048179149627686,-0.7367556691169739,0.009920716285705566
41,85,5,0.5543386936187744,STDK_plus_QLSTM,-1.8036389350891113,-1.0340641736984253,-0.14991313219070435
41,85,5,0.5543386936187744,STDK_plus_QConvLSTM,-0.896411657333374,-0.10200189054012299,0.7114541530609131
41,86,1,-0.9773922562599182,STDK,-2.073423385620117,-1.6009619235992432,-0.9251967072486877
41,86,1,-0.9773922562599182,STDK_plus_QLSTM,-2.2629733085632324,-1.5367507934570312,-0.6236730217933655
41,86,1,-0.9773922562599182,STDK_plus_QConvLSTM,-1.4045984745025635,-0.6351893544197083,0.1166696548461914
41,86,2,-0.8879011273384094,STDK,-2.2065539360046387,-1.737755298614502,-1.0566260814666748
41,86,2,-0.8879011273384094,STDK_plus_QLSTM,-2.3358302116394043,-1.6165779829025269,-0.6926277279853821
41,86,2,-0.8879011273384094,STDK_plus_QConvLSTM,-1.3787117004394531,-0.5938916802406311,0.21311044692993164
41,86,3,-0.9942224025726318,STDK,-2.3044700622558594,-1.8363230228424072,-1.1516259908676147
41,86,3,-0.9942224025726318,STDK_plus_QLSTM,-2.394501209259033,-1.6799627542495728,-0.7500367760658264
41,86,3,-0.9942224025726318,STDK_plus_QConvLSTM,-1.3354251384735107,-0.5754170417785645,0.253804087638855
41,86,4,-1.671905517578125,STDK,-2.3756656646728516,-1.9047932624816895,-1.2177438735961914
41,86,4,-1.671905517578125,STDK_plus_QLSTM,-2.4419467449188232,-1.7293561697006226,-0.8006332516670227
41,86,4,-1.671905517578125,STDK_plus_QConvLSTM,-1.4420305490493774,-0.6252264976501465,0.2590702772140503
41,86,5,-1.4700373411178589,STDK,-2.4019408226013184,-1.9251794815063477,-1.2370531558990479
41,86,5,-1.4700373411178589,STDK_plus_QLSTM,-2.4826345443725586,-1.7689186334609985,-0.841437816619873
41,86,5,-1.4700373411178589,STDK_plus_QConvLSTM,-1.6077253818511963,-0.5407376885414124,0.28651952743530273
41,87,1,2.0622806549072266,STDK,0.26427900791168213,0.7820270657539368,1.4530324935913086
41,87,1,2.0622806549072266,STDK_plus_QLSTM,0.3544280529022217,1.053027868270874,1.929566740989685
41,87,1,2.0622806549072266,STDK_plus_QConvLSTM,1.2426660060882568,2.1182031631469727,2.69758677482605
41,87,2,1.898789882659912,STDK,-0.23137372732162476,0.2832214832305908,0.9582872986793518
41,87,2,1.898789882659912,STDK_plus_QLSTM,0.12167984247207642,0.8272352814674377,1.709397315979004
41,87,2,1.898789882659912,STDK_plus_QConvLSTM,1.2139909267425537,2.0972976684570312,2.705721378326416
41,87,3,2.2536017894744873,STDK,-0.6690053343772888,-0.15462841093540192,0.5239171385765076
41,87,3,2.2536017894744873,STDK_plus_QLSTM,-0.06309133768081665,0.6474626660346985,1.5377368927001953
41,87,3,2.2536017894744873,STDK_plus_QConvLSTM,1.1898757219314575,2.0031707286834717,2.6239676475524902
41,87,4,2.4494056701660156,STDK,-0.8509904742240906,-0.3335481882095337,0.3472893238067627
41,87,4,2.4494056701660156,STDK_plus_QLSTM,-0.21207720041275024,0.5109027028083801,1.407742977142334
41,87,4,2.4494056701660156,STDK_plus_QConvLSTM,1.0943493843078613,1.855633020401001,2.5219504833221436
41,87,5,2.7932496070861816,STDK,-0.9032285809516907,-0.3795679211616516,0.3026796579360962
41,87,5,2.7932496070861816,STDK_plus_QLSTM,-0.33161044120788574,0.41659432649612427,1.3220062255859375
41,87,5,2.7932496070861816,STDK_plus_QConvLSTM,1.0884008407592773,1.8873748779296875,2.396967649459839
41,88,1,0.3230557441711426,STDK,-1.153454303741455,-0.5842834711074829,0.08254802227020264
41,88,1,0.3230557441711426,STDK_plus_QLSTM,-1.3003227710723877,-0.518145740032196,0.4147077798843384
41,88,1,0.3230557441711426,STDK_plus_QConvLSTM,-0.5059904456138611,0.338887095451355,1.2280261516571045
41,88,2,-0.10624516010284424,STDK,-1.2440106868743896,-0.6787400841712952,-0.005917668342590332
41,88,2,-0.10624516010284424,STDK_plus_QLSTM,-1.3375887870788574,-0.5696627497673035,0.3634073734283447
41,88,2,-0.10624516010284424,STDK_plus_QConvLSTM,-0.5785358548164368,0.26956719160079956,1.1594481468200684
41,88,3,-0.22464941442012787,STDK,-1.3030366897583008,-0.738200843334198,-0.060922086238861084
41,88,3,-0.22464941442012787,STDK_plus_QLSTM,-1.3340548276901245,-0.5807327628135681,0.35477471351623535
41,88,3,-0.22464941442012787,STDK_plus_QConvLSTM,-0.6924796104431152,0.05225362256169319,0.943161129951477
41,88,4,-0.9989413619041443,STDK,-1.3457844257354736,-0.777577817440033,-0.09759509563446045
41,88,4,-0.9989413619041443,STDK_plus_QLSTM,-1.3184198141098022,-0.5631901025772095,0.37723857164382935
41,88,4,-0.9989413619041443,STDK_plus_QConvLSTM,-0.7157289981842041,0.02678127959370613,0.9666752815246582
41,88,5,-0.8507843017578125,STDK,-1.368060827255249,-0.7929787039756775,-0.11209601163864136
41,88,5,-0.8507843017578125,STDK_plus_QLSTM,-1.3074028491973877,-0.5301433205604553,0.4145466685295105
41,88,5,-0.8507843017578125,STDK_plus_QConvLSTM,-0.7424930930137634,0.048843864351511,1.0264229774475098
41,89,1,0.667191743850708,STDK,-0.329266220331192,0.18361875414848328,0.8507572412490845
41,89,1,0.667191743850708,STDK_plus_QLSTM,-0.596793532371521,0.20253336429595947,1.073005199432373
41,89,1,0.667191743850708,STDK_plus_QConvLSTM,0.02501767873764038,0.9715993404388428,1.7442737817764282
41,89,2,0.5702598690986633,STDK,-0.38287776708602905,0.12458141148090363,0.797209620475769
41,89,2,0.5702598690986633,STDK_plus_QLSTM,-0.6649943590164185,0.11617926508188248,0.9914213418960571
41,89,2,0.5702598690986633,STDK_plus_QConvLSTM,-0.23823636770248413,0.7758540511131287,1.4614126682281494
41,89,3,0.2069265991449356,STDK,-0.3941749334335327,0.11133943498134613,0.7881509065628052
41,89,3,0.2069265991449356,STDK_plus_QLSTM,-0.7046575546264648,0.06054607778787613,0.9412738084793091
41,89,3,0.2069265991449356,STDK_plus_QConvLSTM,-0.22568577527999878,0.6913315653800964,1.4441248178482056
41,89,4,-0.03550440073013306,STDK,-0.4205241799354553,0.08703136444091797,0.7663875222206116
41,89,4,-0.03550440073013306,STDK_plus_QLSTM,-0.7224903702735901,0.021749354898929596,0.9049574136734009
41,89,4,-0.03550440073013306,STDK_plus_QConvLSTM,-0.4550073742866516,0.4292525053024292,1.2080879211425781
41,89,5,0.9491087198257446,STDK,-0.4352661371231079,0.07789404690265656,0.7578962445259094
41,89,5,0.9491087198257446,STDK_plus_QLSTM,-0.7359551787376404,-0.009595535695552826,0.8748078942298889
41,89,5,0.9491087198257446,STDK_plus_QConvLSTM,-0.6230137944221497,0.2951697111129761,1.1688005924224854
41,90,1,0.7918997406959534,STDK,-0.6011664271354675,-0.0856446772813797,0.6104704737663269
41,90,1,0.7918997406959534,STDK_plus_QLSTM,-0.8282870054244995,-0.033642448484897614,0.8091526627540588
41,90,1,0.7918997406959534,STDK_plus_QConvLSTM,-1.051336407661438,-0.23309718072414398,0.743990957736969
41,90,2,-0.19914816319942474,STDK,-0.61537104845047,-0.10407966375350952,0.5945615768432617
41,90,2,-0.19914816319942474,STDK_plus_QLSTM,-0.7773169279098511,0.015345297753810883,0.8577849864959717
41,90,2,-0.19914816319942474,STDK_plus_QConvLSTM,-1.0055989027023315,-0.1788017600774765,0.7882529497146606
41,90,3,0.2553545832633972,STDK,-0.6759442090988159,-0.1656370460987091,0.5356992483139038
41,90,3,0.2553545832633972,STDK_plus_QLSTM,-0.7201103568077087,0.07297148555517197,0.9108757376670837
41,90,3,0.2553545832633972,STDK_plus_QConvLSTM,-0.9753276109695435,-0.1440582573413849,0.868131160736084
41,90,4,-0.08982940018177032,STDK,-0.7346785664558411,-0.22167901694774628,0.4822155237197876
41,90,4,-0.08982940018177032,STDK_plus_QLSTM,-0.6565818786621094,0.13927242159843445,0.9715551137924194
41,90,4,-0.08982940018177032,STDK_plus_QConvLSTM,-0.8896560072898865,-0.048031289130449295,1.021610140800476
41,90,5,-0.3138422966003418,STDK,-0.7044215798377991,-0.18550889194011688,0.5204520225524902
41,90,5,-0.3138422966003418,STDK_plus_QLSTM,-0.5858666896820068,0.21223434805870056,1.0396733283996582
41,90,5,-0.3138422966003418,STDK_plus_QConvLSTM,-0.8438109159469604,0.027870450168848038,1.0996180772781372
41,91,1,0.6767436861991882,STDK,-0.0031235814094543457,0.5199840664863586,1.2307312488555908
41,91,1,0.6767436861991882,STDK_plus_QLSTM,-0.23185056447982788,0.559204638004303,1.4797481298446655
41,91,1,0.6767436861991882,STDK_plus_QConvLSTM,-0.35518795251846313,0.5072301626205444,1.436976671218872
41,91,2,0.2041008472442627,STDK,-0.008088350296020508,0.5109517574310303,1.224475622177124
41,91,2,0.2041008472442627,STDK_plus_QLSTM,-0.1863916516304016,0.6067011952400208,1.5156903266906738
41,91,2,0.2041008472442627,STDK_plus_QConvLSTM,-0.23419535160064697,0.5422119498252869,1.4719101190567017
41,91,3,0.49093061685562134,STDK,-0.049844443798065186,0.4685371518135071,1.1851441860198975
41,91,3,0.49093061685562134,STDK_plus_QLSTM,-0.14478182792663574,0.6437904238700867,1.536777377128601
41,91,3,0.49093061685562134,STDK_plus_QConvLSTM,-0.1786113977432251,0.5890905857086182,1.6170333623886108
41,91,4,0.6557546257972717,STDK,-0.09441140294075012,0.4269343316555023,1.1466467380523682
41,91,4,0.6557546257972717,STDK_plus_QLSTM,-0.10668903589248657,0.6792536973953247,1.5594840049743652
41,91,4,0.6557546257972717,STDK_plus_QConvLSTM,-0.07403147220611572,0.5699055790901184,1.6028928756713867
41,91,5,0.6968357563018799,STDK,-0.15379545092582703,0.373955637216568,1.0962821245193481
41,91,5,0.6968357563018799,STDK_plus_QLSTM,-0.07083398103713989,0.7147814631462097,1.5835367441177368
41,91,5,0.6968357563018799,STDK_plus_QConvLSTM,0.03480619192123413,0.7425559759140015,1.7658473253250122
41,92,1,1.1772347688674927,STDK,0.5523968935012817,1.05942702293396,1.7717487812042236
41,92,1,1.1772347688674927,STDK_plus_QLSTM,0.3666110634803772,1.1283214092254639,1.989699125289917
41,92,1,1.1772347688674927,STDK_plus_QConvLSTM,-0.12696361541748047,1.0057238340377808,1.8531081676483154
41,92,2,0.11524683982133865,STDK,0.520857036113739,1.0249426364898682,1.7403589487075806
41,92,2,0.11524683982133865,STDK_plus_QLSTM,0.3897392153739929,1.157913088798523,2.0088577270507812
41,92,2,0.11524683982133865,STDK_plus_QConvLSTM,-0.14644193649291992,1.0609936714172363,1.8219218254089355
41,92,3,1.5637426376342773,STDK,0.464688777923584,0.9684850573539734,1.686732530593872
41,92,3,1.5637426376342773,STDK_plus_QLSTM,0.41311120986938477,1.1841832399368286,2.019906997680664
41,92,3,1.5637426376342773,STDK_plus_QConvLSTM,0.029804706573486328,1.213444709777832,1.9603328704833984
41,92,4,0.7314655780792236,STDK,0.4368906617164612,0.9436398148536682,1.6643640995025635
41,92,4,0.7314655780792236,STDK_plus_QLSTM,0.43952232599258423,1.2108403444290161,2.0341200828552246
41,92,4,0.7314655780792236,STDK_plus_QConvLSTM,0.22614562511444092,1.3189328908920288,2.0495758056640625
41,92,5,0.9891196489334106,STDK,0.43522393703460693,0.9482666850090027,1.6709409952163696
41,92,5,0.9891196489334106,STDK_plus_QLSTM,0.46721482276916504,1.2354201078414917,2.0483577251434326
41,92,5,0.9891196489334106,STDK_plus_QConvLSTM,0.31917500495910645,1.382261037826538,2.192948341369629
41,93,1,0.3213907480239868,STDK,-0.8028296232223511,-0.24243885278701782,0.41328316926956177
41,93,1,0.3213907480239868,STDK_plus_QLSTM,-0.9728925824165344,-0.2077602744102478,0.6974902749061584
41,93,1,0.3213907480239868,STDK_plus_QConvLSTM,-0.959689736366272,-0.3469914495944977,0.2695612609386444
41,93,2,-0.519361138343811,STDK,-0.8440220952033997,-0.28757649660110474,0.3736344575881958
41,93,2,-0.519361138343811,STDK_plus_QLSTM,-0.9791460037231445,-0.2103365659713745,0.698759138584137
41,93,2,-0.519361138343811,STDK_plus_QConvLSTM,-0.8459094166755676,-0.19999808073043823,0.442288339138031
41,93,3,-0.06012339890003204,STDK,-0.8806126713752747,-0.3249243497848511,0.3404541611671448
41,93,3,-0.06012339890003204,STDK_plus_QLSTM,-0.9760187864303589,-0.20407849550247192,0.7079542875289917
41,93,3,-0.06012339890003204,STDK_plus_QConvLSTM,-0.7932189702987671,-0.1771971881389618,0.4821886122226715
41,93,4,0.5665085911750793,STDK,-0.8758870959281921,-0.31753742694854736,0.35047781467437744
41,93,4,0.5665085911750793,STDK_plus_QLSTM,-0.9624824523925781,-0.18883681297302246,0.7230616211891174
41,93,4,0.5665085911750793,STDK_plus_QConvLSTM,-0.7254921197891235,-0.1624700278043747,0.5470663905143738
41,93,5,0.9728386402130127,STDK,-0.7972080707550049,-0.23260486125946045,0.43642687797546387
41,93,5,0.9728386402130127,STDK_plus_QLSTM,-0.9445675015449524,-0.16796213388442993,0.7423194050788879
41,93,5,0.9728386402130127,STDK_plus_QConvLSTM,-0.6861738562583923,-0.16450725495815277,0.5758346319198608
41,94,1,-1.4052332639694214,STDK,-2.2926900386810303,-1.706535816192627,-1.0067403316497803
41,94,1,-1.4052332639694214,STDK_plus_QLSTM,-2.4934794902801514,-1.7004048824310303,-0.8937510848045349
41,94,1,-1.4052332639694214,STDK_plus_QConvLSTM,-2.2805635929107666,-1.404262900352478,-0.6641833782196045
41,94,2,-1.4676971435546875,STDK,-2.33801007270813,-1.7559123039245605,-1.051966905593872
41,94,2,-1.4676971435546875,STDK_plus_QLSTM,-2.508037805557251,-1.702732801437378,-0.8897480368614197
41,94,2,-1.4676971435546875,STDK_plus_QConvLSTM,-2.2760229110717773,-1.3713159561157227,-0.6396111845970154
41,94,3,-0.7875193953514099,STDK,-2.3700942993164062,-1.7892241477966309,-1.082435131072998
41,94,3,-0.7875193953514099,STDK_plus_QLSTM,-2.4876630306243896,-1.6821107864379883,-0.8664249777793884
41,94,3,-0.7875193953514099,STDK_plus_QConvLSTM,-2.4283955097198486,-1.546243667602539,-0.8444852232933044
41,94,4,-0.7833433747291565,STDK,-2.3928346633911133,-1.809941053390503,-1.1013331413269043
41,94,4,-0.7833433747291565,STDK_plus_QLSTM,-2.44563364982605,-1.6525872945785522,-0.8373969197273254
41,94,4,-0.7833433747291565,STDK_plus_QConvLSTM,-2.6096065044403076,-1.766546368598938,-1.002894639968872
41,94,5,0.09273869544267654,STDK,-2.396151304244995,-1.808039903640747,-1.0986721515655518
41,94,5,0.09273869544267654,STDK_plus_QLSTM,-2.403081178665161,-1.6273316144943237,-0.8151055574417114
41,94,5,0.09273869544267654,STDK_plus_QConvLSTM,-2.8196115493774414,-2.133352279663086,-1.361544132232666
41,95,1,-0.009786270558834076,STDK,-0.7356877326965332,-0.1378895491361618,0.551981508731842
41,95,1,-0.009786270558834076,STDK_plus_QLSTM,-0.979927659034729,-0.16705641150474548,0.6439714431762695
41,95,1,-0.009786270558834076,STDK_plus_QConvLSTM,0.17778635025024414,0.9206937551498413,1.8637375831604004
41,95,2,-0.34045517444610596,STDK,-0.7430930733680725,-0.14852648973464966,0.5433125495910645
41,95,2,-0.34045517444610596,STDK_plus_QLSTM,-0.9721068143844604,-0.15581220388412476,0.6658917665481567
41,95,2,-0.34045517444610596,STDK_plus_QConvLSTM,0.28780603408813477,0.9685810208320618,1.9006974697113037
41,95,3,0.08893760293722153,STDK,-0.7557150721549988,-0.16145269572734833,0.5318254232406616
41,95,3,0.08893760293722153,STDK_plus_QLSTM,-0.9141897559165955,-0.10293074697256088,0.7490200400352478
41,95,3,0.08893760293722153,STDK_plus_QConvLSTM,0.040338754653930664,0.8904616236686707,1.7446279525756836
41,95,4,-0.4697633981704712,STDK,-0.742000162601471,-0.1446801871061325,0.5493003129959106
41,95,4,-0.4697633981704712,STDK_plus_QLSTM,-0.822934091091156,-0.01918845623731613,0.8582042455673218
41,95,4,-0.4697633981704712,STDK_plus_QConvLSTM,-0.1174318790435791,0.9607079029083252,1.740627408027649
41,95,5,0.017091698944568634,STDK,-0.639204204082489,-0.0348968468606472,0.6592240929603577
41,95,5,0.017091698944568634,STDK_plus_QLSTM,-0.705449104309082,0.0880810096859932,0.9753240942955017
41,95,5,0.017091698944568634,STDK_plus_QConvLSTM,-0.49039244651794434,0.8199001550674438,1.6343283653259277
41,96,1,0.21528972685337067,STDK,-0.8678895831108093,-0.3020535111427307,0.3652110695838928
41,96,1,0.21528972685337067,STDK_plus_QLSTM,-1.0032219886779785,-0.27306675910949707,0.5767449140548706
41,96,1,0.21528972685337067,STDK_plus_QConvLSTM,-0.3015441298484802,0.7823459506034851,1.486940622329712
41,96,2,0.558215856552124,STDK,-0.962955117225647,-0.40038931369781494,0.2692278027534485
41,96,2,0.558215856552124,STDK_plus_QLSTM,-1.0666600465774536,-0.3414824903011322,0.5302554368972778
41,96,2,0.558215856552124,STDK_plus_QConvLSTM,-0.21609538793563843,0.660847008228302,1.4873619079589844
41,96,3,1.0669406652450562,STDK,-1.0417346954345703,-0.47923797369003296,0.19246679544448853
41,96,3,1.0669406652450562,STDK_plus_QLSTM,-1.1131606101989746,-0.38864731788635254,0.5016542673110962
41,96,3,1.0669406652450562,STDK_plus_QConvLSTM,-0.2228245735168457,0.6235285997390747,1.4695788621902466
41,96,4,0.5008766055107117,STDK,-1.0596060752868652,-0.49364298582077026,0.17919033765792847
41,96,4,0.5008766055107117,STDK_plus_QLSTM,-1.1566513776779175,-0.4214434027671814,0.4805264472961426
41,96,4,0.5008766055107117,STDK_plus_QConvLSTM,-0.18547064065933228,0.7242015600204468,1.637746810913086
41,96,5,1.1364716291427612,STDK,-1.0494070053100586,-0.4765530824661255,0.19677883386611938
41,96,5,1.1364716291427612,STDK_plus_QLSTM,-1.1945340633392334,-0.44545072317123413,0.45905035734176636
41,96,5,1.1364716291427612,STDK_plus_QConvLSTM,-0.319546103477478,0.67930006980896,1.546303629875183
41,97,1,-0.2064562737941742,STDK,-1.522040605545044,-0.9739875197410583,-0.30857396125793457
41,97,1,-0.2064562737941742,STDK_plus_QLSTM,-1.6529017686843872,-0.926494836807251,0.034417152404785156
41,97,1,-0.2064562737941742,STDK_plus_QConvLSTM,-1.343925952911377,-0.500287652015686,0.2606567144393921
41,97,2,0.09700983762741089,STDK,-1.6739085912704468,-1.128873586654663,-0.45889347791671753
41,97,2,0.09700983762741089,STDK_plus_QLSTM,-1.7514736652374268,-1.0265684127807617,-0.05427020788192749
41,97,2,0.09700983762741089,STDK_plus_QConvLSTM,-1.326418161392212,-0.4079744517803192,0.26051345467567444
41,97,3,0.09741359949111938,STDK,-1.7802836894989014,-1.2352056503295898,-0.5614779591560364
41,97,3,0.09741359949111938,STDK_plus_QLSTM,-1.8478509187698364,-1.1209392547607422,-0.1518247127532959
41,97,3,0.09741359949111938,STDK_plus_QConvLSTM,-1.2115708589553833,-0.2628166973590851,0.4177236258983612
41,97,4,-0.11478140950202942,STDK,-1.8419796228408813,-1.2934768199920654,-0.6167886853218079
41,97,4,-0.11478140950202942,STDK_plus_QLSTM,-1.9404804706573486,-1.2081518173217773,-0.24375057220458984
41,97,4,-0.11478140950202942,STDK_plus_QConvLSTM,-1.2426432371139526,-0.29921063780784607,0.4472908079624176
41,97,5,-0.23468729853630066,STDK,-1.8870718479156494,-1.3318471908569336,-0.653083086013794
41,97,5,-0.23468729853630066,STDK_plus_QLSTM,-2.0304460525512695,-1.2902268171310425,-0.3247695565223694
41,97,5,-0.23468729853630066,STDK_plus_QConvLSTM,-1.312498688697815,-0.32352569699287415,0.5520336627960205
41,98,1,-0.8278642892837524,STDK,-1.8047503232955933,-1.2794651985168457,-0.6067333221435547
41,98,1,-0.8278642892837524,STDK_plus_QLSTM,-1.938778281211853,-1.1410191059112549,-0.37634217739105225
41,98,1,-0.8278642892837524,STDK_plus_QConvLSTM,-0.8822391033172607,-0.07794391363859177,0.547847330570221
41,98,2,-0.2648751735687256,STDK,-1.963752269744873,-1.4427800178527832,-0.7651283740997314
41,98,2,-0.2648751735687256,STDK_plus_QLSTM,-1.9098445177078247,-1.0990911722183228,-0.3387971520423889
41,98,2,-0.2648751735687256,STDK_plus_QConvLSTM,-0.8866802453994751,-0.15164874494075775,0.46127158403396606
41,98,3,-0.048809394240379333,STDK,-2.102992057800293,-1.5831241607666016,-0.9015442132949829
41,98,3,-0.048809394240379333,STDK_plus_QLSTM,-1.8483262062072754,-1.0304930210113525,-0.2740107774734497
41,98,3,-0.048809394240379333,STDK_plus_QConvLSTM,-1.0194348096847534,-0.3361511826515198,0.38889235258102417
41,98,4,-0.6186463832855225,STDK,-2.2165145874023438,-1.6940555572509766,-1.0093598365783691
41,98,4,-0.6186463832855225,STDK_plus_QLSTM,-1.7672119140625,-0.9464660882949829,-0.19275802373886108
41,98,4,-0.6186463832855225,STDK_plus_QConvLSTM,-1.0921880006790161,-0.4119120240211487,0.4688962697982788
41,98,5,-0.49482032656669617,STDK,-2.2659711837768555,-1.736997127532959,-1.050157070159912
41,98,5,-0.49482032656669617,STDK_plus_QLSTM,-1.6668533086776733,-0.8547368049621582,-0.10141152143478394
41,98,5,-0.49482032656669617,STDK_plus_QConvLSTM,-1.3006188869476318,-0.6276484131813049,0.3197021484375
41,99,1,0.8776637315750122,STDK,0.054859012365341187,0.528538703918457,1.2172296047210693
41,99,1,0.8776637315750122,STDK_plus_QLSTM,-0.2645148038864136,0.5120880007743835,1.3305588960647583
41,99,1,0.8776637315750122,STDK_plus_QConvLSTM,-0.0938793420791626,0.5208766460418701,1.5746713876724243
41,99,2,1.51007080078125,STDK,-0.001460641622543335,0.4674721956253052,1.1583588123321533
41,99,2,1.51007080078125,STDK_plus_QLSTM,-0.3534630835056305,0.4186239540576935,1.2337381839752197
41,99,2,1.51007080078125,STDK_plus_QConvLSTM,-0.11369866132736206,0.6221267580986023,1.618509292602539
41,99,3,0.7108045816421509,STDK,-0.07467338442802429,0.39287564158439636,1.0857412815093994
41,99,3,0.7108045816421509,STDK_plus_QLSTM,-0.38301411271095276,0.38129106163978577,1.194998025894165
41,99,3,0.7108045816421509,STDK_plus_QConvLSTM,-0.09321355819702148,0.6163554191589355,1.6281402111053467
41,99,4,0.30321159958839417,STDK,-0.15959349274635315,0.3100799322128296,1.004245638847351
41,99,4,0.30321159958839417,STDK_plus_QLSTM,-0.37722519040107727,0.3807600438594818,1.1978458166122437
41,99,4,0.30321159958839417,STDK_plus_QConvLSTM,-0.16092586517333984,0.644721508026123,1.6618598699569702
41,99,5,0.8340237140655518,STDK,-0.19736897945404053,0.2780206799507141,0.9734742045402527
41,99,5,0.8340237140655518,STDK_plus_QLSTM,-0.3566032946109772,0.39825066924095154,1.2227813005447388
41,99,5,0.8340237140655518,STDK_plus_QConvLSTM,-0.18331044912338257,0.5722296237945557,1.5941383838653564
