seed,target_index,lead,truth,model,q05,q50,q95
42,0,1,-0.6697542667388916,STDK,-0.4132211208343506,0.20850461721420288,0.780106246471405
42,0,1,-0.6697542667388916,STDK_plus_QLSTM,-0.7888783812522888,0.21314828097820282,1.0062401294708252
42,0,1,-0.6697542667388916,STDK_plus_QConvLSTM,-0.31422287225723267,0.3778305649757385,1.4300243854522705
42,0,2,-0.4212431311607361,STDK,-0.39932000637054443,0.20309722423553467,0.7795097231864929
42,0,2,-0.4212431311607361,STDK_plus_QLSTM,-0.7919449210166931,0.21671883761882782,1.010342001914978
42,0,2,-0.4212431311607361,STDK_plus_QConvLSTM,-0.26169395446777344,0.4155024290084839,1.4298286437988281
42,0,3,-0.4399983882904053,STDK,-0.3709437847137451,0.22238250076770782,0.8045351505279541
42,0,3,-0.4399983882904053,STDK_plus_QLSTM,-0.7812599539756775,0.22600893676280975,1.0223581790924072
42,0,3,-0.4399983882904053,STDK_plus_QConvLSTM,-0.27866989374160767,0.41923755407333374,1.3684182167053223
42,0,4,-0.7533544301986694,STDK,-0.3287544548511505,0.26414164900779724,0.8528790473937988
42,0,4,-0.7533544301986694,STDK_plus_QLSTM,-0.7648406028747559,0.23841355741024017,1.0339431762695312
42,0,4,-0.7533544301986694,STDK_plus_QConvLSTM,-0.3124929666519165,0.45551466941833496,1.3733079433441162
42,0,5,-0.5526423454284668,STDK,-0.33592864871025085,0.2649219334125519,0.8607629537582397
42,0,5,-0.5526423454284668,STDK_plus_QLSTM,-0.7441136837005615,0.2529894709587097,1.0453871488571167
42,0,5,-0.5526423454284668,STDK_plus_QConvLSTM,-0.3528837263584137,0.4755171239376068,1.29416024684906
42,1,1,-0.7838003039360046,STDK,-1.2370916604995728,-0.5717229843139648,0.013969361782073975
42,1,1,-0.7838003039360046,STDK_plus_QLSTM,-1.3066285848617554,-0.3873627781867981,0.4615529179573059
42,1,1,-0.7838003039360046,STDK_plus_QConvLSTM,-1.8858840465545654,-0.8810916543006897,-0.10162925720214844
42,1,2,-0.9655381441116333,STDK,-1.2875046730041504,-0.6378554105758667,-0.04717755317687988
42,1,2,-0.9655381441116333,STDK_plus_QLSTM,-1.2959020137786865,-0.35742735862731934,0.5118899345397949
42,1,2,-0.9655381441116333,STDK_plus_QConvLSTM,-1.8795843124389648,-0.8673268556594849,-0.12860584259033203
42,1,3,-0.633173406124115,STDK,-1.3389599323272705,-0.6976237297058105,-0.10116559267044067
42,1,3,-0.633173406124115,STDK_plus_QLSTM,-1.3224873542785645,-0.36299484968185425,0.5125636458396912
42,1,3,-0.633173406124115,STDK_plus_QConvLSTM,-1.8417315483093262,-0.9314467310905457,-0.10714811086654663
42,1,4,-0.7860773801803589,STDK,-1.3723104000091553,-0.7294907569885254,-0.1265464425086975
42,1,4,-0.7860773801803589,STDK_plus_QLSTM,-1.3329458236694336,-0.36152184009552,0.504274308681488
42,1,4,-0.7860773801803589,STDK_plus_QConvLSTM,-1.6830244064331055,-0.8214503526687622,-0.07460248470306396
42,1,5,-0.7598663568496704,STDK,-1.4065977334976196,-0.7529100775718689,-0.14294248819351196
42,1,5,-0.7598663568496704,STDK_plus_QLSTM,-1.3436599969863892,-0.3709360361099243,0.47519928216934204
42,1,5,-0.7598663568496704,STDK_plus_QConvLSTM,-1.7514837980270386,-0.7632300853729248,-0.08208703994750977
42,2,1,-0.6339322924613953,STDK,-0.7107556462287903,-0.034353986382484436,0.5487639904022217
42,2,1,-0.6339322924613953,STDK_plus_QLSTM,-0.9875686764717102,-0.04324815422296524,0.7271699905395508
42,2,1,-0.6339322924613953,STDK_plus_QConvLSTM,-1.4415721893310547,-0.3841017484664917,0.4643895626068115
42,2,2,-0.5530821681022644,STDK,-0.6584705114364624,0.0035021770745515823,0.591603696346283
42,2,2,-0.5530821681022644,STDK_plus_QLSTM,-0.9621525406837463,-0.015299595892429352,0.7664695382118225
42,2,2,-0.5530821681022644,STDK_plus_QConvLSTM,-1.4549758434295654,-0.41137754917144775,0.4700862169265747
42,2,3,-0.15030840039253235,STDK,-0.6457675099372864,0.008411316201090813,0.6022925972938538
42,2,3,-0.15030840039253235,STDK_plus_QLSTM,-0.9298352599143982,0.017453037202358246,0.8054705858230591
42,2,3,-0.15030840039253235,STDK_plus_QConvLSTM,-1.5145387649536133,-0.4387508034706116,0.33169203996658325
42,2,4,-0.40319740772247314,STDK,-0.6887370347976685,-0.03293885663151741,0.5674324631690979
42,2,4,-0.40319740772247314,STDK_plus_QLSTM,-0.8933893442153931,0.05308922380208969,0.848773717880249
42,2,4,-0.40319740772247314,STDK_plus_QConvLSTM,-1.5089837312698364,-0.4722321331501007,0.3016432225704193
42,2,5,-0.46498432755470276,STDK,-0.7394532561302185,-0.07308091223239899,0.5342956185340881
42,2,5,-0.46498432755470276,STDK_plus_QLSTM,-0.8548876643180847,0.09110649675130844,0.8896511793136597
42,2,5,-0.46498432755470276,STDK_plus_QConvLSTM,-1.5344908237457275,-0.4461713433265686,0.3411623239517212
42,3,1,0.23013873398303986,STDK,-0.5447825789451599,0.013434594497084618,0.5871018767356873
42,3,1,0.23013873398303986,STDK_plus_QLSTM,-0.8915203809738159,0.025258302688598633,0.847825288772583
42,3,1,0.23013873398303986,STDK_plus_QConvLSTM,-1.1141331195831299,-0.09170668572187424,0.6773789525032043
42,3,2,0.21062083542346954,STDK,-0.6107245087623596,-0.06559396535158157,0.513109028339386
42,3,2,0.21062083542346954,STDK_plus_QLSTM,-0.9298187494277954,-0.006026595830917358,0.8171604871749878
42,3,2,0.21062083542346954,STDK_plus_QConvLSTM,-1.1913071870803833,-0.14037694036960602,0.5848407745361328
42,3,3,1.0631916522979736,STDK,-0.6764397025108337,-0.13852353394031525,0.44608694314956665
42,3,3,1.0631916522979736,STDK_plus_QLSTM,-0.9688233733177185,-0.044842079281806946,0.7838135361671448
42,3,3,1.0631916522979736,STDK_plus_QConvLSTM,-1.0030323266983032,-0.07350682467222214,0.656537652015686
42,3,4,0.23617559671401978,STDK,-0.8027513027191162,-0.26501813530921936,0.32626619935035706
42,3,4,0.23617559671401978,STDK_plus_QLSTM,-1.0072075128555298,-0.0872829258441925,0.7469269037246704
42,3,4,0.23617559671401978,STDK_plus_QConvLSTM,-1.1617381572723389,-0.19108763337135315,0.5460829734802246
42,3,5,0.8970106840133667,STDK,-0.9650559425354004,-0.42092669010162354,0.17761439085006714
42,3,5,0.8970106840133667,STDK_plus_QLSTM,-1.048401951789856,-0.1341257244348526,0.707744300365448
42,3,5,0.8970106840133667,STDK_plus_QConvLSTM,-1.2269781827926636,-0.15745942294597626,0.5719341039657593
42,4,1,0.2253907322883606,STDK,-0.05971989035606384,0.4078328311443329,0.9911354780197144
42,4,1,0.2253907322883606,STDK_plus_QLSTM,-0.39594346284866333,0.3706511855125427,1.1429383754730225
42,4,1,0.2253907322883606,STDK_plus_QConvLSTM,-0.7356781959533691,0.08769707381725311,0.8592942357063293
42,4,2,0.3261488676071167,STDK,-0.11064711213111877,0.3446817696094513,0.93305504322052
42,4,2,0.3261488676071167,STDK_plus_QLSTM,-0.4129924774169922,0.3718811869621277,1.1377615928649902
42,4,2,0.3261488676071167,STDK_plus_QConvLSTM,-0.7885943651199341,0.022670749574899673,0.7727130651473999
42,4,3,0.2398546040058136,STDK,-0.17120006680488586,0.27776578068733215,0.8721133470535278
42,4,3,0.2398546040058136,STDK_plus_QLSTM,-0.4257674813270569,0.3687403202056885,1.1309046745300293
42,4,3,0.2398546040058136,STDK_plus_QConvLSTM,-0.6699426770210266,0.14046698808670044,0.8159680962562561
42,4,4,0.03422759473323822,STDK,-0.1954677700996399,0.253366082906723,0.8544973134994507
42,4,4,0.03422759473323822,STDK_plus_QLSTM,-0.4304928779602051,0.3635144829750061,1.1227266788482666
42,4,4,0.03422759473323822,STDK_plus_QConvLSTM,-0.46882593631744385,0.22776049375534058,1.1011199951171875
42,4,5,0.3639217019081116,STDK,-0.21042020618915558,0.24419446289539337,0.8526748418807983
42,4,5,0.3639217019081116,STDK_plus_QLSTM,-0.4271377921104431,0.35745543241500854,1.118381381034851
42,4,5,0.3639217019081116,STDK_plus_QConvLSTM,-0.47025641798973083,0.17170318961143494,1.0792262554168701
42,5,1,-0.7688862681388855,STDK,-1.2316265106201172,-0.7168615460395813,-0.13536715507507324
42,5,1,-0.7688862681388855,STDK_plus_QLSTM,-1.498364806175232,-0.5829628109931946,0.26167601346969604
42,5,1,-0.7688862681388855,STDK_plus_QConvLSTM,-1.549088716506958,-0.8552252650260925,-0.027554094791412354
42,5,2,-0.8929081559181213,STDK,-1.3653489351272583,-0.8635411262512207,-0.2769598960876465
42,5,2,-0.8929081559181213,STDK_plus_QLSTM,-1.548304557800293,-0.6201257705688477,0.2272588610649109
42,5,2,-0.8929081559181213,STDK_plus_QConvLSTM,-1.5067001581192017,-0.8639594316482544,-0.04601287841796875
42,5,3,-0.6190394163131714,STDK,-1.4541990756988525,-0.9590905904769897,-0.366485595703125
42,5,3,-0.6190394163131714,STDK_plus_QLSTM,-1.5995296239852905,-0.652068555355072,0.1920453906059265
42,5,3,-0.6190394163131714,STDK_plus_QConvLSTM,-1.628748893737793,-0.9438817501068115,-0.09766536951065063
42,5,4,-0.5452433824539185,STDK,-1.4956355094909668,-1.0005385875701904,-0.40112149715423584
42,5,4,-0.5452433824539185,STDK_plus_QLSTM,-1.626450538635254,-0.6705912947654724,0.16620999574661255
42,5,4,-0.5452433824539185,STDK_plus_QConvLSTM,-1.5464749336242676,-0.8514969944953918,-0.025356411933898926
42,5,5,0.17907769978046417,STDK,-1.5205235481262207,-1.0190390348434448,-0.4122045636177063
42,5,5,0.17907769978046417,STDK_plus_QLSTM,-1.6397449970245361,-0.6883020997047424,0.14245551824569702
42,5,5,0.17907769978046417,STDK_plus_QConvLSTM,-1.5559827089309692,-0.8101854920387268,0.0004239678382873535
42,6,1,-0.02514827251434326,STDK,0.2007564902305603,0.7674352526664734,1.368723750114441
42,6,1,-0.02514827251434326,STDK_plus_QLSTM,-0.05635780096054077,0.7650359272956848,1.53628408908844
42,6,1,-0.02514827251434326,STDK_plus_QConvLSTM,-0.7191792130470276,-0.00590498186647892,0.8748570680618286
42,6,2,0.6735158562660217,STDK,0.1535128355026245,0.7046945095062256,1.3111040592193604
42,6,2,0.6735158562660217,STDK_plus_QLSTM,-0.10225486755371094,0.7257275581359863,1.5068902969360352
42,6,2,0.6735158562660217,STDK_plus_QConvLSTM,-0.7004435658454895,0.053488489240407944,0.8840727806091309
42,6,3,0.2509346008300781,STDK,0.09139245748519897,0.6339728832244873,1.2465007305145264
42,6,3,0.2509346008300781,STDK_plus_QLSTM,-0.13875162601470947,0.6976650357246399,1.485917329788208
42,6,3,0.2509346008300781,STDK_plus_QConvLSTM,-0.6839286088943481,0.03134544938802719,0.9903550148010254
42,6,4,-0.19113540649414062,STDK,0.029424667358398438,0.5714188814163208,1.1909408569335938
42,6,4,-0.19113540649414062,STDK_plus_QLSTM,-0.1679401397705078,0.677040696144104,1.4701764583587646
42,6,4,-0.19113540649414062,STDK_plus_QConvLSTM,-0.3942483067512512,0.16978968679904938,0.9916121363639832
42,6,5,0.9091757535934448,STDK,-0.013693392276763916,0.5355527400970459,1.1627421379089355
42,6,5,0.9091757535934448,STDK_plus_QLSTM,-0.1890663504600525,0.66217041015625,1.456607699394226
42,6,5,0.9091757535934448,STDK_plus_QConvLSTM,-0.4659869968891144,0.19703570008277893,1.0718125104904175
42,7,1,0.1731487363576889,STDK,-1.015082597732544,-0.44097810983657837,0.17381227016448975
42,7,1,0.1731487363576889,STDK_plus_QLSTM,-1.357245922088623,-0.4577915370464325,0.36485549807548523
42,7,1,0.1731487363576889,STDK_plus_QConvLSTM,-1.3383748531341553,-0.18762904405593872,0.5547632575035095
42,7,2,-0.00894215703010559,STDK,-1.0516414642333984,-0.4892723858356476,0.13078847527503967
42,7,2,-0.00894215703010559,STDK_plus_QLSTM,-1.3743054866790771,-0.4736601412296295,0.354004830121994
42,7,2,-0.00894215703010559,STDK_plus_QConvLSTM,-1.1788595914840698,-0.1041850671172142,0.6502366065979004
42,7,3,0.09722959995269775,STDK,-1.116390585899353,-0.5605407953262329,0.06567031145095825
42,7,3,0.09722959995269775,STDK_plus_QLSTM,-1.3888869285583496,-0.48835626244544983,0.3411843478679657
42,7,3,0.09722959995269775,STDK_plus_QConvLSTM,-1.0421277284622192,-0.012485915794968605,0.7638604640960693
42,7,4,-0.34593039751052856,STDK,-1.1766456365585327,-0.6204469799995422,0.012724637985229492
42,7,4,-0.34593039751052856,STDK_plus_QLSTM,-1.3991708755493164,-0.5014273524284363,0.32729029655456543
42,7,4,-0.34593039751052856,STDK_plus_QConvLSTM,-0.8719763159751892,0.14916568994522095,0.9232410192489624
42,7,5,-0.2524462938308716,STDK,-1.2380696535110474,-0.6742454767227173,-0.033612847328186035
42,7,5,-0.2524462938308716,STDK_plus_QLSTM,-1.4072401523590088,-0.5135399699211121,0.31122708320617676
42,7,5,-0.2524462938308716,STDK_plus_QConvLSTM,-0.771589994430542,0.22059670090675354,1.0866888761520386
42,8,1,-1.5317602157592773,STDK,-2.1537654399871826,-1.5162025690078735,-0.9193625450134277
42,8,1,-1.5317602157592773,STDK_plus_QLSTM,-2.384094476699829,-1.5035417079925537,-0.7362695932388306
42,8,1,-1.5317602157592773,STDK_plus_QConvLSTM,-2.1174402236938477,-1.2425942420959473,-0.6988136172294617
42,8,2,-1.9629191160202026,STDK,-2.2766575813293457,-1.6524503231048584,-1.0504294633865356
42,8,2,-1.9629191160202026,STDK_plus_QLSTM,-2.4626264572143555,-1.5889972448349,-0.8206164836883545
42,8,2,-1.9629191160202026,STDK_plus_QConvLSTM,-2.1738758087158203,-1.2873715162277222,-0.6196121573448181
42,8,3,-1.8912633657455444,STDK,-2.387993097305298,-1.7703286409378052,-1.1621575355529785
42,8,3,-1.8912633657455444,STDK_plus_QLSTM,-2.512702465057373,-1.6471408605575562,-0.8692036271095276
42,8,3,-1.8912633657455444,STDK_plus_QConvLSTM,-1.9958524703979492,-1.0948407649993896,-0.48885244131088257
42,8,4,-1.95904541015625,STDK,-2.4805002212524414,-1.8618929386138916,-1.246734857559204
42,8,4,-1.95904541015625,STDK_plus_QLSTM,-2.5433130264282227,-1.6850547790527344,-0.8939184546470642
42,8,4,-1.95904541015625,STDK_plus_QConvLSTM,-2.0058369636535645,-1.0962622165679932,-0.3924791216850281
42,8,5,-1.7234493494033813,STDK,-2.5522570610046387,-1.9244558811187744,-1.3017234802246094
42,8,5,-1.7234493494033813,STDK_plus_QLSTM,-2.5675058364868164,-1.7146638631820679,-0.918077290058136
42,8,5,-1.7234493494033813,STDK_plus_QConvLSTM,-2.032378673553467,-1.1392650604248047,-0.3224967122077942
42,9,1,-0.879096269607544,STDK,-1.4916667938232422,-0.9257755279541016,-0.32430022954940796
42,9,1,-0.879096269607544,STDK_plus_QLSTM,-1.729170560836792,-0.8224627375602722,-0.0709267258644104
42,9,1,-0.879096269607544,STDK_plus_QConvLSTM,-1.7861474752426147,-0.9140082597732544,-0.03281611204147339
42,9,2,-1.2273341417312622,STDK,-1.557492971420288,-1.0035203695297241,-0.3968619108200073
42,9,2,-1.2273341417312622,STDK_plus_QLSTM,-1.7514482736587524,-0.8408522605895996,-0.09017676115036011
42,9,2,-1.2273341417312622,STDK_plus_QConvLSTM,-1.8671002388000488,-0.8890536427497864,-0.03594845533370972
42,9,3,-1.0588264465332031,STDK,-1.6445417404174805,-1.0967377424240112,-0.48383629322052
42,9,3,-1.0588264465332031,STDK_plus_QLSTM,-1.7634700536727905,-0.8489015102386475,-0.09991633892059326
42,9,3,-1.0588264465332031,STDK_plus_QConvLSTM,-1.9372618198394775,-0.9342236518859863,-0.02315700054168701
42,9,4,-1.1872084140777588,STDK,-1.7512526512145996,-1.2037951946258545,-0.5837920904159546
42,9,4,-1.1872084140777588,STDK_plus_QLSTM,-1.7624058723449707,-0.8425209522247314,-0.09529554843902588
42,9,4,-1.1872084140777588,STDK_plus_QConvLSTM,-2.0484983921051025,-0.9892461895942688,-0.13671541213989258
42,9,5,-0.7869553565979004,STDK,-1.8447580337524414,-1.2910447120666504,-0.6636667847633362
42,9,5,-0.7869553565979004,STDK_plus_QLSTM,-1.7509883642196655,-0.8241090178489685,-0.07785844802856445
42,9,5,-0.7869553565979004,STDK_plus_QConvLSTM,-2.0806283950805664,-0.9697793126106262,-0.17978519201278687
42,10,1,-1.9662842750549316,STDK,-1.2736225128173828,-0.6592990159988403,-0.08892512321472168
42,10,1,-1.9662842750549316,STDK_plus_QLSTM,-1.5901544094085693,-0.6691460013389587,0.11032253503799438
42,10,1,-1.9662842750549316,STDK_plus_QConvLSTM,-1.2820992469787598,-0.45239201188087463,0.4656572639942169
42,10,2,-1.7661120891571045,STDK,-1.2742249965667725,-0.6773867011070251,-0.10221672058105469
42,10,2,-1.7661120891571045,STDK_plus_QLSTM,-1.5460642576217651,-0.6042558550834656,0.18058258295059204
42,10,2,-1.7661120891571045,STDK_plus_QConvLSTM,-1.2173657417297363,-0.41129517555236816,0.4759927988052368
42,10,3,-1.3823493719100952,STDK,-1.3442578315734863,-0.7562115788459778,-0.175278902053833
42,10,3,-1.3823493719100952,STDK_plus_QLSTM,-1.497528076171875,-0.5494118928909302,0.24169117212295532
42,10,3,-1.3823493719100952,STDK_plus_QConvLSTM,-1.238637089729309,-0.3991915285587311,0.41589245200157166
42,10,4,-0.9659784436225891,STDK,-1.4115368127822876,-0.8238088488578796,-0.2363905906677246
42,10,4,-0.9659784436225891,STDK_plus_QLSTM,-1.4738034009933472,-0.5216765403747559,0.27749335765838623
42,10,4,-0.9659784436225891,STDK_plus_QConvLSTM,-1.2482714653015137,-0.41138797998428345,0.3722209334373474
42,10,5,-0.9855853319168091,STDK,-1.5438127517700195,-0.9483983516693115,-0.35399937629699707
42,10,5,-0.9855853319168091,STDK_plus_QLSTM,-1.4609932899475098,-0.5098958015441895,0.2980412244796753
42,10,5,-0.9855853319168091,STDK_plus_QConvLSTM,-1.3813467025756836,-0.46674737334251404,0.23664739727973938
42,11,1,0.5093067288398743,STDK,-0.6834874153137207,-0.05182597041130066,0.5388699769973755
42,11,1,0.5093067288398743,STDK_plus_QLSTM,-0.9687696695327759,-0.028170935809612274,0.708768904209137
42,11,1,0.5093067288398743,STDK_plus_QConvLSTM,-0.7110185623168945,0.03573483228683472,0.9513660073280334
42,11,2,1.1339848041534424,STDK,-0.6286702752113342,-0.012042490765452385,0.5836554765701294
42,11,2,1.1339848041534424,STDK_plus_QLSTM,-0.9584323763847351,-0.015326492488384247,0.7208970189094543
42,11,2,1.1339848041534424,STDK_plus_QConvLSTM,-0.7035695314407349,0.1192912831902504,1.0190826654434204
42,11,3,1.2079066038131714,STDK,-0.5779040455818176,0.031650610268116,0.6332101821899414
42,11,3,1.2079066038131714,STDK_plus_QLSTM,-0.943778932094574,0.00112045556306839,0.7379247546195984
42,11,3,1.2079066038131714,STDK_plus_QConvLSTM,-0.6495019197463989,0.09810284525156021,1.0705691576004028
42,11,4,1.1851716041564941,STDK,-0.5724498629570007,0.038110435009002686,0.6462563276290894
42,11,4,1.1851716041564941,STDK_plus_QLSTM,-0.9263336062431335,0.01886642724275589,0.7567765712738037
42,11,4,1.1851716041564941,STDK_plus_QConvLSTM,-0.5784993171691895,0.07488993555307388,1.0577800273895264
42,11,5,0.6115306615829468,STDK,-0.6186416745185852,0.000613771378993988,0.6157916784286499
42,11,5,0.6115306615829468,STDK_plus_QLSTM,-0.9073339104652405,0.03728485852479935,0.7811096906661987
42,11,5,0.6115306615829468,STDK_plus_QConvLSTM,-0.6509653329849243,-0.02975298836827278,0.9978381395339966
42,12,1,0.4475647211074829,STDK,-0.30060049891471863,0.3473299443721771,0.9276952743530273
42,12,1,0.4475647211074829,STDK_plus_QLSTM,-0.4996670186519623,0.39236781001091003,1.1654691696166992
42,12,1,0.4475647211074829,STDK_plus_QConvLSTM,-0.20689302682876587,0.8566581606864929,1.6733026504516602
42,12,2,0.370999813079834,STDK,-0.27118298411369324,0.3603353798389435,0.9457279443740845
42,12,2,0.370999813079834,STDK_plus_QLSTM,-0.4844937026500702,0.41731539368629456,1.1920260190963745
42,12,2,0.370999813079834,STDK_plus_QConvLSTM,-0.18149781227111816,0.8545567989349365,1.6931302547454834
42,12,3,0.551715612411499,STDK,-0.260636568069458,0.36295950412750244,0.9541839957237244
42,12,3,0.551715612411499,STDK_plus_QLSTM,-0.47047170996665955,0.43751266598701477,1.2130094766616821
42,12,3,0.551715612411499,STDK_plus_QConvLSTM,-0.2546428442001343,0.776391863822937,1.633326530456543
42,12,4,0.5125595927238464,STDK,-0.3065752387046814,0.3183680772781372,0.9160994291305542
42,12,4,0.5125595927238464,STDK_plus_QLSTM,-0.4562232196331024,0.4533752501010895,1.2298674583435059
42,12,4,0.5125595927238464,STDK_plus_QConvLSTM,-0.2313428521156311,0.7302454710006714,1.607655644416809
42,12,5,0.2704806923866272,STDK,-0.3977060317993164,0.23737363517284393,0.8421385288238525
42,12,5,0.2704806923866272,STDK_plus_QLSTM,-0.43931302428245544,0.46608176827430725,1.2395960092544556
42,12,5,0.2704806923866272,STDK_plus_QConvLSTM,-0.3729397654533386,0.6281676888465881,1.5612378120422363
42,13,1,0.4268757104873657,STDK,-0.42868709564208984,0.19113580882549286,0.758560836315155
42,13,1,0.4268757104873657,STDK_plus_QLSTM,-0.6353816986083984,0.2375514805316925,0.9842965602874756
42,13,1,0.4268757104873657,STDK_plus_QConvLSTM,-1.1096935272216797,-0.1045796349644661,0.592231810092926
42,13,2,0.31335681676864624,STDK,-0.41294237971305847,0.19251927733421326,0.7649341821670532
42,13,2,0.31335681676864624,STDK_plus_QLSTM,-0.6258478164672852,0.26068270206451416,1.0232830047607422
42,13,2,0.31335681676864624,STDK_plus_QConvLSTM,-0.9861201047897339,-0.020860156044363976,0.7099637985229492
42,13,3,0.3680785894393921,STDK,-0.44063448905944824,0.15793974697589874,0.736185610294342
42,13,3,0.3680785894393921,STDK_plus_QLSTM,-0.6312877535820007,0.26437097787857056,1.0407953262329102
42,13,3,0.3680785894393921,STDK_plus_QConvLSTM,-0.83575439453125,0.02067509852349758,0.7853596806526184
42,13,4,0.044160597026348114,STDK,-0.5145321488380432,0.08434624969959259,0.6690250635147095
42,13,4,0.044160597026348114,STDK_plus_QLSTM,-0.6492096781730652,0.2583208680152893,1.0365543365478516
42,13,4,0.044160597026348114,STDK_plus_QConvLSTM,-0.81764155626297,0.09112256020307541,0.9410138726234436
42,13,5,0.005186699330806732,STDK,-0.627143383026123,-0.020357774570584297,0.5711861848831177
42,13,5,0.005186699330806732,STDK_plus_QLSTM,-0.6745886206626892,0.2466658353805542,1.0248219966888428
42,13,5,0.005186699330806732,STDK_plus_QConvLSTM,-0.8279882669448853,0.10683175921440125,0.9308812618255615
42,14,1,-1.0902222394943237,STDK,-1.310158371925354,-0.759139358997345,-0.20903098583221436
42,14,1,-1.0902222394943237,STDK_plus_QLSTM,-1.6179137229919434,-0.6439993381500244,0.16253161430358887
42,14,1,-1.0902222394943237,STDK_plus_QConvLSTM,-2.0931339263916016,-1.237080693244934,-0.2534945011138916
42,14,2,-1.203801155090332,STDK,-1.3495861291885376,-0.8116743564605713,-0.25669586658477783
42,14,2,-1.203801155090332,STDK_plus_QLSTM,-1.648655652999878,-0.64508056640625,0.18317914009094238
42,14,2,-1.203801155090332,STDK_plus_QConvLSTM,-2.0364303588867188,-1.136073350906372,-0.2301732897758484
42,14,3,-0.4751453995704651,STDK,-1.46256685256958,-0.9319818615913391,-0.37128669023513794
42,14,3,-0.4751453995704651,STDK_plus_QLSTM,-1.6744529008865356,-0.6521844863891602,0.18376803398132324
42,14,3,-0.4751453995704651,STDK_plus_QConvLSTM,-1.9138100147247314,-1.0069888830184937,-0.10822194814682007
42,14,4,-0.5605664253234863,STDK,-1.5702295303344727,-1.0401241779327393,-0.47296464443206787
42,14,4,-0.5605664253234863,STDK_plus_QLSTM,-1.663680076599121,-0.648915708065033,0.19179916381835938
42,14,4,-0.5605664253234863,STDK_plus_QConvLSTM,-1.8740837574005127,-0.8677011728286743,-0.06420528888702393
42,14,5,-0.34483930468559265,STDK,-1.7269666194915771,-1.1906341314315796,-0.6164371967315674
42,14,5,-0.34483930468559265,STDK_plus_QLSTM,-1.6415486335754395,-0.6442392468452454,0.20427876710891724
42,14,5,-0.34483930468559265,STDK_plus_QConvLSTM,-1.8960058689117432,-0.9604747295379639,-0.11070603132247925
42,15,1,0.37692970037460327,STDK,0.05631667375564575,0.6317380666732788,1.1795146465301514
42,15,1,0.37692970037460327,STDK_plus_QLSTM,-0.1712322235107422,0.6910930275917053,1.531865119934082
42,15,1,0.37692970037460327,STDK_plus_QConvLSTM,-0.5079266428947449,0.28620344400405884,1.1644967794418335
42,15,2,0.8658748269081116,STDK,0.008990764617919922,0.5706745386123657,1.123326301574707
42,15,2,0.8658748269081116,STDK_plus_QLSTM,-0.1528516411781311,0.7072376012802124,1.5383124351501465
42,15,2,0.8658748269081116,STDK_plus_QConvLSTM,-0.6151376962661743,0.23085276782512665,1.0653207302093506
42,15,3,0.9942925572395325,STDK,-0.04143565893173218,0.51347815990448,1.0718170404434204
42,15,3,0.9942925572395325,STDK_plus_QLSTM,-0.15549659729003906,0.7050053477287292,1.5189037322998047
42,15,3,0.9942925572395325,STDK_plus_QConvLSTM,-0.5829542875289917,0.23186658322811127,1.069995641708374
42,15,4,0.45602360367774963,STDK,-0.07104030251502991,0.4845413267612457,1.0493131875991821
42,15,4,0.45602360367774963,STDK_plus_QLSTM,-0.16744208335876465,0.6971632838249207,1.497047781944275
42,15,4,0.45602360367774963,STDK_plus_QConvLSTM,-0.6435519456863403,0.2599364221096039,1.090301752090454
42,15,5,0.7434216737747192,STDK,-0.09063979983329773,0.47260990738868713,1.0443753004074097
42,15,5,0.7434216737747192,STDK_plus_QLSTM,-0.18490362167358398,0.6835390329360962,1.4699221849441528
42,15,5,0.7434216737747192,STDK_plus_QConvLSTM,-0.6097189784049988,0.24688906967639923,1.1247293949127197
42,16,1,0.4581567049026489,STDK,-0.26601213216781616,0.30476170778274536,0.8624253273010254
42,16,1,0.4581567049026489,STDK_plus_QLSTM,-0.594106912612915,0.30263978242874146,1.1064939498901367
42,16,1,0.4581567049026489,STDK_plus_QConvLSTM,-0.5722341537475586,0.26238390803337097,1.0749452114105225
42,16,2,0.8772748708724976,STDK,-0.26551753282546997,0.29262876510620117,0.8551812171936035
42,16,2,0.8772748708724976,STDK_plus_QLSTM,-0.6130788922309875,0.2826828956604004,1.0806665420532227
42,16,2,0.8772748708724976,STDK_plus_QConvLSTM,-0.5358136892318726,0.2719765305519104,1.0558855533599854
42,16,3,0.09221360087394714,STDK,-0.28630998730659485,0.2650482952594757,0.8333303928375244
42,16,3,0.09221360087394714,STDK_plus_QLSTM,-0.6420918107032776,0.25183194875717163,1.045025110244751
42,16,3,0.09221360087394714,STDK_plus_QConvLSTM,-0.5051079988479614,0.3736022710800171,1.16943359375
42,16,4,-0.09569640457630157,STDK,-0.3000626564025879,0.2515605092048645,0.8263151049613953
42,16,4,-0.09569640457630157,STDK_plus_QLSTM,-0.6734662055969238,0.21656031906604767,1.009232759475708
42,16,4,-0.09569640457630157,STDK_plus_QConvLSTM,-0.4261339604854584,0.4047943651676178,1.237009882926941
42,16,5,-0.3612203001976013,STDK,-0.3436647355556488,0.2151642143726349,0.7969348430633545
42,16,5,-0.3612203001976013,STDK_plus_QLSTM,-0.7045295238494873,0.18058286607265472,0.9734765887260437
42,16,5,-0.3612203001976013,STDK_plus_QConvLSTM,-0.4440835416316986,0.4675918519496918,1.189334750175476
42,17,1,0.6458536982536316,STDK,-0.6233657002449036,-0.07965799421072006,0.5275499820709229
42,17,1,0.6458536982536316,STDK_plus_QLSTM,-0.989018440246582,-0.022634074091911316,0.7654070854187012
42,17,1,0.6458536982536316,STDK_plus_QConvLSTM,-1.1960148811340332,-0.2813124656677246,0.5648680925369263
42,17,2,0.4658878445625305,STDK,-0.6794021725654602,-0.1478009670972824,0.46454066038131714
42,17,2,0.4658878445625305,STDK_plus_QLSTM,-0.9627425670623779,-0.006334707140922546,0.7826245427131653
42,17,2,0.4658878445625305,STDK_plus_QConvLSTM,-1.2056770324707031,-0.2327101081609726,0.6271906495094299
42,17,3,0.03824460133910179,STDK,-0.8100345730781555,-0.28446245193481445,0.33403241634368896
42,17,3,0.03824460133910179,STDK_plus_QLSTM,-0.9486728310585022,0.0023160725831985474,0.7945374250411987
42,17,3,0.03824460133910179,STDK_plus_QConvLSTM,-0.9764863848686218,0.007640264928340912,0.769523561000824
42,17,4,-0.1723293960094452,STDK,-0.953129768371582,-0.42728808522224426,0.19824257493019104
42,17,4,-0.1723293960094452,STDK_plus_QLSTM,-0.9384763240814209,0.008011415600776672,0.8048384189605713
42,17,4,-0.1723293960094452,STDK_plus_QConvLSTM,-0.944171130657196,0.027122242376208305,0.7289915680885315
42,17,5,0.030932694673538208,STDK,-1.0249900817871094,-0.492798775434494,0.1405179798603058
42,17,5,0.030932694673538208,STDK_plus_QLSTM,-0.9304407835006714,0.012497380375862122,0.8114439845085144
42,17,5,0.030932694673538208,STDK_plus_QConvLSTM,-0.8461863994598389,0.03930006921291351,0.7283411622047424
42,18,1,-0.3482202887535095,STDK,-0.5100593566894531,0.12771014869213104,0.7320947051048279
42,18,1,-0.3482202887535095,STDK_plus_QLSTM,-0.7549216747283936,0.16713321208953857,0.9750504493713379
42,18,1,-0.3482202887535095,STDK_plus_QConvLSTM,-0.561041533946991,0.23736786842346191,1.0969624519348145
42,18,2,0.21363283693790436,STDK,-0.7067110538482666,-0.08304765820503235,0.5265665054321289
42,18,2,0.21363283693790436,STDK_plus_QLSTM,-0.8066473603248596,0.12771975994110107,0.9363980293273926
42,18,2,0.21363283693790436,STDK_plus_QConvLSTM,-0.6987340450286865,0.15975895524024963,1.0398362874984741
42,18,3,0.2615526020526886,STDK,-0.7915535569190979,-0.17463277280330658,0.44120311737060547
42,18,3,0.2615526020526886,STDK_plus_QLSTM,-0.8329845666885376,0.10439857840538025,0.9148095846176147
42,18,3,0.2615526020526886,STDK_plus_QConvLSTM,-0.7160061597824097,0.19394782185554504,1.0038994550704956
42,18,4,-0.14390040934085846,STDK,-0.8628051280975342,-0.24489012360572815,0.3778596818447113
42,18,4,-0.14390040934085846,STDK_plus_QLSTM,-0.8446862101554871,0.08772796392440796,0.9003313183784485
42,18,4,-0.14390040934085846,STDK_plus_QConvLSTM,-0.7555629014968872,0.16734455525875092,1.0041035413742065
42,18,5,0.49481669068336487,STDK,-0.8662325143814087,-0.23890778422355652,0.3911231458187103
42,18,5,0.49481669068336487,STDK_plus_QLSTM,-0.8525259494781494,0.07195013761520386,0.883332371711731
42,18,5,0.49481669068336487,STDK_plus_QConvLSTM,-0.7820020318031311,0.17324750125408173,1.0955607891082764
42,19,1,-0.4195302724838257,STDK,-1.057235836982727,-0.48358669877052307,0.12399151921272278
42,19,1,-0.4195302724838257,STDK_plus_QLSTM,-1.312625527381897,-0.4682181179523468,0.31529882550239563
42,19,1,-0.4195302724838257,STDK_plus_QConvLSTM,-1.0445926189422607,-0.17239512503147125,0.6171767711639404
42,19,2,-0.7141981720924377,STDK,-1.1679878234863281,-0.6092799305915833,0.003375530242919922
42,19,2,-0.7141981720924377,STDK_plus_QLSTM,-1.4038844108581543,-0.5473542809486389,0.23542165756225586
42,19,2,-0.7141981720924377,STDK_plus_QConvLSTM,-1.0788962841033936,-0.22294098138809204,0.5916250348091125
42,19,3,-0.6438934206962585,STDK,-1.257103681564331,-0.706219494342804,-0.08779025077819824
42,19,3,-0.6438934206962585,STDK_plus_QLSTM,-1.4848439693450928,-0.6254737377166748,0.15588456392288208
42,19,3,-0.6438934206962585,STDK_plus_QConvLSTM,-1.1252412796020508,-0.2986605763435364,0.5482459664344788
42,19,4,-0.7763224244117737,STDK,-1.3483836650848389,-0.7980800867080688,-0.1730484962463379
42,19,4,-0.7763224244117737,STDK_plus_QLSTM,-1.56300687789917,-0.7022618055343628,0.07869595289230347
42,19,4,-0.7763224244117737,STDK_plus_QConvLSTM,-1.178011417388916,-0.3344784677028656,0.5195966958999634
42,19,5,-0.4491312801837921,STDK,-1.4130303859710693,-0.8562785387039185,-0.22384023666381836
42,19,5,-0.4491312801837921,STDK_plus_QLSTM,-1.63671875,-0.7758516073226929,0.0062844157218933105
42,19,5,-0.4491312801837921,STDK_plus_QConvLSTM,-1.223918080329895,-0.34201350808143616,0.7088768482208252
42,20,1,0.5568687319755554,STDK,-0.5227870345115662,0.049200527369976044,0.6223908066749573
42,20,1,0.5568687319755554,STDK_plus_QLSTM,-0.7901578545570374,0.08801774680614471,0.8937612771987915
42,20,1,0.5568687319755554,STDK_plus_QConvLSTM,-0.4773898422718048,0.3069831430912018,1.2112253904342651
42,20,2,0.26640182733535767,STDK,-0.5998533964157104,-0.044199660420417786,0.5338022708892822
42,20,2,0.26640182733535767,STDK_plus_QLSTM,-0.8282596468925476,0.049163978546857834,0.8537257313728333
42,20,2,0.26640182733535767,STDK_plus_QConvLSTM,-0.42647087574005127,0.36834901571273804,1.2795919179916382
42,20,3,0.6440696120262146,STDK,-0.633944571018219,-0.08569446951150894,0.49801865220069885
42,20,3,0.6440696120262146,STDK_plus_QLSTM,-0.8515070080757141,0.024317782372236252,0.8307570219039917
42,20,3,0.6440696120262146,STDK_plus_QConvLSTM,-0.39822545647621155,0.3321751058101654,1.1326645612716675
42,20,4,0.4341796040534973,STDK,-0.7293632626533508,-0.18149177730083466,0.40874290466308594
42,20,4,0.4341796040534973,STDK_plus_QLSTM,-0.8669720888137817,0.007184188812971115,0.8163825869560242
42,20,4,0.4341796040534973,STDK_plus_QConvLSTM,-0.48038044571876526,0.2999211251735687,1.1377569437026978
42,20,5,0.019214697182178497,STDK,-0.8199179172515869,-0.26565977931022644,0.33150675892829895
42,20,5,0.019214697182178497,STDK_plus_QLSTM,-0.877781331539154,-0.005388218909502029,0.8022847771644592
42,20,5,0.019214697182178497,STDK_plus_QConvLSTM,-0.624819815158844,0.2622867822647095,1.0840504169464111
42,21,1,-0.5623652935028076,STDK,-1.0774753093719482,-0.5429055690765381,0.02873098850250244
42,21,1,-0.5623652935028076,STDK_plus_QLSTM,-1.3419907093048096,-0.5060775876045227,0.26361083984375
42,21,1,-0.5623652935028076,STDK_plus_QConvLSTM,-0.7793436646461487,0.05060723051428795,0.9281540513038635
42,21,2,-0.01810915768146515,STDK,-1.161327600479126,-0.6397109627723694,-0.0630905032157898
42,21,2,-0.01810915768146515,STDK_plus_QLSTM,-1.3927912712097168,-0.563144862651825,0.20945662260055542
42,21,2,-0.01810915768146515,STDK_plus_QConvLSTM,-0.7987715601921082,0.09351485967636108,0.98096764087677
42,21,3,-0.076870396733284,STDK,-1.2279319763183594,-0.7132112979888916,-0.1307712197303772
42,21,3,-0.076870396733284,STDK_plus_QLSTM,-1.4404594898223877,-0.6144763827323914,0.157504141330719
42,21,3,-0.076870396733284,STDK_plus_QConvLSTM,-0.6591805219650269,0.07719041407108307,0.9707565307617188
42,21,4,-0.4726123809814453,STDK,-1.2481517791748047,-0.7337584495544434,-0.1447676420211792
42,21,4,-0.4726123809814453,STDK_plus_QLSTM,-1.4999041557312012,-0.6606119871139526,0.10879534482955933
42,21,4,-0.4726123809814453,STDK_plus_QConvLSTM,-0.6405403017997742,0.0969085618853569,0.9425231218338013
42,21,5,-0.8135873079299927,STDK,-1.2667182683944702,-0.7461506128311157,-0.15005731582641602
42,21,5,-0.8135873079299927,STDK_plus_QLSTM,-1.5617971420288086,-0.702497661113739,0.06570053100585938
42,21,5,-0.8135873079299927,STDK_plus_QConvLSTM,-0.6693156957626343,0.0783984586596489,0.9539114236831665
42,22,1,-1.122042179107666,STDK,-1.1789155006408691,-0.6392961740493774,-0.07889842987060547
42,22,1,-1.122042179107666,STDK_plus_QLSTM,-1.419386863708496,-0.5384899377822876,0.12768322229385376
42,22,1,-1.122042179107666,STDK_plus_QConvLSTM,-2.013188123703003,-0.8255018591880798,-0.04748028516769409
42,22,2,-0.8793201446533203,STDK,-1.2908554077148438,-0.7643002271652222,-0.19895648956298828
42,22,2,-0.8793201446533203,STDK_plus_QLSTM,-1.3879315853118896,-0.5030733346939087,0.16638225317001343
42,22,2,-0.8793201446533203,STDK_plus_QConvLSTM,-1.9438735246658325,-0.8016672134399414,-0.0008180141448974609
42,22,3,-0.2572264075279236,STDK,-1.4039840698242188,-0.8842737674713135,-0.31315869092941284
42,22,3,-0.2572264075279236,STDK_plus_QLSTM,-1.3535435199737549,-0.4678575396537781,0.20523053407669067
42,22,3,-0.2572264075279236,STDK_plus_QConvLSTM,-1.9782135486602783,-0.7771869897842407,-0.0972641110420227
42,22,4,-0.5168384313583374,STDK,-1.465160608291626,-0.9455856680870056,-0.36797815561294556
42,22,4,-0.5168384313583374,STDK_plus_QLSTM,-1.3182716369628906,-0.433402419090271,0.2427217960357666
42,22,4,-0.5168384313583374,STDK_plus_QConvLSTM,-1.9253337383270264,-0.7673438787460327,-0.10003995895385742
42,22,5,-0.4059012830257416,STDK,-1.505438208580017,-0.9795424938201904,-0.39491021633148193
42,22,5,-0.4059012830257416,STDK_plus_QLSTM,-1.284169316291809,-0.40119802951812744,0.2773010730743408
42,22,5,-0.4059012830257416,STDK_plus_QConvLSTM,-1.8006587028503418,-0.6400967836380005,-0.01626664400100708
42,23,1,-0.28438329696655273,STDK,-0.8716651201248169,-0.3123790919780731,0.23421648144721985
42,23,1,-0.28438329696655273,STDK_plus_QLSTM,-1.3433763980865479,-0.3952483534812927,0.38535434007644653
42,23,1,-0.28438329696655273,STDK_plus_QConvLSTM,-1.2931150197982788,-0.35349199175834656,0.4287826120853424
42,23,2,0.4461328387260437,STDK,-0.9457813501358032,-0.39825549721717834,0.1533103883266449
42,23,2,0.4461328387260437,STDK_plus_QLSTM,-1.3951244354248047,-0.44411468505859375,0.33853453397750854
42,23,2,0.4461328387260437,STDK_plus_QConvLSTM,-1.2871146202087402,-0.4599008560180664,0.3697904944419861
42,23,3,0.3229445815086365,STDK,-1.0653376579284668,-0.5237783789634705,0.0335155725479126
42,23,3,0.3229445815086365,STDK_plus_QLSTM,-1.4546111822128296,-0.5060158967971802,0.27622294425964355
42,23,3,0.3229445815086365,STDK_plus_QConvLSTM,-1.3550941944122314,-0.5411610007286072,0.2955324649810791
42,23,4,0.34593459963798523,STDK,-1.2089040279388428,-0.6671613454818726,-0.10351002216339111
42,23,4,0.34593459963798523,STDK_plus_QLSTM,-1.522533655166626,-0.5788134932518005,0.2041916847229004
42,23,4,0.34593459963798523,STDK_plus_QConvLSTM,-1.488386869430542,-0.645713210105896,0.20027047395706177
42,23,5,0.2846056818962097,STDK,-1.3102185726165771,-0.7622525095939636,-0.19175046682357788
42,23,5,0.2846056818962097,STDK_plus_QLSTM,-1.591101884841919,-0.6544110774993896,0.13054388761520386
42,23,5,0.2846056818962097,STDK_plus_QConvLSTM,-1.5625172853469849,-0.7109724879264832,0.20361942052841187
42,24,1,-1.4106552600860596,STDK,-2.040759563446045,-1.4773340225219727,-0.9342696070671082
42,24,1,-1.4106552600860596,STDK_plus_QLSTM,-2.3726253509521484,-1.4713380336761475,-0.6083368062973022
42,24,1,-1.4106552600860596,STDK_plus_QConvLSTM,-2.385087013244629,-1.421406626701355,-0.4509353041648865
42,24,2,-1.4081060886383057,STDK,-2.0641331672668457,-1.5136089324951172,-0.9657859206199646
42,24,2,-1.4081060886383057,STDK_plus_QLSTM,-2.4081227779388428,-1.4685027599334717,-0.5587743520736694
42,24,2,-1.4081060886383057,STDK_plus_QConvLSTM,-2.4199838638305664,-1.4401328563690186,-0.4157681465148926
42,24,3,-1.4680674076080322,STDK,-2.1110634803771973,-1.5676466226577759,-1.0141651630401611
42,24,3,-1.4680674076080322,STDK_plus_QLSTM,-2.4063048362731934,-1.4643445014953613,-0.554371178150177
42,24,3,-1.4680674076080322,STDK_plus_QConvLSTM,-2.3593101501464844,-1.397957444190979,-0.3741729259490967
42,24,4,-1.4708232879638672,STDK,-2.1665186882019043,-1.623518705368042,-1.0636080503463745
42,24,4,-1.4708232879638672,STDK_plus_QLSTM,-2.390963077545166,-1.4626810550689697,-0.5776218771934509
42,24,4,-1.4708232879638672,STDK_plus_QConvLSTM,-2.214214324951172,-1.2390254735946655,-0.25069916248321533
42,24,5,-0.7148952484130859,STDK,-2.216538906097412,-1.667391300201416,-1.100477695465088
42,24,5,-0.7148952484130859,STDK_plus_QLSTM,-2.37591552734375,-1.4604436159133911,-0.6157899498939514
42,24,5,-0.7148952484130859,STDK_plus_QConvLSTM,-2.324185609817505,-1.4821091890335083,-0.3998394012451172
42,25,1,-2.2517261505126953,STDK,-2.831242561340332,-2.2724251747131348,-1.7287808656692505
42,25,1,-2.2517261505126953,STDK_plus_QLSTM,-3.192228317260742,-2.277876138687134,-1.5401933193206787
42,25,1,-2.2517261505126953,STDK_plus_QConvLSTM,-2.4533581733703613,-1.4355926513671875,-0.7258967757225037
42,25,2,-1.6119121313095093,STDK,-2.820542573928833,-2.274001121520996,-1.7254949808120728
42,25,2,-1.6119121313095093,STDK_plus_QLSTM,-3.1790049076080322,-2.2494678497314453,-1.5032122135162354
42,25,2,-1.6119121313095093,STDK_plus_QConvLSTM,-2.391061305999756,-1.3827372789382935,-0.6498343348503113
42,25,3,-1.8752413988113403,STDK,-2.8623857498168945,-2.3224990367889404,-1.7683541774749756
42,25,3,-1.8752413988113403,STDK_plus_QLSTM,-3.141510009765625,-2.218446969985962,-1.4673867225646973
42,25,3,-1.8752413988113403,STDK_plus_QConvLSTM,-2.398343086242676,-1.3770825862884521,-0.49532610177993774
42,25,4,-2.429882287979126,STDK,-2.94193434715271,-2.402282476425171,-1.841822862625122
42,25,4,-2.429882287979126,STDK_plus_QLSTM,-3.0931551456451416,-2.175823926925659,-1.4249324798583984
42,25,4,-2.429882287979126,STDK_plus_QConvLSTM,-2.2564492225646973,-1.1928250789642334,-0.3085635304450989
42,25,5,-1.8726112842559814,STDK,-3.011080741882324,-2.4654946327209473,-1.898195505142212
42,25,5,-1.8726112842559814,STDK_plus_QLSTM,-3.054262161254883,-2.1321964263916016,-1.3840415477752686
42,25,5,-1.8726112842559814,STDK_plus_QConvLSTM,-2.1650993824005127,-1.0641262531280518,-0.17411470413208008
42,26,1,1.3544437885284424,STDK,-0.06127682328224182,0.44494691491127014,1.0067769289016724
42,26,1,1.3544437885284424,STDK_plus_QLSTM,-0.45589137077331543,0.3611564636230469,1.249491810798645
42,26,1,1.3544437885284424,STDK_plus_QConvLSTM,-1.3416991233825684,-0.1663094460964203,0.7368578910827637
42,26,2,1.1196318864822388,STDK,0.03685206174850464,0.5315812826156616,1.0983479022979736
42,26,2,1.1196318864822388,STDK_plus_QLSTM,-0.5060688257217407,0.30785301327705383,1.2091478109359741
42,26,2,1.1196318864822388,STDK_plus_QConvLSTM,-1.4094187021255493,-0.2830415666103363,0.5546313524246216
42,26,3,0.9189456105232239,STDK,0.08878469467163086,0.5776079893112183,1.1501535177230835
42,26,3,0.9189456105232239,STDK_plus_QLSTM,-0.5978909730911255,0.21474352478981018,1.1202188730239868
42,26,3,0.9189456105232239,STDK_plus_QConvLSTM,-1.117101788520813,-0.05932987481355667,0.8171254396438599
42,26,4,0.5929166078567505,STDK,0.10796257853507996,0.5967344045639038,1.175786018371582
42,26,4,0.5929166078567505,STDK_plus_QLSTM,-0.7094746828079224,0.10259506106376648,1.0089596509933472
42,26,4,0.5929166078567505,STDK_plus_QConvLSTM,-0.9807131290435791,-0.01973678544163704,0.833206057548523
42,26,5,0.9380687475204468,STDK,0.10195788741111755,0.5958294868469238,1.181919813156128
42,26,5,0.9380687475204468,STDK_plus_QLSTM,-0.8257132768630981,-0.013931777328252792,0.8930741548538208
42,26,5,0.9380687475204468,STDK_plus_QConvLSTM,-0.9088356494903564,0.02092129737138748,0.9383164048194885
42,27,1,1.9304198026657104,STDK,0.6144457459449768,1.123579502105713,1.717036247253418
42,27,1,1.9304198026657104,STDK_plus_QLSTM,0.22354227304458618,1.165936827659607,1.9391636848449707
42,27,1,1.9304198026657104,STDK_plus_QConvLSTM,-0.6918867826461792,0.39450713992118835,1.332106590270996
42,27,2,1.2813758850097656,STDK,0.6175777912139893,1.1144533157348633,1.7131562232971191
42,27,2,1.2813758850097656,STDK_plus_QLSTM,0.3105568289756775,1.2215605974197388,1.9984164237976074
42,27,2,1.2813758850097656,STDK_plus_QConvLSTM,-0.681448221206665,0.3545888662338257,1.2675869464874268
42,27,3,1.5780545473098755,STDK,0.5842064619064331,1.0744355916976929,1.679185152053833
42,27,3,1.5780545473098755,STDK_plus_QLSTM,0.3782617449760437,1.2580726146697998,2.045771837234497
42,27,3,1.5780545473098755,STDK_plus_QConvLSTM,-0.7851685881614685,0.3339316248893738,1.238105297088623
42,27,4,0.7839096188545227,STDK,0.5376478433609009,1.0275242328643799,1.6387957334518433
42,27,4,0.7839096188545227,STDK_plus_QLSTM,0.42326366901397705,1.288105845451355,2.0759854316711426
42,27,4,0.7839096188545227,STDK_plus_QConvLSTM,-0.5590989589691162,0.4500778615474701,1.4163572788238525
42,27,5,1.0097336769104004,STDK,0.48616310954093933,0.9817593097686768,1.6002613306045532
42,27,5,1.0097336769104004,STDK_plus_QLSTM,0.4516488313674927,1.316405177116394,2.099860668182373
42,27,5,1.0097336769104004,STDK_plus_QConvLSTM,-0.5342681407928467,0.43347159028053284,1.4321367740631104
42,28,1,2.0422568321228027,STDK,1.594059944152832,2.157381534576416,2.7697741985321045
42,28,1,2.0422568321228027,STDK_plus_QLSTM,1.3567755222320557,2.232573986053467,2.9614906311035156
42,28,1,2.0422568321228027,STDK_plus_QConvLSTM,0.5796594619750977,1.7346464395523071,2.65347957611084
42,28,2,1.9178928136825562,STDK,1.5006264448165894,2.05098295211792,2.668483257293701
42,28,2,1.9178928136825562,STDK_plus_QLSTM,1.297597885131836,2.178060293197632,2.903137445449829
42,28,2,1.9178928136825562,STDK_plus_QConvLSTM,0.785348653793335,1.8081138134002686,2.679572582244873
42,28,3,1.6457725763320923,STDK,1.4132654666900635,1.9576139450073242,2.581298589706421
42,28,3,1.6457725763320923,STDK_plus_QLSTM,1.2674016952514648,2.136789560317993,2.858710527420044
42,28,3,1.6457725763320923,STDK_plus_QConvLSTM,0.9385804533958435,1.8085606098175049,2.7291550636291504
42,28,4,0.8761786222457886,STDK,1.341823697090149,1.8864986896514893,2.517314910888672
42,28,4,0.8761786222457886,STDK_plus_QLSTM,1.2579879760742188,2.1128227710723877,2.8324778079986572
42,28,4,0.8761786222457886,STDK_plus_QConvLSTM,1.0439560413360596,1.9208018779754639,2.834695816040039
42,28,5,1.5176646709442139,STDK,1.2971584796905518,1.8480936288833618,2.4866175651550293
42,28,5,1.5176646709442139,STDK_plus_QLSTM,1.2453914880752563,2.1000113487243652,2.818938732147217
42,28,5,1.5176646709442139,STDK_plus_QConvLSTM,1.1340546607971191,2.0248570442199707,2.9298288822174072
42,29,1,-1.2351702451705933,STDK,-2.1850595474243164,-1.5562803745269775,-0.9493371248245239
42,29,1,-1.2351702451705933,STDK_plus_QLSTM,-2.507420539855957,-1.4948618412017822,-0.6283872723579407
42,29,1,-1.2351702451705933,STDK_plus_QConvLSTM,-2.452207088470459,-1.504374384880066,-0.5749551057815552
42,29,2,-2.0214133262634277,STDK,-2.2775611877441406,-1.6638696193695068,-1.0516765117645264
42,29,2,-2.0214133262634277,STDK_plus_QLSTM,-2.590945243835449,-1.51219642162323,-0.6370515823364258
42,29,2,-2.0214133262634277,STDK_plus_QConvLSTM,-2.38849139213562,-1.4411805868148804,-0.6051993370056152
42,29,3,-1.3653804063796997,STDK,-2.3632774353027344,-1.7573989629745483,-1.1389803886413574
42,29,3,-1.3653804063796997,STDK_plus_QLSTM,-2.6197378635406494,-1.5250877141952515,-0.6429793238639832
42,29,3,-1.3653804063796997,STDK_plus_QConvLSTM,-2.2463464736938477,-1.4036128520965576,-0.5316857099533081
42,29,4,-1.9574432373046875,STDK,-2.4348669052124023,-1.8287971019744873,-1.2032548189163208
42,29,4,-1.9574432373046875,STDK_plus_QLSTM,-2.612995147705078,-1.5375111103057861,-0.6495789885520935
42,29,4,-1.9574432373046875,STDK_plus_QConvLSTM,-2.137136936187744,-1.3232098817825317,-0.46053117513656616
42,29,5,-1.5067332983016968,STDK,-2.5111069679260254,-1.8967292308807373,-1.2635905742645264
42,29,5,-1.5067332983016968,STDK_plus_QLSTM,-2.5925116539001465,-1.548096776008606,-0.6559816002845764
42,29,5,-1.5067332983016968,STDK_plus_QConvLSTM,-2.042293071746826,-1.2114436626434326,-0.3302156925201416
42,30,1,-1.1576921939849854,STDK,-1.8848545551300049,-1.277127981185913,-0.7038953900337219
42,30,1,-1.1576921939849854,STDK_plus_QLSTM,-2.0147740840911865,-1.0852068662643433,-0.35997170209884644
42,30,1,-1.1576921939849854,STDK_plus_QConvLSTM,-1.960862398147583,-0.8173756003379822,-0.11596077680587769
42,30,2,-1.1339231729507446,STDK,-2.0599782466888428,-1.4679629802703857,-0.8899094462394714
42,30,2,-1.1339231729507446,STDK_plus_QLSTM,-2.0397491455078125,-1.103682279586792,-0.3703190088272095
42,30,2,-1.1339231729507446,STDK_plus_QConvLSTM,-1.8367547988891602,-0.7550891041755676,-0.006964921951293945
42,30,3,-1.3975473642349243,STDK,-2.1571226119995117,-1.5740904808044434,-0.99029141664505
42,30,3,-1.3975473642349243,STDK_plus_QLSTM,-2.0436201095581055,-1.1097403764724731,-0.3792336583137512
42,30,3,-1.3975473642349243,STDK_plus_QConvLSTM,-1.7962851524353027,-0.6828300356864929,0.01246488094329834
42,30,4,-1.340017318725586,STDK,-2.2334845066070557,-1.6509010791778564,-1.0605401992797852
42,30,4,-1.340017318725586,STDK_plus_QLSTM,-2.0402448177337646,-1.1079851388931274,-0.38732093572616577
42,30,4,-1.340017318725586,STDK_plus_QConvLSTM,-1.7068307399749756,-0.6161323189735413,0.1281977891921997
42,30,5,-1.300856351852417,STDK,-2.273867607116699,-1.6835510730743408,-1.0861973762512207
42,30,5,-1.300856351852417,STDK_plus_QLSTM,-2.029388904571533,-1.09890878200531,-0.3833767771720886
42,30,5,-1.300856351852417,STDK_plus_QConvLSTM,-1.7677090167999268,-0.6613074541091919,0.12222623825073242
42,31,1,1.5531117916107178,STDK,0.19474685192108154,0.7229480743408203,1.2962760925292969
42,31,1,1.5531117916107178,STDK_plus_QLSTM,-0.07650786638259888,0.7995097637176514,1.5088615417480469
42,31,1,1.5531117916107178,STDK_plus_QConvLSTM,-0.7777526378631592,0.18873640894889832,1.0110859870910645
42,31,2,0.4968988299369812,STDK,0.1850038766860962,0.7009991407394409,1.2792277336120605
42,31,2,0.4968988299369812,STDK_plus_QLSTM,-0.00573498010635376,0.8943909406661987,1.6217392683029175
42,31,2,0.4968988299369812,STDK_plus_QConvLSTM,-0.7530856728553772,0.13186103105545044,0.9713847041130066
42,31,3,0.3469095826148987,STDK,0.1327623724937439,0.642105758190155,1.2261054515838623
42,31,3,0.3469095826148987,STDK_plus_QLSTM,0.03395038843154907,0.9515116810798645,1.6873283386230469
42,31,3,0.3469095826148987,STDK_plus_QConvLSTM,-0.7092244029045105,0.15757109224796295,0.9683980941772461
42,31,4,0.5594565868377686,STDK,0.048005878925323486,0.5571982860565186,1.147758960723877
42,31,4,0.5594565868377686,STDK_plus_QLSTM,0.05894649028778076,0.9856432676315308,1.72397780418396
42,31,4,0.5594565868377686,STDK_plus_QConvLSTM,-0.7617989182472229,0.11641652882099152,0.9999023675918579
42,31,5,0.16648370027542114,STDK,-0.05755448341369629,0.45779162645339966,1.055505394935608
42,31,5,0.16648370027542114,STDK_plus_QLSTM,0.07650113105773926,1.0018088817596436,1.7394320964813232
42,31,5,0.16648370027542114,STDK_plus_QConvLSTM,-0.8261279463768005,0.01013169065117836,0.9242980480194092
42,32,1,-0.0013642720878124237,STDK,-0.6734581589698792,-0.13712282478809357,0.42023324966430664
42,32,1,-0.0013642720878124237,STDK_plus_QLSTM,-0.9987831711769104,-0.10140867531299591,0.5808404088020325
42,32,1,-0.0013642720878124237,STDK_plus_QConvLSTM,-1.2388081550598145,-0.2110186368227005,0.5216006636619568
42,32,2,0.4521218538284302,STDK,-0.725479245185852,-0.20119376480579376,0.3610321283340454
42,32,2,0.4521218538284302,STDK_plus_QLSTM,-0.9306122064590454,-0.02744673565030098,0.6698575019836426
42,32,2,0.4521218538284302,STDK_plus_QConvLSTM,-1.1604801416397095,-0.17563210427761078,0.6315691471099854
42,32,3,0.23407460749149323,STDK,-0.746281623840332,-0.22884602844715118,0.3390488028526306
42,32,3,0.23407460749149323,STDK_plus_QLSTM,-0.8841715455055237,0.02506391331553459,0.7387100458145142
42,32,3,0.23407460749149323,STDK_plus_QConvLSTM,-1.1181755065917969,-0.12449449300765991,0.7620087265968323
42,32,4,0.7012866139411926,STDK,-0.7499161958694458,-0.23273923993110657,0.3415006101131439
42,32,4,0.7012866139411926,STDK_plus_QLSTM,-0.8487597703933716,0.06486542522907257,0.7972120046615601
42,32,4,0.7012866139411926,STDK_plus_QConvLSTM,-1.041660189628601,-0.09845659136772156,0.7303030490875244
42,32,5,1.1851747035980225,STDK,-0.7660659551620483,-0.24264954030513763,0.33845460414886475
42,32,5,1.1851747035980225,STDK_plus_QLSTM,-0.8328565955162048,0.08761562407016754,0.8395272493362427
42,32,5,1.1851747035980225,STDK_plus_QConvLSTM,-1.0062694549560547,-0.04557853564620018,0.7160430550575256
42,33,1,-0.13107527792453766,STDK,-0.9594448804855347,-0.3884892761707306,0.1647302210330963
42,33,1,-0.13107527792453766,STDK_plus_QLSTM,-1.1063640117645264,-0.18204434216022491,0.5498993992805481
42,33,1,-0.13107527792453766,STDK_plus_QConvLSTM,-1.185825228691101,-0.3662436902523041,0.445150762796402
42,33,2,-0.025883160531520844,STDK,-1.1528570652008057,-0.5938221216201782,-0.03574228286743164
42,33,2,-0.025883160531520844,STDK_plus_QLSTM,-1.1791067123413086,-0.25424450635910034,0.4764903783798218
42,33,2,-0.025883160531520844,STDK_plus_QConvLSTM,-1.1876364946365356,-0.4007045328617096,0.3604120910167694
42,33,3,0.5052915811538696,STDK,-1.358574628829956,-0.8055921792984009,-0.24191582202911377
42,33,3,0.5052915811538696,STDK_plus_QLSTM,-1.2426213026046753,-0.31854569911956787,0.41273432970046997
42,33,3,0.5052915811538696,STDK_plus_QConvLSTM,-0.9741906523704529,-0.261515736579895,0.4439607262611389
42,33,4,-0.22920340299606323,STDK,-1.549492597579956,-0.9961557388305664,-0.42617887258529663
42,33,4,-0.22920340299606323,STDK_plus_QLSTM,-1.299894094467163,-0.3760632872581482,0.35781192779541016
42,33,4,-0.22920340299606323,STDK_plus_QConvLSTM,-0.9762313961982727,-0.3356096148490906,0.472464919090271
42,33,5,-0.6143852472305298,STDK,-1.6756285429000854,-1.115803599357605,-0.5389754772186279
42,33,5,-0.6143852472305298,STDK_plus_QLSTM,-1.3536638021469116,-0.42911380529403687,0.30534207820892334
42,33,5,-0.6143852472305298,STDK_plus_QConvLSTM,-1.1586103439331055,-0.37037646770477295,0.37308818101882935
42,34,1,-0.9950652718544006,STDK,-1.7224066257476807,-1.15032160282135,-0.5893722176551819
42,34,1,-0.9950652718544006,STDK_plus_QLSTM,-2.0495288372039795,-1.0966843366622925,-0.36239778995513916
42,34,1,-0.9950652718544006,STDK_plus_QConvLSTM,-1.8865360021591187,-0.832351803779602,-0.042233169078826904
42,34,2,-0.018255159258842468,STDK,-1.809259295463562,-1.2499932050704956,-0.6839390397071838
42,34,2,-0.018255159258842468,STDK_plus_QLSTM,-2.034846782684326,-1.0746512413024902,-0.34228694438934326
42,34,2,-0.018255159258842468,STDK_plus_QConvLSTM,-1.8677518367767334,-0.8263329267501831,-0.054324567317962646
42,34,3,-0.027823403477668762,STDK,-2.0191221237182617,-1.4663608074188232,-0.8944206237792969
42,34,3,-0.027823403477668762,STDK_plus_QLSTM,-1.9892640113830566,-1.0313411951065063,-0.2974201440811157
42,34,3,-0.027823403477668762,STDK_plus_QConvLSTM,-1.8508222103118896,-0.8155396580696106,-0.04685419797897339
42,34,4,0.09475159645080566,STDK,-2.2457594871520996,-1.6927216053009033,-1.114282250404358
42,34,4,0.09475159645080566,STDK_plus_QLSTM,-1.930713176727295,-0.9770467281341553,-0.24008125066757202
42,34,4,0.09475159645080566,STDK_plus_QConvLSTM,-1.8968243598937988,-0.8171083331108093,-0.09724968671798706
42,34,5,-0.0022653043270111084,STDK,-2.439124584197998,-1.8792634010314941,-1.2937815189361572
42,34,5,-0.0022653043270111084,STDK_plus_QLSTM,-1.862475037574768,-0.9163071513175964,-0.17655152082443237
42,34,5,-0.0022653043270111084,STDK_plus_QConvLSTM,-1.9087562561035156,-0.8005717396736145,-0.16418993473052979
42,35,1,-1.1108752489089966,STDK,-1.996047019958496,-1.43898344039917,-0.8726569414138794
42,35,1,-1.1108752489089966,STDK_plus_QLSTM,-2.274712085723877,-1.3669977188110352,-0.6196958422660828
42,35,1,-1.1108752489089966,STDK_plus_QConvLSTM,-2.1369032859802246,-1.1678358316421509,-0.39857733249664307
42,35,2,-0.9500551223754883,STDK,-2.0840587615966797,-1.5396342277526855,-0.9682216048240662
42,35,2,-0.9500551223754883,STDK_plus_QLSTM,-2.218473434448242,-1.309907078742981,-0.5609117150306702
42,35,2,-0.9500551223754883,STDK_plus_QConvLSTM,-2.059934139251709,-1.102477788925171,-0.3391820192337036
42,35,3,-0.8779544234275818,STDK,-2.206726312637329,-1.668896198272705,-1.0916438102722168
42,35,3,-0.8779544234275818,STDK_plus_QLSTM,-2.1511731147766113,-1.2440024614334106,-0.4964357018470764
42,35,3,-0.8779544234275818,STDK_plus_QConvLSTM,-1.9395273923873901,-1.0296404361724854,-0.292660117149353
42,35,4,-1.2064495086669922,STDK,-2.309866428375244,-1.7719022035598755,-1.1881135702133179
42,35,4,-1.2064495086669922,STDK_plus_QLSTM,-2.081170082092285,-1.175156593322754,-0.42905116081237793
42,35,4,-1.2064495086669922,STDK_plus_QConvLSTM,-1.7737460136413574,-0.9135464429855347,-0.1451074481010437
42,35,5,-0.5396592617034912,STDK,-2.4226579666137695,-1.878391981124878,-1.2875370979309082
42,35,5,-0.5396592617034912,STDK_plus_QLSTM,-2.012049674987793,-1.1068469285964966,-0.3591585159301758
42,35,5,-0.5396592617034912,STDK_plus_QConvLSTM,-1.7885663509368896,-0.9218493700027466,-0.16440439224243164
42,36,1,0.46140074729919434,STDK,0.18633726239204407,0.6722235083580017,1.262585997581482
42,36,1,0.46140074729919434,STDK_plus_QLSTM,-0.20611172914505005,0.6005503535270691,1.3878517150878906
42,36,1,0.46140074729919434,STDK_plus_QConvLSTM,-0.5291504859924316,0.22432881593704224,0.9909088611602783
42,36,2,0.5749948620796204,STDK,0.2318229079246521,0.7048072814941406,1.3003875017166138
42,36,2,0.5749948620796204,STDK_plus_QLSTM,-0.22165042161941528,0.5901517868041992,1.3752192258834839
42,36,2,0.5749948620796204,STDK_plus_QConvLSTM,-0.5357394218444824,0.14518699049949646,0.9341772794723511
42,36,3,0.7856705784797668,STDK,0.21066954731941223,0.676659882068634,1.2782787084579468
42,36,3,0.7856705784797668,STDK_plus_QLSTM,-0.2571753263473511,0.5584613680839539,1.34488844871521
42,36,3,0.7856705784797668,STDK_plus_QConvLSTM,-0.5508336424827576,0.06534676998853683,0.947441816329956
42,36,4,0.7930375933647156,STDK,0.15666663646697998,0.6221725940704346,1.2301948070526123
42,36,4,0.7930375933647156,STDK_plus_QLSTM,-0.29652923345565796,0.5216977000236511,1.3102835416793823
42,36,4,0.7930375933647156,STDK_plus_QConvLSTM,-0.45320069789886475,0.1621219515800476,0.9665816426277161
42,36,5,0.8057336807250977,STDK,0.10972121357917786,0.5810034275054932,1.1961219310760498
42,36,5,0.8057336807250977,STDK_plus_QLSTM,-0.3302237391471863,0.48764896392822266,1.2781431674957275
42,36,5,0.8057336807250977,STDK_plus_QConvLSTM,-0.3341978192329407,0.3299347162246704,1.1850426197052002
42,37,1,1.2472918033599854,STDK,0.5532404184341431,1.030306100845337,1.6339342594146729
42,37,1,1.2472918033599854,STDK_plus_QLSTM,0.2655840516090393,1.0228159427642822,1.8401436805725098
42,37,1,1.2472918033599854,STDK_plus_QConvLSTM,-0.259027361869812,0.7681173086166382,1.562099575996399
42,37,2,1.2784258127212524,STDK,0.4503667950630188,0.9147027134895325,1.5235371589660645
42,37,2,1.2784258127212524,STDK_plus_QLSTM,0.17375051975250244,0.9155260324478149,1.7287671566009521
42,37,2,1.2784258127212524,STDK_plus_QConvLSTM,-0.3223000168800354,0.6463730931282043,1.493875503540039
42,37,3,1.2541565895080566,STDK,0.33422139286994934,0.7918220162391663,1.406765341758728
42,37,3,1.2541565895080566,STDK_plus_QLSTM,0.08156925439834595,0.7970305681228638,1.6099165678024292
42,37,3,1.2541565895080566,STDK_plus_QConvLSTM,-0.39663076400756836,0.5282356142997742,1.3829528093338013
42,37,4,0.2919386029243469,STDK,0.21227526664733887,0.6695395112037659,1.2914490699768066
42,37,4,0.2919386029243469,STDK_plus_QLSTM,-0.03825664520263672,0.6699057817459106,1.4850852489471436
42,37,4,0.2919386029243469,STDK_plus_QConvLSTM,-0.4088517427444458,0.4691166281700134,1.3905338048934937
42,37,5,1.3225736618041992,STDK,0.08102548122406006,0.5440179705619812,1.1735191345214844
42,37,5,1.3225736618041992,STDK_plus_QLSTM,-0.18121033906936646,0.5416873097419739,1.360390543937683
42,37,5,1.3225736618041992,STDK_plus_QConvLSTM,-0.5186867713928223,0.38977861404418945,1.2583632469177246
42,38,1,-0.5932852625846863,STDK,-1.6221024990081787,-1.0526474714279175,-0.45395439863204956
42,38,1,-0.5932852625846863,STDK_plus_QLSTM,-1.9888520240783691,-1.0411620140075684,-0.21068882942199707
42,38,1,-0.5932852625846863,STDK_plus_QConvLSTM,-1.7179690599441528,-1.046151876449585,-0.1326093077659607
42,38,2,-0.5438061356544495,STDK,-1.6324023008346558,-1.075964331626892,-0.47215670347213745
42,38,2,-0.5438061356544495,STDK_plus_QLSTM,-2.0964555740356445,-1.135429859161377,-0.2919487953186035
42,38,2,-0.5438061356544495,STDK_plus_QConvLSTM,-1.6865108013153076,-1.1138575077056885,-0.1473349928855896
42,38,3,-1.111964464187622,STDK,-1.6577041149139404,-1.1083049774169922,-0.49843311309814453
42,38,3,-1.111964464187622,STDK_plus_QLSTM,-2.1602280139923096,-1.1948381662368774,-0.3523797392845154
42,38,3,-1.111964464187622,STDK_plus_QConvLSTM,-1.733748435974121,-1.1112467050552368,-0.15596473217010498
42,38,4,-1.9250054359436035,STDK,-1.7122013568878174,-1.1630829572677612,-0.54632169008255
42,38,4,-1.9250054359436035,STDK_plus_QLSTM,-2.2232954502105713,-1.2588969469070435,-0.40766799449920654
42,38,4,-1.9250054359436035,STDK_plus_QConvLSTM,-1.6196355819702148,-0.9089884757995605,-0.052542150020599365
42,38,5,-0.6886782646179199,STDK,-1.805968165397644,-1.2506576776504517,-0.6263206005096436
42,38,5,-0.6886782646179199,STDK_plus_QLSTM,-2.275704860687256,-1.3138954639434814,-0.46295469999313354
42,38,5,-0.6886782646179199,STDK_plus_QConvLSTM,-1.5098206996917725,-0.7689803838729858,0.07353204488754272
42,39,1,-1.1608582735061646,STDK,-2.0045104026794434,-1.3939218521118164,-0.8063269853591919
42,39,1,-1.1608582735061646,STDK_plus_QLSTM,-2.299025535583496,-1.281704068183899,-0.5110330581665039
42,39,1,-1.1608582735061646,STDK_plus_QConvLSTM,-2.0486221313476562,-1.0406417846679688,-0.05698603391647339
42,39,2,-0.9793471097946167,STDK,-2.0623018741607666,-1.4653571844100952,-0.8726671934127808
42,39,2,-0.9793471097946167,STDK_plus_QLSTM,-2.397958278656006,-1.3719584941864014,-0.5829574465751648
42,39,2,-0.9793471097946167,STDK_plus_QConvLSTM,-2.0430870056152344,-0.9894018173217773,-0.03474849462509155
42,39,3,-1.5525743961334229,STDK,-2.1294078826904297,-1.539960265159607,-0.9412474632263184
42,39,3,-1.5525743961334229,STDK_plus_QLSTM,-2.4146454334259033,-1.3814334869384766,-0.5840683579444885
42,39,3,-1.5525743961334229,STDK_plus_QConvLSTM,-1.9042534828186035,-0.7822001576423645,0.14354026317596436
42,39,4,-2.0695152282714844,STDK,-2.2271366119384766,-1.6380747556686401,-1.0327739715576172
42,39,4,-2.0695152282714844,STDK_plus_QLSTM,-2.461228370666504,-1.423663854598999,-0.6213566660881042
42,39,4,-2.0695152282714844,STDK_plus_QConvLSTM,-1.6982792615890503,-0.6544299125671387,0.3401449918746948
42,39,5,-1.270309329032898,STDK,-2.309326410293579,-1.7136483192443848,-1.1011528968811035
42,39,5,-1.270309329032898,STDK_plus_QLSTM,-2.4754061698913574,-1.4351212978363037,-0.6400144696235657
42,39,5,-1.270309329032898,STDK_plus_QConvLSTM,-1.7507953643798828,-0.7179681062698364,0.3955153226852417
42,40,1,0.4784057140350342,STDK,-0.7053769826889038,-0.15616919100284576,0.4341639280319214
42,40,1,0.4784057140350342,STDK_plus_QLSTM,-1.0482492446899414,-0.1751752495765686,0.6326348185539246
42,40,1,0.4784057140350342,STDK_plus_QConvLSTM,-0.7796778082847595,0.07234229147434235,0.8162757754325867
42,40,2,0.15471184253692627,STDK,-0.6301702857017517,-0.09352105855941772,0.5017697215080261
42,40,2,0.15471184253692627,STDK_plus_QLSTM,-1.0731878280639648,-0.19815248250961304,0.6151065230369568
42,40,2,0.15471184253692627,STDK_plus_QConvLSTM,-0.7913835048675537,0.0590021088719368,0.8005174994468689
42,40,3,-0.24035640060901642,STDK,-0.6364637017250061,-0.10638482868671417,0.49476927518844604
42,40,3,-0.24035640060901642,STDK_plus_QLSTM,-1.0959113836288452,-0.22240310907363892,0.592290997505188
42,40,3,-0.24035640060901642,STDK_plus_QConvLSTM,-0.788790225982666,0.04349079728126526,0.8008459806442261
42,40,4,0.005551598966121674,STDK,-0.6941317915916443,-0.16399870812892914,0.4438321590423584
42,40,4,0.005551598966121674,STDK_plus_QLSTM,-1.113464117050171,-0.245541512966156,0.5680868029594421
42,40,4,0.005551598966121674,STDK_plus_QConvLSTM,-0.8503864407539368,0.06623555719852448,0.8476332426071167
42,40,5,0.1501016914844513,STDK,-0.71462082862854,-0.17810188233852386,0.43702226877212524
42,40,5,0.1501016914844513,STDK_plus_QLSTM,-1.1430937051773071,-0.266681969165802,0.5444422364234924
42,40,5,0.1501016914844513,STDK_plus_QConvLSTM,-0.8652470111846924,0.03533431887626648,0.8746010065078735
42,41,1,-0.26870524883270264,STDK,-0.7683320045471191,-0.2922133803367615,0.29192978143692017
42,41,1,-0.26870524883270264,STDK_plus_QLSTM,-0.9349055290222168,-0.11283985525369644,0.6254256963729858
42,41,1,-0.26870524883270264,STDK_plus_QConvLSTM,-1.4663039445877075,-0.4685836136341095,0.4217415750026703
42,41,2,-0.5952481627464294,STDK,-0.8673609495162964,-0.40332528948783875,0.18586114048957825
42,41,2,-0.5952481627464294,STDK_plus_QLSTM,-0.9444490671157837,-0.1043720617890358,0.6391114592552185
42,41,2,-0.5952481627464294,STDK_plus_QConvLSTM,-1.356171727180481,-0.44356676936149597,0.41706570982933044
42,41,3,-0.21402539312839508,STDK,-0.9158793091773987,-0.4582115411758423,0.13683587312698364
42,41,3,-0.21402539312839508,STDK_plus_QLSTM,-0.9568848609924316,-0.10528097301721573,0.6457945108413696
42,41,3,-0.21402539312839508,STDK_plus_QConvLSTM,-1.3248380422592163,-0.4458755552768707,0.44515737891197205
42,41,4,-0.42235642671585083,STDK,-0.9190428853034973,-0.4616181552410126,0.14012464880943298
42,41,4,-0.42235642671585083,STDK_plus_QLSTM,-0.9677207469940186,-0.10974869877099991,0.6476931571960449
42,41,4,-0.42235642671585083,STDK_plus_QConvLSTM,-1.24784517288208,-0.5154650807380676,0.4352191686630249
42,41,5,-0.20727631449699402,STDK,-0.8934750556945801,-0.4306676685810089,0.17818525433540344
42,41,5,-0.20727631449699402,STDK_plus_QLSTM,-0.9664387702941895,-0.11015234142541885,0.6440213322639465
42,41,5,-0.20727631449699402,STDK_plus_QConvLSTM,-1.289745569229126,-0.604214608669281,0.5843873620033264
42,42,1,0.8725706934928894,STDK,-0.004876136779785156,0.44190713763237,1.0340759754180908
42,42,1,0.8725706934928894,STDK_plus_QLSTM,-0.35386624932289124,0.43922773003578186,1.1792372465133667
42,42,1,0.8725706934928894,STDK_plus_QConvLSTM,-0.46275344491004944,0.3944454491138458,1.1014792919158936
42,42,2,1.0843368768692017,STDK,-0.027961671352386475,0.40739187598228455,1.0045650005340576
42,42,2,1.0843368768692017,STDK_plus_QLSTM,-0.354442298412323,0.4368911385536194,1.179017424583435
42,42,2,1.0843368768692017,STDK_plus_QConvLSTM,-0.4104870855808258,0.3996971547603607,1.1581940650939941
42,42,3,1.2259745597839355,STDK,-0.06342554092407227,0.3660213053226471,0.9691935777664185
42,42,3,1.2259745597839355,STDK_plus_QLSTM,-0.36526748538017273,0.4229876697063446,1.170393466949463
42,42,3,1.2259745597839355,STDK_plus_QConvLSTM,-0.4294721782207489,0.3796243369579315,1.1400463581085205
42,42,4,0.8945925831794739,STDK,-0.0890900194644928,0.34016814827919006,0.9500283002853394
42,42,4,0.8945925831794739,STDK_plus_QLSTM,-0.3867086172103882,0.4017637372016907,1.154062271118164
42,42,4,0.8945925831794739,STDK_plus_QConvLSTM,-0.4760161340236664,0.2958346903324127,1.1326336860656738
42,42,5,1.3117096424102783,STDK,-0.09819090366363525,0.3364499509334564,0.9534963369369507
42,42,5,1.3117096424102783,STDK_plus_QLSTM,-0.4216112196445465,0.3731496036052704,1.1282984018325806
42,42,5,1.3117096424102783,STDK_plus_QConvLSTM,-0.46658337116241455,0.3475227355957031,1.2080776691436768
42,43,1,-0.5960263013839722,STDK,-1.1254806518554688,-0.5561457276344299,0.02254241704940796
42,43,1,-0.5960263013839722,STDK_plus_QLSTM,-1.4071475267410278,-0.5019857883453369,0.2924216389656067
42,43,1,-0.5960263013839722,STDK_plus_QConvLSTM,-1.4689580202102661,-0.6610540747642517,0.18135464191436768
42,43,2,-0.40803617238998413,STDK,-1.1692125797271729,-0.6131067276000977,-0.029357075691223145
42,43,2,-0.40803617238998413,STDK_plus_QLSTM,-1.4098801612854004,-0.5107641816139221,0.29186105728149414
42,43,2,-0.40803617238998413,STDK_plus_QConvLSTM,-1.514134407043457,-0.6130702495574951,0.24902409315109253
42,43,3,-0.4883784055709839,STDK,-1.203715443611145,-0.6546836495399475,-0.0649871826171875
42,43,3,-0.4883784055709839,STDK_plus_QLSTM,-1.4042330980300903,-0.5089396238327026,0.29655975103378296
42,43,3,-0.4883784055709839,STDK_plus_QConvLSTM,-1.4490007162094116,-0.6493324637413025,0.21517473459243774
42,43,4,-0.6051893830299377,STDK,-1.22991943359375,-0.6810047030448914,-0.08471238613128662
42,43,4,-0.6051893830299377,STDK_plus_QLSTM,-1.3953982591629028,-0.5032583475112915,0.3037196397781372
42,43,4,-0.6051893830299377,STDK_plus_QConvLSTM,-1.5455782413482666,-0.7637337446212769,0.044815242290496826
42,43,5,-0.2734493017196655,STDK,-1.2179217338562012,-0.6622031927108765,-0.05874454975128174
42,43,5,-0.2734493017196655,STDK_plus_QLSTM,-1.385326623916626,-0.4921337068080902,0.3160996735095978
42,43,5,-0.2734493017196655,STDK_plus_QConvLSTM,-1.5540199279785156,-0.7641806602478027,0.09414005279541016
42,44,1,-1.4389442205429077,STDK,-2.2937679290771484,-1.7318134307861328,-1.1426730155944824
42,44,1,-1.4389442205429077,STDK_plus_QLSTM,-2.6108345985412598,-1.7463456392288208,-1.0088131427764893
42,44,1,-1.4389442205429077,STDK_plus_QConvLSTM,-2.716712474822998,-1.8130478858947754,-0.794395923614502
42,44,2,-1.0757660865783691,STDK,-2.301292657852173,-1.752081274986267,-1.1578302383422852
42,44,2,-1.0757660865783691,STDK_plus_QLSTM,-2.639420986175537,-1.7615138292312622,-1.02103853225708
42,44,2,-1.0757660865783691,STDK_plus_QConvLSTM,-2.685455799102783,-1.813904881477356,-0.8241701126098633
42,44,3,-0.6282253861427307,STDK,-2.3159561157226562,-1.7731889486312866,-1.1729415655136108
42,44,3,-0.6282253861427307,STDK_plus_QLSTM,-2.625591516494751,-1.748374104499817,-1.0051960945129395
42,44,3,-0.6282253861427307,STDK_plus_QConvLSTM,-2.8193202018737793,-1.8095483779907227,-0.8232634663581848
42,44,4,-0.7199844121932983,STDK,-2.359070301055908,-1.8162908554077148,-1.2093125581741333
42,44,4,-0.7199844121932983,STDK_plus_QLSTM,-2.5922493934631348,-1.7205369472503662,-0.97342848777771
42,44,4,-0.7199844121932983,STDK_plus_QConvLSTM,-2.6989405155181885,-1.7605183124542236,-0.8148724436759949
42,44,5,-0.6126272678375244,STDK,-2.4059391021728516,-1.8566689491271973,-1.242321252822876
42,44,5,-0.6126272678375244,STDK_plus_QLSTM,-2.554189443588257,-1.688761591911316,-0.9372864961624146
42,44,5,-0.6126272678375244,STDK_plus_QConvLSTM,-2.6741607189178467,-1.8287286758422852,-0.8370895385742188
42,45,1,-0.7712442874908447,STDK,-1.0375502109527588,-0.47197064757347107,0.13409242033958435
42,45,1,-0.7712442874908447,STDK_plus_QLSTM,-1.4801983833312988,-0.6273907423019409,0.15698617696762085
42,45,1,-0.7712442874908447,STDK_plus_QConvLSTM,-1.2397692203521729,-0.30426037311553955,0.3989264965057373
42,45,2,-0.7550941705703735,STDK,-1.0925086736679077,-0.5395587682723999,0.07183510065078735
42,45,2,-0.7550941705703735,STDK_plus_QLSTM,-1.552199125289917,-0.6975277066230774,0.08231943845748901
42,45,2,-0.7550941705703735,STDK_plus_QConvLSTM,-1.1506917476654053,-0.14052626490592957,0.6963131427764893
42,45,3,-0.5365174412727356,STDK,-1.1775569915771484,-0.6312283277511597,-0.013977527618408203
42,45,3,-0.5365174412727356,STDK_plus_QLSTM,-1.6017636060714722,-0.7551915049552917,0.02053666114807129
42,45,3,-0.5365174412727356,STDK_plus_QConvLSTM,-1.020979642868042,-0.007523558102548122,0.7306610941886902
42,45,4,-0.11288340389728546,STDK,-1.2821850776672363,-0.7359533905982971,-0.11211979389190674
42,45,4,-0.11288340389728546,STDK_plus_QLSTM,-1.637739896774292,-0.7955411076545715,-0.021332740783691406
42,45,4,-0.11288340389728546,STDK_plus_QConvLSTM,-1.0027999877929688,0.03738029673695564,0.8809137940406799
42,45,5,0.15106169879436493,STDK,-1.418116569519043,-0.8656770586967468,-0.23454570770263672
42,45,5,0.15106169879436493,STDK_plus_QLSTM,-1.6708099842071533,-0.8216013312339783,-0.046647489070892334
42,45,5,0.15106169879436493,STDK_plus_QConvLSTM,-0.8489057421684265,0.15716809034347534,0.9207760691642761
42,46,1,0.6796076893806458,STDK,0.3832074999809265,0.9199235439300537,1.5142650604248047
42,46,1,0.6796076893806458,STDK_plus_QLSTM,0.11644351482391357,0.915946364402771,1.7428655624389648
42,46,1,0.6796076893806458,STDK_plus_QConvLSTM,-0.19475960731506348,0.7402635216712952,1.5052058696746826
42,46,2,0.3482598662376404,STDK,0.3945589065551758,0.9178229570388794,1.5173649787902832
42,46,2,0.3482598662376404,STDK_plus_QLSTM,0.08483618497848511,0.8912152647972107,1.7151341438293457
42,46,2,0.3482598662376404,STDK_plus_QConvLSTM,-0.19624698162078857,0.7122032642364502,1.4975361824035645
42,46,3,0.6477015614509583,STDK,0.3855662941932678,0.9017996191978455,1.5069561004638672
42,46,3,0.6477015614509583,STDK_plus_QLSTM,0.015567660331726074,0.827480673789978,1.6396266222000122
42,46,3,0.6477015614509583,STDK_plus_QConvLSTM,-0.1556171178817749,0.7814522981643677,1.4793636798858643
42,46,4,0.19783559441566467,STDK,0.3364359736442566,0.8524258136749268,1.4640741348266602
42,46,4,0.19783559441566467,STDK_plus_QLSTM,-0.07506084442138672,0.745923638343811,1.545074462890625
42,46,4,0.19783559441566467,STDK_plus_QConvLSTM,-0.13774162530899048,0.7955822348594666,1.5356613397598267
42,46,5,0.7028946876525879,STDK,0.28473490476608276,0.8069906234741211,1.425720453262329
42,46,5,0.7028946876525879,STDK_plus_QLSTM,-0.1668109893798828,0.6582229137420654,1.4456437826156616
42,46,5,0.7028946876525879,STDK_plus_QConvLSTM,-0.1625235676765442,0.7533214092254639,1.5258433818817139
42,47,1,-1.3778811693191528,STDK,-2.170297861099243,-1.6705766916275024,-1.074986219406128
42,47,1,-1.3778811693191528,STDK_plus_QLSTM,-2.674729824066162,-1.754685640335083,-0.8890261650085449
42,47,1,-1.3778811693191528,STDK_plus_QConvLSTM,-2.35085129737854,-1.4134809970855713,-0.364851713180542
42,47,2,-1.514557123184204,STDK,-2.22654390335083,-1.7398267984390259,-1.1390759944915771
42,47,2,-1.514557123184204,STDK_plus_QLSTM,-2.637507915496826,-1.7072397470474243,-0.8390232920646667
42,47,2,-1.514557123184204,STDK_plus_QConvLSTM,-2.366790771484375,-1.4671121835708618,-0.44292211532592773
42,47,3,-1.426668405532837,STDK,-2.323551654815674,-1.843787431716919,-1.236987829208374
42,47,3,-1.426668405532837,STDK_plus_QLSTM,-2.6536307334899902,-1.7221142053604126,-0.8785639405250549
42,47,3,-1.426668405532837,STDK_plus_QConvLSTM,-2.258091926574707,-1.352401852607727,-0.3483622074127197
42,47,4,-1.873577356338501,STDK,-2.393841028213501,-1.91441011428833,-1.3008201122283936
42,47,4,-1.873577356338501,STDK_plus_QLSTM,-2.651606559753418,-1.7211652994155884,-0.9106616973876953
42,47,4,-1.873577356338501,STDK_plus_QConvLSTM,-2.3363866806030273,-1.3733972311019897,-0.36015820503234863
42,47,5,-1.7311782836914062,STDK,-2.4157185554504395,-1.9302568435668945,-1.3092302083969116
42,47,5,-1.7311782836914062,STDK_plus_QLSTM,-2.673190116882324,-1.7416330575942993,-0.9496006369590759
42,47,5,-1.7311782836914062,STDK_plus_QConvLSTM,-2.391314744949341,-1.5178941488265991,-0.4156806468963623
42,48,1,-0.11770026385784149,STDK,-0.20626434683799744,0.3190205991268158,0.9055519104003906
42,48,1,-0.11770026385784149,STDK_plus_QLSTM,-0.5832804441452026,0.2950799763202667,1.0731276273727417
42,48,1,-0.11770026385784149,STDK_plus_QConvLSTM,-1.3412474393844604,-0.40522536635398865,0.5298902988433838
42,48,2,0.31466084718704224,STDK,-0.20756807923316956,0.3047351539134979,0.8962790966033936
42,48,2,0.31466084718704224,STDK_plus_QLSTM,-0.5481791496276855,0.3423476815223694,1.1287763118743896
42,48,2,0.31466084718704224,STDK_plus_QConvLSTM,-1.2121825218200684,-0.2942913770675659,0.6315630674362183
42,48,3,-0.31486737728118896,STDK,-0.1693125069141388,0.3358462154865265,0.9332891702651978
42,48,3,-0.31486737728118896,STDK_plus_QLSTM,-0.5363190174102783,0.36403653025627136,1.157730221748352
42,48,3,-0.31486737728118896,STDK_plus_QConvLSTM,-1.0333142280578613,-0.12498800456523895,0.8036755323410034
42,48,4,-1.4764244556427002,STDK,-0.17043083906173706,0.3340833783149719,0.9382690787315369
42,48,4,-1.4764244556427002,STDK_plus_QLSTM,-0.520642876625061,0.3828982412815094,1.175020456314087
42,48,4,-1.4764244556427002,STDK_plus_QConvLSTM,-0.9379984140396118,-0.029421702027320862,0.9202766418457031
42,48,5,-0.9367283582687378,STDK,-0.22361624240875244,0.2865580916404724,0.898079514503479
42,48,5,-0.9367283582687378,STDK_plus_QLSTM,-0.49954259395599365,0.4048941135406494,1.1869573593139648
42,48,5,-0.9367283582687378,STDK_plus_QConvLSTM,-0.9911816120147705,0.02691352739930153,1.0384942293167114
42,49,1,0.5240137577056885,STDK,-0.28686660528182983,0.2774726152420044,0.8463729023933411
42,49,1,0.5240137577056885,STDK_plus_QLSTM,-0.7967044115066528,0.18363448977470398,0.9209989309310913
42,49,1,0.5240137577056885,STDK_plus_QConvLSTM,0.13513898849487305,0.9817262887954712,1.7445900440216064
42,49,2,0.6040488481521606,STDK,-0.17871984839439392,0.3728278577327728,0.946757435798645
42,49,2,0.6040488481521606,STDK_plus_QLSTM,-0.7880693674087524,0.19656243920326233,0.9325282573699951
42,49,2,0.6040488481521606,STDK_plus_QConvLSTM,0.15460968017578125,1.0196648836135864,1.8390368223190308
42,49,3,0.19077859818935394,STDK,-0.15721341967582703,0.38732317090034485,0.967111349105835
42,49,3,0.19077859818935394,STDK_plus_QLSTM,-0.7702765464782715,0.21201187372207642,0.9473708868026733
42,49,3,0.19077859818935394,STDK_plus_QConvLSTM,0.03885573148727417,0.8924388289451599,1.7483726739883423
42,49,4,-0.24947339296340942,STDK,-0.11525249481201172,0.4288862943649292,1.015129566192627
42,49,4,-0.24947339296340942,STDK_plus_QLSTM,-0.7476871013641357,0.22909224033355713,0.9652923345565796
42,49,4,-0.24947339296340942,STDK_plus_QConvLSTM,0.17920488119125366,0.9734442830085754,1.8426250219345093
42,49,5,0.2678256928920746,STDK,-0.09117987751960754,0.45903798937797546,1.052201271057129
42,49,5,0.2678256928920746,STDK_plus_QLSTM,-0.7220281362533569,0.24707582592964172,0.9834127426147461
42,49,5,0.2678256928920746,STDK_plus_QConvLSTM,-0.07691454887390137,0.9561120271682739,1.765134572982788
42,50,1,0.6568686962127686,STDK,-0.29398733377456665,0.23450900614261627,0.8227725625038147
42,50,1,0.6568686962127686,STDK_plus_QLSTM,-0.6503317356109619,0.2348744124174118,1.0523357391357422
42,50,1,0.6568686962127686,STDK_plus_QConvLSTM,-0.8177671432495117,0.2546316385269165,1.2507212162017822
42,50,2,-0.21514515578746796,STDK,-0.26409125328063965,0.25168365240097046,0.8448860049247742
42,50,2,-0.21514515578746796,STDK_plus_QLSTM,-0.6518824100494385,0.22992506623268127,1.0494667291641235
42,50,2,-0.21514515578746796,STDK_plus_QConvLSTM,-0.8287889957427979,0.23453012108802795,1.1714279651641846
42,50,3,0.211680606007576,STDK,-0.2317276895046234,0.2773604094982147,0.8764512538909912
42,50,3,0.211680606007576,STDK_plus_QLSTM,-0.6556816697120667,0.2238255888223648,1.0426911115646362
42,50,3,0.211680606007576,STDK_plus_QConvLSTM,-1.0218812227249146,0.13371802866458893,1.1656343936920166
42,50,4,0.4882775843143463,STDK,-0.237152099609375,0.27197933197021484,0.8777860403060913
42,50,4,0.4882775843143463,STDK_plus_QLSTM,-0.6620652079582214,0.21694882214069366,1.0374945402145386
42,50,4,0.4882775843143463,STDK_plus_QConvLSTM,-1.1362006664276123,0.16207346320152283,1.147976279258728
42,50,5,0.4982476830482483,STDK,-0.3456248641014099,0.16996222734451294,0.7831392884254456
42,50,5,0.4982476830482483,STDK_plus_QLSTM,-0.6709333658218384,0.20979756116867065,1.033468246459961
42,50,5,0.4982476830482483,STDK_plus_QConvLSTM,-1.2124449014663696,0.10311612486839294,1.1438738107681274
42,51,1,0.13720372319221497,STDK,-0.3529662787914276,0.15391555428504944,0.733893871307373
42,51,1,0.13720372319221497,STDK_plus_QLSTM,-0.7300149202346802,0.15714684128761292,0.9072825908660889
42,51,1,0.13720372319221497,STDK_plus_QConvLSTM,-0.4098222255706787,0.40377354621887207,1.1864233016967773
42,51,2,0.046259842813014984,STDK,-0.37084323167800903,0.1233445256948471,0.7083308100700378
42,51,2,0.046259842813014984,STDK_plus_QLSTM,-0.7434000968933105,0.15575018525123596,0.9069739580154419
42,51,2,0.046259842813014984,STDK_plus_QConvLSTM,-0.3540499806404114,0.3480510115623474,1.1423845291137695
42,51,3,0.21701160073280334,STDK,-0.4540367126464844,0.03348245471715927,0.6243507266044617
42,51,3,0.21701160073280334,STDK_plus_QLSTM,-0.7562030553817749,0.1591627299785614,0.9103764295578003
42,51,3,0.21701160073280334,STDK_plus_QConvLSTM,-0.3706250786781311,0.41488808393478394,1.126830816268921
42,51,4,0.7090585827827454,STDK,-0.5257070064544678,-0.03836154565215111,0.5591766238212585
42,51,4,0.7090585827827454,STDK_plus_QLSTM,-0.7709492444992065,0.1657455861568451,0.9176684617996216
42,51,4,0.7090585827827454,STDK_plus_QConvLSTM,-0.34488528966903687,0.39687395095825195,1.1600914001464844
42,51,5,0.5613386631011963,STDK,-0.4830155074596405,0.010342532768845558,0.6151576042175293
42,51,5,0.5613386631011963,STDK_plus_QLSTM,-0.7767777442932129,0.17447838187217712,0.9255678653717041
42,51,5,0.5613386631011963,STDK_plus_QConvLSTM,-0.33863353729248047,0.33627748489379883,1.1884055137634277
42,52,1,-0.011028271168470383,STDK,-0.05793318152427673,0.41347959637641907,1.0157346725463867
42,52,1,-0.011028271168470383,STDK_plus_QLSTM,-0.2980803847312927,0.508733332157135,1.283359169960022
42,52,1,-0.011028271168470383,STDK_plus_QConvLSTM,-0.1770915985107422,0.7001082301139832,1.5251014232635498
42,52,2,-0.08707715570926666,STDK,-0.09758800268173218,0.36178267002105713,0.9689734578132629
42,52,2,-0.08707715570926666,STDK_plus_QLSTM,-0.2566877603530884,0.5549245476722717,1.3229278326034546
42,52,2,-0.08707715570926666,STDK_plus_QConvLSTM,-0.1852320432662964,0.6950963139533997,1.5268908739089966
42,52,3,0.10867159813642502,STDK,-0.17497915029525757,0.2779362201690674,0.8909514546394348
42,52,3,0.10867159813642502,STDK_plus_QLSTM,-0.21897512674331665,0.5906640887260437,1.3550925254821777
42,52,3,0.10867159813642502,STDK_plus_QConvLSTM,-0.04381251335144043,0.7397633790969849,1.5740588903427124
42,52,4,-0.4028434157371521,STDK,-0.24211686849594116,0.21063277125358582,0.8301529884338379
42,52,4,-0.4028434157371521,STDK_plus_QLSTM,-0.18671607971191406,0.6216168999671936,1.3871774673461914
42,52,4,-0.4028434157371521,STDK_plus_QConvLSTM,-0.13297384977340698,0.6876909136772156,1.569486141204834
42,52,5,0.1881936937570572,STDK,-0.24899698793888092,0.20961762964725494,0.8364331126213074
42,52,5,0.1881936937570572,STDK_plus_QLSTM,-0.16238999366760254,0.6456925272941589,1.4098024368286133
42,52,5,0.1881936937570572,STDK_plus_QConvLSTM,-0.16462242603302002,0.7109758853912354,1.6375327110290527
42,53,1,-0.6123572587966919,STDK,-2.1063148975372314,-1.5576303005218506,-0.9476101994514465
42,53,1,-0.6123572587966919,STDK_plus_QLSTM,-2.4563286304473877,-1.5975866317749023,-0.8110333681106567
42,53,1,-0.6123572587966919,STDK_plus_QConvLSTM,-2.5568902492523193,-1.6960200071334839,-0.8461302518844604
42,53,2,-1.2321771383285522,STDK,-2.0926673412323,-1.5579115152359009,-0.9428709745407104
42,53,2,-1.2321771383285522,STDK_plus_QLSTM,-2.4882359504699707,-1.6251970529556274,-0.8385043740272522
42,53,2,-1.2321771383285522,STDK_plus_QConvLSTM,-2.488952875137329,-1.620010495185852,-0.7637948393821716
42,53,3,-1.2341864109039307,STDK,-2.0725996494293213,-1.5451503992080688,-0.9245584607124329
42,53,3,-1.2341864109039307,STDK_plus_QLSTM,-2.509422540664673,-1.6480193138122559,-0.8619083166122437
42,53,3,-1.2341864109039307,STDK_plus_QConvLSTM,-2.5247669219970703,-1.6221084594726562,-0.807316243648529
42,53,4,-1.1680314540863037,STDK,-2.0503296852111816,-1.5231080055236816,-0.8959727883338928
42,53,4,-1.1680314540863037,STDK_plus_QLSTM,-2.5248515605926514,-1.6673351526260376,-0.882423996925354
42,53,4,-1.1680314540863037,STDK_plus_QConvLSTM,-2.5863399505615234,-1.568563461303711,-0.8611574769020081
42,53,5,-0.5821113586425781,STDK,-2.063688278198242,-1.529887080192566,-0.8956454396247864
42,53,5,-0.5821113586425781,STDK_plus_QLSTM,-2.5360007286071777,-1.6850744485855103,-0.899934709072113
42,53,5,-0.5821113586425781,STDK_plus_QConvLSTM,-2.6159660816192627,-1.5459262132644653,-0.8747159242630005
42,54,1,-0.7754513025283813,STDK,-1.5448734760284424,-0.9581989645957947,-0.34493720531463623
42,54,1,-0.7754513025283813,STDK_plus_QLSTM,-1.8279144763946533,-0.9462215304374695,-0.1577838659286499
42,54,1,-0.7754513025283813,STDK_plus_QConvLSTM,-1.7644011974334717,-0.9572696685791016,-0.08301711082458496
42,54,2,-0.7747571468353271,STDK,-1.4679639339447021,-0.895443856716156,-0.27702587842941284
42,54,2,-0.7747571468353271,STDK_plus_QLSTM,-1.8243725299835205,-0.9432324171066284,-0.1439141035079956
42,54,2,-0.7747571468353271,STDK_plus_QConvLSTM,-1.8645553588867188,-1.046125054359436,-0.15984350442886353
42,54,3,0.09304659813642502,STDK,-1.3909327983856201,-0.8259910345077515,-0.20186233520507812
42,54,3,0.09304659813642502,STDK_plus_QLSTM,-1.8332691192626953,-0.9534851908683777,-0.1550760269165039
42,54,3,0.09304659813642502,STDK_plus_QConvLSTM,-1.8968284130096436,-1.1006512641906738,-0.15874439477920532
42,54,4,-0.7333623766899109,STDK,-1.3670547008514404,-0.8023180961608887,-0.17168116569519043
42,54,4,-0.7333623766899109,STDK_plus_QLSTM,-1.846559762954712,-0.9687638878822327,-0.17542433738708496
42,54,4,-0.7333623766899109,STDK_plus_QConvLSTM,-2.005669593811035,-1.1861941814422607,-0.3401992917060852
42,54,5,-0.8802493810653687,STDK,-1.3895573616027832,-0.818030595779419,-0.180184006690979
42,54,5,-0.8802493810653687,STDK_plus_QLSTM,-1.863569736480713,-0.9885197281837463,-0.19805997610092163
42,54,5,-0.8802493810653687,STDK_plus_QConvLSTM,-2.1831047534942627,-1.3576468229293823,-0.4366875886917114
42,55,1,-1.3538051843643188,STDK,-1.9570298194885254,-1.3964087963104248,-0.7914418578147888
42,55,1,-1.3538051843643188,STDK_plus_QLSTM,-2.327258586883545,-1.4138749837875366,-0.6166170835494995
42,55,1,-1.3538051843643188,STDK_plus_QConvLSTM,-1.8744370937347412,-0.8666365146636963,-0.17744851112365723
42,55,2,-0.9102461338043213,STDK,-1.91362464427948,-1.3657578229904175,-0.7559620141983032
42,55,2,-0.9102461338043213,STDK_plus_QLSTM,-2.3165674209594727,-1.3953301906585693,-0.5899574756622314
42,55,2,-0.9102461338043213,STDK_plus_QConvLSTM,-1.8658192157745361,-0.9508574604988098,-0.2159397006034851
42,55,3,-1.0705914497375488,STDK,-1.8787298202514648,-1.337545394897461,-0.7220173478126526
42,55,3,-1.0705914497375488,STDK_plus_QLSTM,-2.288693904876709,-1.3663172721862793,-0.5603863596916199
42,55,3,-1.0705914497375488,STDK_plus_QConvLSTM,-1.97906494140625,-1.1544201374053955,-0.2720574140548706
42,55,4,-1.472637414932251,STDK,-1.906585454940796,-1.3654011487960815,-0.7432608604431152
42,55,4,-1.472637414932251,STDK_plus_QLSTM,-2.251875400543213,-1.3296900987625122,-0.5312708616256714
42,55,4,-1.472637414932251,STDK_plus_QConvLSTM,-2.010375738143921,-1.2697703838348389,-0.39298415184020996
42,55,5,-0.9215003252029419,STDK,-1.9541099071502686,-1.4065098762512207,-0.7770888805389404
42,55,5,-0.9215003252029419,STDK_plus_QLSTM,-2.209961175918579,-1.2884255647659302,-0.49446219205856323
42,55,5,-0.9215003252029419,STDK_plus_QConvLSTM,-2.1190357208251953,-1.3646448850631714,-0.5387787222862244
42,56,1,-0.3661312460899353,STDK,-1.1779781579971313,-0.623447597026825,-0.02309274673461914
42,56,1,-0.3661312460899353,STDK_plus_QLSTM,-1.5307583808898926,-0.7110063433647156,0.0650901198387146
42,56,1,-0.3661312460899353,STDK_plus_QConvLSTM,-1.3903995752334595,-0.35294196009635925,0.49053964018821716
42,56,2,-0.3995491862297058,STDK,-1.2088472843170166,-0.6675347089767456,-0.06252825260162354
42,56,2,-0.3995491862297058,STDK_plus_QLSTM,-1.5874340534210205,-0.7704052329063416,0.005783438682556152
42,56,2,-0.3995491862297058,STDK_plus_QConvLSTM,-1.3398396968841553,-0.34574010968208313,0.42901429533958435
42,56,3,-0.8915613889694214,STDK,-1.3313333988189697,-0.7970231771469116,-0.18635261058807373
42,56,3,-0.8915613889694214,STDK_plus_QLSTM,-1.6379847526550293,-0.8193218111991882,-0.04232054948806763
42,56,3,-0.8915613889694214,STDK_plus_QConvLSTM,-1.3194177150726318,-0.3769109547138214,0.37805625796318054
42,56,4,-0.6829394102096558,STDK,-1.487166404724121,-0.9530497789382935,-0.3358617424964905
42,56,4,-0.6829394102096558,STDK_plus_QLSTM,-1.6827812194824219,-0.86166912317276,-0.08447211980819702
42,56,4,-0.6829394102096558,STDK_plus_QConvLSTM,-1.320006012916565,-0.3916536867618561,0.36159029603004456
42,56,5,-0.19320529699325562,STDK,-1.5694546699523926,-1.0290571451187134,-0.40470796823501587
42,56,5,-0.19320529699325562,STDK_plus_QLSTM,-1.7241071462631226,-0.8997276425361633,-0.12179243564605713
42,56,5,-0.19320529699325562,STDK_plus_QConvLSTM,-1.4696345329284668,-0.46072572469711304,0.3211681842803955
42,57,1,0.7277337312698364,STDK,-0.3095494508743286,0.23272038996219635,0.8116827607154846
42,57,1,0.7277337312698364,STDK_plus_QLSTM,-0.5929226875305176,0.19373399019241333,0.9854750633239746
42,57,1,0.7277337312698364,STDK_plus_QConvLSTM,-1.356665849685669,-0.6049624085426331,0.2652395963668823
42,57,2,0.632287859916687,STDK,-0.3225390911102295,0.20581449568271637,0.7894869446754456
42,57,2,0.632287859916687,STDK_plus_QLSTM,-0.669033408164978,0.1340661346912384,0.9195367097854614
42,57,2,0.632287859916687,STDK_plus_QConvLSTM,-1.2207106351852417,-0.4120338261127472,0.4199863374233246
42,57,3,0.5403655767440796,STDK,-0.46571338176727295,0.055186688899993896,0.6442757248878479
42,57,3,0.5403655767440796,STDK_plus_QLSTM,-0.7548350691795349,0.06429947167634964,0.8459460139274597
42,57,3,0.5403655767440796,STDK_plus_QConvLSTM,-1.0876576900482178,-0.20248788595199585,0.642262876033783
42,57,4,0.4136536121368408,STDK,-0.6939772963523865,-0.1735461950302124,0.42148852348327637
42,57,4,0.4136536121368408,STDK_plus_QLSTM,-0.8381941318511963,-0.007067851722240448,0.7730335593223572
42,57,4,0.4136536121368408,STDK_plus_QConvLSTM,-0.9724352359771729,0.013381555676460266,0.8668926954269409
42,57,5,-0.10522030293941498,STDK,-0.9853206872940063,-0.45865505933761597,0.14297914505004883
42,57,5,-0.10522030293941498,STDK_plus_QLSTM,-0.9069451689720154,-0.07907523959875107,0.6979621052742004
42,57,5,-0.10522030293941498,STDK_plus_QConvLSTM,-0.8777718544006348,0.1770748794078827,1.0071077346801758
42,58,1,-0.1352122724056244,STDK,-0.8493136167526245,-0.297041118144989,0.2800230383872986
42,58,1,-0.1352122724056244,STDK_plus_QLSTM,-1.060102105140686,-0.21783000230789185,0.5468776822090149
42,58,1,-0.1352122724056244,STDK_plus_QConvLSTM,-1.3992290496826172,-0.29796814918518066,0.5246800780296326
42,58,2,0.36774885654449463,STDK,-0.9056329727172852,-0.366983026266098,0.21496489644050598
42,58,2,0.36774885654449463,STDK_plus_QLSTM,-1.0386252403259277,-0.19535571336746216,0.5714159607887268
42,58,2,0.36774885654449463,STDK_plus_QConvLSTM,-1.528815507888794,-0.426323801279068,0.46020618081092834
42,58,3,-0.23744840919971466,STDK,-0.991326093673706,-0.45995911955833435,0.12785282731056213
42,58,3,-0.23744840919971466,STDK_plus_QLSTM,-1.042550802230835,-0.20217663049697876,0.564288854598999
42,58,3,-0.23744840919971466,STDK_plus_QConvLSTM,-1.3704782724380493,-0.21430012583732605,0.5686596632003784
42,58,4,-1.457545518875122,STDK,-1.1001417636871338,-0.5692310333251953,0.025368571281433105
42,58,4,-1.457545518875122,STDK_plus_QLSTM,-1.0645095109939575,-0.2277318835258484,0.5368941426277161
42,58,4,-1.457545518875122,STDK_plus_QConvLSTM,-1.4023339748382568,-0.26218825578689575,0.5460796356201172
42,58,5,-0.9061623811721802,STDK,-1.239091157913208,-0.7021071910858154,-0.10012930631637573
42,58,5,-0.9061623811721802,STDK_plus_QLSTM,-1.101055383682251,-0.26345545053482056,0.4986691474914551
42,58,5,-0.9061623811721802,STDK_plus_QConvLSTM,-1.3757802248001099,-0.24351464211940765,0.5793803334236145
42,59,1,0.38370275497436523,STDK,-0.2079930305480957,0.33364468812942505,0.8939096927642822
42,59,1,0.38370275497436523,STDK_plus_QLSTM,-0.6236188411712646,0.31953567266464233,1.1177325248718262
42,59,1,0.38370275497436523,STDK_plus_QConvLSTM,-0.1441774070262909,0.4821392595767975,1.4218792915344238
42,59,2,0.8432798385620117,STDK,-0.23956415057182312,0.28939089179039,0.8546552658081055
42,59,2,0.8432798385620117,STDK_plus_QLSTM,-0.7032272815704346,0.2435765266418457,1.032214879989624
42,59,2,0.8432798385620117,STDK_plus_QConvLSTM,-0.26555508375167847,0.34159141778945923,1.2102000713348389
42,59,3,0.07681159675121307,STDK,-0.335781991481781,0.18637682497501373,0.7572243809700012
42,59,3,0.07681159675121307,STDK_plus_QLSTM,-0.7862085700035095,0.15341365337371826,0.934514045715332
42,59,3,0.07681159675121307,STDK_plus_QConvLSTM,-0.2265300452709198,0.45912352204322815,1.2661824226379395
42,59,4,-0.12215040624141693,STDK,-0.3657967448234558,0.156136617064476,0.7331794500350952
42,59,4,-0.12215040624141693,STDK_plus_QLSTM,-0.8800213932991028,0.05682564526796341,0.8311857581138611
42,59,4,-0.12215040624141693,STDK_plus_QConvLSTM,-0.20640867948532104,0.5238551497459412,1.3058669567108154
42,59,5,0.41967469453811646,STDK,-0.3229334354400635,0.20510949194431305,0.7889161705970764
42,59,5,0.41967469453811646,STDK_plus_QLSTM,-0.9766719937324524,-0.04270867258310318,0.7184808254241943
42,59,5,0.41967469453811646,STDK_plus_QConvLSTM,-0.14792948961257935,0.5918871760368347,1.5003834962844849
42,60,1,-0.5179652571678162,STDK,-1.2938823699951172,-0.7566843032836914,-0.17636734247207642
42,60,1,-0.5179652571678162,STDK_plus_QLSTM,-1.550842046737671,-0.7712291479110718,0.08542901277542114
42,60,1,-0.5179652571678162,STDK_plus_QConvLSTM,-1.3238407373428345,-0.46220889687538147,0.43385693430900574
42,60,2,-0.7903721332550049,STDK,-1.287223219871521,-0.7637621164321899,-0.17855817079544067
42,60,2,-0.7903721332550049,STDK_plus_QLSTM,-1.6451835632324219,-0.8602734804153442,0.003645777702331543
42,60,2,-0.7903721332550049,STDK_plus_QConvLSTM,-1.349403738975525,-0.46968644857406616,0.3415236473083496
42,60,3,-0.8285384178161621,STDK,-1.2573297023773193,-0.7415878772735596,-0.15058284997940063
42,60,3,-0.8285384178161621,STDK_plus_QLSTM,-1.7406797409057617,-0.9545112252235413,-0.09032750129699707
42,60,3,-0.8285384178161621,STDK_plus_QConvLSTM,-1.3857709169387817,-0.48131272196769714,0.3119148313999176
42,60,4,-0.20588940382003784,STDK,-1.249645471572876,-0.7346700429916382,-0.13703280687332153
42,60,4,-0.20588940382003784,STDK_plus_QLSTM,-1.8385279178619385,-1.0533373355865479,-0.19349437952041626
42,60,4,-0.20588940382003784,STDK_plus_QConvLSTM,-1.3459573984146118,-0.5353756546974182,0.3614662289619446
42,60,5,-0.22210630774497986,STDK,-1.269388198852539,-0.7483712434768677,-0.14341306686401367
42,60,5,-0.22210630774497986,STDK_plus_QLSTM,-1.938966155052185,-1.1557093858718872,-0.30230456590652466
42,60,5,-0.22210630774497986,STDK_plus_QConvLSTM,-1.4182143211364746,-0.5694234371185303,0.3556897044181824
42,61,1,-1.3995912075042725,STDK,-1.7843539714813232,-1.196091651916504,-0.6173972487449646
42,61,1,-1.3995912075042725,STDK_plus_QLSTM,-1.9613502025604248,-1.1039485931396484,-0.3964000344276428
42,61,1,-1.3995912075042725,STDK_plus_QConvLSTM,-2.0159285068511963,-0.9563965797424316,-0.12473928928375244
42,61,2,-1.4851680994033813,STDK,-1.8404531478881836,-1.2665811777114868,-0.6830089092254639
42,61,2,-1.4851680994033813,STDK_plus_QLSTM,-2.035834312438965,-1.1780085563659668,-0.47006136178970337
42,61,2,-1.4851680994033813,STDK_plus_QConvLSTM,-2.008620262145996,-1.0606292486190796,-0.17249786853790283
42,61,3,-0.7112864255905151,STDK,-1.9456534385681152,-1.3792210817337036,-0.7898609638214111
42,61,3,-0.7112864255905151,STDK_plus_QLSTM,-2.0833613872528076,-1.2246785163879395,-0.5190865397453308
42,61,3,-0.7112864255905151,STDK_plus_QConvLSTM,-1.947911262512207,-0.9885592460632324,-0.0956069827079773
42,61,4,-0.3972983956336975,STDK,-2.0557494163513184,-1.4895275831222534,-0.893552839756012
42,61,4,-0.3972983956336975,STDK_plus_QLSTM,-2.1013941764831543,-1.2427688837051392,-0.5383334159851074
42,61,4,-0.3972983956336975,STDK_plus_QConvLSTM,-1.991837501525879,-0.9556887745857239,-0.08285403251647949
42,61,5,-0.10104130208492279,STDK,-2.12440824508667,-1.5514912605285645,-0.9482542276382446
42,61,5,-0.10104130208492279,STDK_plus_QLSTM,-2.1056904792785645,-1.2521083354949951,-0.5589009523391724
42,61,5,-0.10104130208492279,STDK_plus_QConvLSTM,-1.9607311487197876,-0.9789972305297852,-0.049687206745147705
42,62,1,0.01734272949397564,STDK,-0.4648398756980896,0.0805722326040268,0.657365083694458
42,62,1,0.01734272949397564,STDK_plus_QLSTM,-0.7712053060531616,0.11140614002943039,0.9029956459999084
42,62,1,0.01734272949397564,STDK_plus_QConvLSTM,-1.5266249179840088,-0.6342965960502625,0.1531030535697937
42,62,2,-0.27525514364242554,STDK,-0.5910388231277466,-0.05794249475002289,0.5238602161407471
42,62,2,-0.27525514364242554,STDK_plus_QLSTM,-0.8197188377380371,0.08235248178243637,0.8692509531974792
42,62,2,-0.27525514364242554,STDK_plus_QConvLSTM,-1.4542863368988037,-0.4958745241165161,0.35193532705307007
42,62,3,-0.03379339724779129,STDK,-0.7093472480773926,-0.18298742175102234,0.40464845299720764
42,62,3,-0.03379339724779129,STDK_plus_QLSTM,-0.8729094862937927,0.035911671817302704,0.819281816482544
42,62,3,-0.03379339724779129,STDK_plus_QConvLSTM,-1.4169995784759521,-0.4876595139503479,0.26625311374664307
42,62,4,-0.24843540787696838,STDK,-0.8682551383972168,-0.34189853072166443,0.25227245688438416
42,62,4,-0.24843540787696838,STDK_plus_QLSTM,-0.9290456771850586,-0.02257741242647171,0.7565616965293884
42,62,4,-0.24843540787696838,STDK_plus_QConvLSTM,-1.3762136697769165,-0.4266720116138458,0.3595949709415436
42,62,5,-0.12834429740905762,STDK,-0.9607280492782593,-0.4279646575450897,0.17298218607902527
42,62,5,-0.12834429740905762,STDK_plus_QLSTM,-0.989902675151825,-0.08865351229906082,0.6858099699020386
42,62,5,-0.12834429740905762,STDK_plus_QConvLSTM,-1.2804824113845825,-0.3744123578071594,0.38867801427841187
42,63,1,-0.7395002841949463,STDK,-0.7769051194190979,-0.23429644107818604,0.35546910762786865
42,63,1,-0.7395002841949463,STDK_plus_QLSTM,-1.0288667678833008,-0.14115145802497864,0.6339156627655029
42,63,1,-0.7395002841949463,STDK_plus_QConvLSTM,-1.903334140777588,-0.9370784759521484,-0.06115233898162842
42,63,2,-0.22784815728664398,STDK,-0.9424519538879395,-0.4127120077610016,0.18204203248023987
42,63,2,-0.22784815728664398,STDK_plus_QLSTM,-1.033364176750183,-0.14221850037574768,0.6385318040847778
42,63,2,-0.22784815728664398,STDK_plus_QConvLSTM,-1.8915064334869385,-0.9134829044342041,-0.03794032335281372
42,63,3,-0.8751733899116516,STDK,-1.0347599983215332,-0.5117496848106384,0.08892512321472168
42,63,3,-0.8751733899116516,STDK_plus_QLSTM,-1.0464762449264526,-0.1568572223186493,0.6320796012878418
42,63,3,-0.8751733899116516,STDK_plus_QConvLSTM,-1.896498203277588,-0.8924181461334229,-0.03379470109939575
42,63,4,-0.8859894275665283,STDK,-1.0925014019012451,-0.5696413516998291,0.037783026695251465
42,63,4,-0.8859894275665283,STDK_plus_QLSTM,-1.0614748001098633,-0.17541149258613586,0.621845006942749
42,63,4,-0.8859894275665283,STDK_plus_QConvLSTM,-1.8676559925079346,-0.841133713722229,-0.027627170085906982
42,63,5,-0.5754443407058716,STDK,-1.171099066734314,-0.6417890191078186,-0.027142107486724854
42,63,5,-0.5754443407058716,STDK_plus_QLSTM,-1.0808656215667725,-0.1952284276485443,0.605736255645752
42,63,5,-0.5754443407058716,STDK_plus_QConvLSTM,-1.8037192821502686,-0.8271506428718567,0.016398847103118896
42,64,1,-1.057044267654419,STDK,-2.096403121948242,-1.555778980255127,-0.9606032967567444
42,64,1,-1.057044267654419,STDK_plus_QLSTM,-2.4786276817321777,-1.4714977741241455,-0.6466741561889648
42,64,1,-1.057044267654419,STDK_plus_QConvLSTM,-2.8227219581604004,-1.85666823387146,-1.1024826765060425
42,64,2,-0.8812401294708252,STDK,-2.157944440841675,-1.6290817260742188,-1.0286729335784912
42,64,2,-0.8812401294708252,STDK_plus_QLSTM,-2.5309805870056152,-1.5145702362060547,-0.6753199100494385
42,64,2,-0.8812401294708252,STDK_plus_QConvLSTM,-2.6914124488830566,-1.7525367736816406,-0.996514081954956
42,64,3,-1.0298854112625122,STDK,-2.224170207977295,-1.701066017150879,-1.094609260559082
42,64,3,-1.0298854112625122,STDK_plus_QLSTM,-2.524116039276123,-1.511950135231018,-0.6726849675178528
42,64,3,-1.0298854112625122,STDK_plus_QConvLSTM,-2.7845773696899414,-1.9485832452774048,-1.0913867950439453
42,64,4,-1.4112334251403809,STDK,-2.3101816177368164,-1.7864437103271484,-1.1731312274932861
42,64,4,-1.4112334251403809,STDK_plus_QLSTM,-2.530869483947754,-1.5279335975646973,-0.6860113143920898
42,64,4,-1.4112334251403809,STDK_plus_QConvLSTM,-2.701369285583496,-1.8462270498275757,-1.0163767337799072
42,64,5,-1.3539162874221802,STDK,-2.468630075454712,-1.9379736185073853,-1.3171859979629517
42,64,5,-1.3539162874221802,STDK_plus_QLSTM,-2.5314292907714844,-1.5371354818344116,-0.6957535743713379
42,64,5,-1.3539162874221802,STDK_plus_QConvLSTM,-2.8984923362731934,-2.062037944793701,-1.2211756706237793
42,65,1,-0.3767092823982239,STDK,-1.9675498008728027,-1.4287415742874146,-0.8323081731796265
42,65,1,-0.3767092823982239,STDK_plus_QLSTM,-2.3037805557250977,-1.4145591259002686,-0.6553001999855042
42,65,1,-0.3767092823982239,STDK_plus_QConvLSTM,-1.8103821277618408,-0.7448390126228333,-0.07140809297561646
42,65,2,-0.25041013956069946,STDK,-2.0819411277770996,-1.5554834604263306,-0.9538431763648987
42,65,2,-0.25041013956069946,STDK_plus_QLSTM,-2.346930503845215,-1.4526700973510742,-0.6982355117797852
42,65,2,-0.25041013956069946,STDK_plus_QConvLSTM,-1.8530700206756592,-0.8714585304260254,-0.16590213775634766
42,65,3,-0.8371354341506958,STDK,-2.2253222465515137,-1.7057979106903076,-1.098246455192566
42,65,3,-0.8371354341506958,STDK_plus_QLSTM,-2.3380284309387207,-1.4402050971984863,-0.688391387462616
42,65,3,-0.8371354341506958,STDK_plus_QConvLSTM,-2.026097059249878,-1.1185084581375122,-0.5021859407424927
42,65,4,-0.7615823745727539,STDK,-2.3301773071289062,-1.8109655380249023,-1.196885585784912
42,65,4,-0.7615823745727539,STDK_plus_QLSTM,-2.291731834411621,-1.3920955657958984,-0.6392651796340942
42,65,4,-0.7615823745727539,STDK_plus_QConvLSTM,-2.1682119369506836,-1.3388118743896484,-0.6407159566879272
42,65,5,-0.8447773456573486,STDK,-2.399078369140625,-1.8736040592193604,-1.2524120807647705
42,65,5,-0.8447773456573486,STDK_plus_QLSTM,-2.2227978706359863,-1.3262519836425781,-0.5701284408569336
42,65,5,-0.8447773456573486,STDK_plus_QConvLSTM,-2.364210844039917,-1.491938829421997,-0.7971049547195435
42,66,1,0.2583237290382385,STDK,-1.0943143367767334,-0.6174474954605103,-0.03150606155395508
42,66,1,0.2583237290382385,STDK_plus_QLSTM,-1.045427918434143,-0.2584739923477173,0.4838225841522217
42,66,1,0.2583237290382385,STDK_plus_QConvLSTM,-0.8970743417739868,-0.21083524823188782,0.5728100538253784
42,66,2,0.3755638599395752,STDK,-1.4085301160812378,-0.9446572065353394,-0.35362040996551514
42,66,2,0.3755638599395752,STDK_plus_QLSTM,-1.1252774000167847,-0.3351201117038727,0.4087245762348175
42,66,2,0.3755638599395752,STDK_plus_QConvLSTM,-0.8393014669418335,-0.055815499275922775,0.5730351805686951
42,66,3,0.31341761350631714,STDK,-1.6681764125823975,-1.2112915515899658,-0.6143329739570618
42,66,3,0.31341761350631714,STDK_plus_QLSTM,-1.173530101776123,-0.3801749050617218,0.36166855692863464
42,66,3,0.31341761350631714,STDK_plus_QConvLSTM,-0.7532790899276733,-0.1108577772974968,0.6762748956680298
42,66,4,-0.22958439588546753,STDK,-1.861498236656189,-1.4051822423934937,-0.8018141984939575
42,66,4,-0.22958439588546753,STDK_plus_QLSTM,-1.2107638120651245,-0.4092719256877899,0.32979610562324524
42,66,4,-0.22958439588546753,STDK_plus_QConvLSTM,-0.6323288679122925,0.0005928119644522667,0.6645079851150513
42,66,5,-0.3487333059310913,STDK,-1.971538782119751,-1.5096288919448853,-0.8992301821708679
42,66,5,-0.3487333059310913,STDK_plus_QLSTM,-1.2574416399002075,-0.43584173917770386,0.3036765456199646
42,66,5,-0.3487333059310913,STDK_plus_QConvLSTM,-0.5260458588600159,0.13973353803157806,0.924595296382904
42,67,1,0.5109087228775024,STDK,0.276286780834198,0.8313331604003906,1.3978116512298584
42,67,1,0.5109087228775024,STDK_plus_QLSTM,0.1416553258895874,0.9913589954376221,1.699033498764038
42,67,1,0.5109087228775024,STDK_plus_QConvLSTM,-0.16377538442611694,0.6719990968704224,1.5513819456100464
42,67,2,0.38678282499313354,STDK,0.20932811498641968,0.7500680088996887,1.3212106227874756
42,67,2,0.38678282499313354,STDK_plus_QLSTM,0.12578052282333374,0.9978837966918945,1.6973106861114502
42,67,2,0.38678282499313354,STDK_plus_QConvLSTM,-0.09921836853027344,0.799486517906189,1.621828317642212
42,67,3,0.35800057649612427,STDK,0.1682540774345398,0.7012802958488464,1.2777233123779297
42,67,3,0.35800057649612427,STDK_plus_QLSTM,0.15086400508880615,1.0368438959121704,1.7327444553375244
42,67,3,0.35800057649612427,STDK_plus_QConvLSTM,0.028250396251678467,0.9196005463600159,1.7299399375915527
42,67,4,0.12585559487342834,STDK,0.16878247261047363,0.7010804414749146,1.283425211906433
42,67,4,0.12585559487342834,STDK_plus_QLSTM,0.20954275131225586,1.096285343170166,1.7915327548980713
42,67,4,0.12585559487342834,STDK_plus_QConvLSTM,-0.05995678901672363,0.8181658387184143,1.6505613327026367
42,67,5,0.8302847146987915,STDK,0.15889477729797363,0.6972091197967529,1.2859454154968262
42,67,5,0.8302847146987915,STDK_plus_QLSTM,0.2820819616317749,1.159928560256958,1.85367751121521
42,67,5,0.8302847146987915,STDK_plus_QConvLSTM,-0.013799190521240234,0.9609598517417908,1.8614134788513184
42,68,1,0.19490273296833038,STDK,-0.07762530446052551,0.4961986243724823,1.0682649612426758
42,68,1,0.19490273296833038,STDK_plus_QLSTM,-0.42275258898735046,0.4589124023914337,1.2207930088043213
42,68,1,0.19490273296833038,STDK_plus_QConvLSTM,-0.6332257986068726,0.18358096480369568,1.0182042121887207
42,68,2,0.4298558235168457,STDK,0.03227883577346802,0.5921064019203186,1.1690254211425781
42,68,2,0.4298558235168457,STDK_plus_QLSTM,-0.34586697816848755,0.544587254524231,1.2958297729492188
42,68,2,0.4298558235168457,STDK_plus_QConvLSTM,-0.6287986636161804,0.12230068445205688,0.9941990375518799
42,68,3,-0.15054039657115936,STDK,0.03709620237350464,0.5894850492477417,1.172203540802002
42,68,3,-0.15054039657115936,STDK_plus_QLSTM,-0.2726202607154846,0.6243822574615479,1.367458462715149
42,68,3,-0.15054039657115936,STDK_plus_QConvLSTM,-0.5929749011993408,0.17168644070625305,0.9840437173843384
42,68,4,-0.6392304301261902,STDK,-0.025480031967163086,0.5264057517051697,1.1156352758407593
42,68,4,-0.6392304301261902,STDK_plus_QLSTM,-0.2017168402671814,0.6994314193725586,1.4360921382904053
42,68,4,-0.6392304301261902,STDK_plus_QConvLSTM,-0.5264413356781006,0.208794504404068,1.0525001287460327
42,68,5,-0.12309630215167999,STDK,-0.11058908700942993,0.44750601053237915,1.0437657833099365
42,68,5,-0.12309630215167999,STDK_plus_QLSTM,-0.13637489080429077,0.7668336033821106,1.5011441707611084
42,68,5,-0.12309630215167999,STDK_plus_QConvLSTM,-0.5350812673568726,0.24149703979492188,1.091483235359192
42,69,1,-0.7242932915687561,STDK,-0.10161235928535461,0.4463725984096527,0.9962067604064941
42,69,1,-0.7242932915687561,STDK_plus_QLSTM,-0.3953261971473694,0.5105569362640381,1.2978359460830688
42,69,1,-0.7242932915687561,STDK_plus_QConvLSTM,-1.555781602859497,-0.7117141485214233,0.1247563362121582
42,69,2,0.21747983992099762,STDK,-0.11361503601074219,0.42125457525253296,0.9759586453437805
42,69,2,0.21747983992099762,STDK_plus_QLSTM,-0.3679729700088501,0.5569303631782532,1.3515808582305908
42,69,2,0.21747983992099762,STDK_plus_QConvLSTM,-1.663701057434082,-0.8149027228355408,0.03948330879211426
42,69,3,-0.5506663918495178,STDK,-0.17240789532661438,0.35512974858283997,0.9154924154281616
42,69,3,-0.5506663918495178,STDK_plus_QLSTM,-0.335487961769104,0.5924296975135803,1.3810577392578125
42,69,3,-0.5506663918495178,STDK_plus_QConvLSTM,-1.57110595703125,-0.7438943386077881,0.03412759304046631
42,69,4,-1.019606351852417,STDK,-0.2421283721923828,0.284908652305603,0.8517635464668274
42,69,4,-1.019606351852417,STDK_plus_QLSTM,-0.30871737003326416,0.6177165508270264,1.3937536478042603
42,69,4,-1.019606351852417,STDK_plus_QConvLSTM,-1.6304512023925781,-0.8390916585922241,0.15898948907852173
42,69,5,-0.4933592975139618,STDK,-0.34327948093414307,0.18986575305461884,0.763759970664978
42,69,5,-0.4933592975139618,STDK_plus_QLSTM,-0.2875809669494629,0.6351503729820251,1.401277780532837
42,69,5,-0.4933592975139618,STDK_plus_QConvLSTM,-1.5215232372283936,-0.6751422882080078,0.3772571086883545
42,70,1,-1.3282452821731567,STDK,-2.1509287357330322,-1.5389686822891235,-0.9437922239303589
42,70,1,-1.3282452821731567,STDK_plus_QLSTM,-2.5718936920166016,-1.6006553173065186,-0.8313820362091064
42,70,1,-1.3282452821731567,STDK_plus_QConvLSTM,-2.8730759620666504,-1.8634918928146362,-0.8851239085197449
42,70,2,-1.9321331977844238,STDK,-2.0377001762390137,-1.440547227859497,-0.8404746055603027
42,70,2,-1.9321331977844238,STDK_plus_QLSTM,-2.5022730827331543,-1.5285394191741943,-0.7538655996322632
42,70,2,-1.9321331977844238,STDK_plus_QConvLSTM,-2.9410762786865234,-1.7957744598388672,-0.9007240533828735
42,70,3,-1.1873314380645752,STDK,-1.978271245956421,-1.3888760805130005,-0.7828221321105957
42,70,3,-1.1873314380645752,STDK_plus_QLSTM,-2.444523811340332,-1.4713225364685059,-0.6929473280906677
42,70,3,-1.1873314380645752,STDK_plus_QConvLSTM,-2.8863208293914795,-1.7390217781066895,-0.8299850821495056
42,70,4,-1.495349407196045,STDK,-1.9651795625686646,-1.3763753175735474,-0.7634074687957764
42,70,4,-1.495349407196045,STDK_plus_QLSTM,-2.399996757507324,-1.4271461963653564,-0.6466327905654907
42,70,4,-1.495349407196045,STDK_plus_QConvLSTM,-2.811166763305664,-1.6990991830825806,-0.8228871822357178
42,70,5,-1.8193793296813965,STDK,-2.029599905014038,-1.4345295429229736,-0.8138881921768188
42,70,5,-1.8193793296813965,STDK_plus_QLSTM,-2.3678412437438965,-1.3949787616729736,-0.6139518022537231
42,70,5,-1.8193793296813965,STDK_plus_QConvLSTM,-2.7205121517181396,-1.62990403175354,-0.7532259821891785
42,71,1,-0.45768725872039795,STDK,-1.7583502531051636,-1.1146061420440674,-0.5251331329345703
42,71,1,-0.45768725872039795,STDK_plus_QLSTM,-2.0501060485839844,-1.0490413904190063,-0.2650245428085327
42,71,1,-0.45768725872039795,STDK_plus_QConvLSTM,-2.733558177947998,-1.6913163661956787,-0.9731731414794922
42,71,2,-1.0775021314620972,STDK,-1.7616533041000366,-1.1352721452713013,-0.5409847497940063
42,71,2,-1.0775021314620972,STDK_plus_QLSTM,-2.0922422409057617,-1.0382786989212036,-0.23073166608810425
42,71,2,-1.0775021314620972,STDK_plus_QConvLSTM,-2.5945076942443848,-1.6523534059524536,-0.8701257109642029
42,71,3,-0.8964493870735168,STDK,-1.8027276992797852,-1.1854822635650635,-0.5853813886642456
42,71,3,-0.8964493870735168,STDK_plus_QLSTM,-2.0851664543151855,-1.0275672674179077,-0.20244121551513672
42,71,3,-0.8964493870735168,STDK_plus_QConvLSTM,-2.4581716060638428,-1.5305404663085938,-0.7356786131858826
42,71,4,-0.8002914190292358,STDK,-1.8616269826889038,-1.244267463684082,-0.6374157071113586
42,71,4,-0.8002914190292358,STDK_plus_QLSTM,-2.052598476409912,-1.0087590217590332,-0.1763855218887329
42,71,4,-0.8002914190292358,STDK_plus_QConvLSTM,-2.3095898628234863,-1.3880516290664673,-0.6034625172615051
42,71,5,-0.9913873672485352,STDK,-1.9546771049499512,-1.3278591632843018,-0.7135990262031555
42,71,5,-0.9913873672485352,STDK_plus_QLSTM,-2.035709857940674,-1.00300931930542,-0.16869878768920898
42,71,5,-0.9913873672485352,STDK_plus_QConvLSTM,-2.2055952548980713,-1.3130416870117188,-0.49169987440109253
42,72,1,0.7109476923942566,STDK,-0.19477269053459167,0.4028185307979584,0.9789973497390747
42,72,1,0.7109476923942566,STDK_plus_QLSTM,-0.5434595942497253,0.390255331993103,1.1632816791534424
42,72,1,0.7109476923942566,STDK_plus_QConvLSTM,-0.8095260858535767,-0.06836932897567749,0.8466353416442871
42,72,2,0.0028388425707817078,STDK,-0.15286964178085327,0.4306821823120117,1.0117813348770142
42,72,2,0.0028388425707817078,STDK_plus_QLSTM,-0.5209794044494629,0.4215518832206726,1.1970983743667603
42,72,2,0.0028388425707817078,STDK_plus_QConvLSTM,-0.7930325865745544,0.008344761095941067,0.8334025740623474
42,72,3,-0.15442439913749695,STDK,-0.13491877913475037,0.44108226895332336,1.0279557704925537
42,72,3,-0.15442439913749695,STDK_plus_QLSTM,-0.48978203535079956,0.4579111337661743,1.235302448272705
42,72,3,-0.15442439913749695,STDK_plus_QConvLSTM,-0.7794382572174072,0.017317837104201317,0.8746063709259033
42,72,4,-0.3166213929653168,STDK,-0.12524113059043884,0.4509831964969635,1.0444762706756592
42,72,4,-0.3166213929653168,STDK_plus_QLSTM,-0.4552876949310303,0.49693310260772705,1.2704540491104126
42,72,4,-0.3166213929653168,STDK_plus_QConvLSTM,-0.7994092106819153,-0.0057574184611439705,0.8733894228935242
42,72,5,-0.1027023047208786,STDK,-0.10546371340751648,0.47856125235557556,1.0791665315628052
42,72,5,-0.1027023047208786,STDK_plus_QLSTM,-0.41935592889785767,0.5363425612449646,1.3058445453643799
42,72,5,-0.1027023047208786,STDK_plus_QConvLSTM,-0.7490144968032837,0.03320959210395813,0.9826458692550659
42,73,1,0.08443373441696167,STDK,-0.5690130591392517,-0.067215695977211,0.5177468061447144
42,73,1,0.08443373441696167,STDK_plus_QLSTM,-0.8027775883674622,0.006393667310476303,0.9026488661766052
42,73,1,0.08443373441696167,STDK_plus_QConvLSTM,-0.6431387066841125,0.09474585950374603,0.9235644340515137
42,73,2,-0.46044015884399414,STDK,-0.5680400729179382,-0.07769128680229187,0.5124773979187012
42,73,2,-0.46044015884399414,STDK_plus_QLSTM,-0.8690659999847412,-0.04729023948311806,0.8395463228225708
42,73,2,-0.46044015884399414,STDK_plus_QConvLSTM,-0.6233361959457397,0.09266075491905212,0.8763689994812012
42,73,3,0.422105610370636,STDK,-0.5676485896110535,-0.08290743082761765,0.5133373737335205
42,73,3,0.422105610370636,STDK_plus_QLSTM,-0.9532126188278198,-0.11252030730247498,0.7655547857284546
42,73,3,0.422105610370636,STDK_plus_QConvLSTM,-0.49517494440078735,0.16076500713825226,1.0008922815322876
42,73,4,-0.2271794080734253,STDK,-0.5611628293991089,-0.07598287612199783,0.5269864797592163
42,73,4,-0.2271794080734253,STDK_plus_QLSTM,-1.0325753688812256,-0.1824703812599182,0.6935449242591858
42,73,4,-0.2271794080734253,STDK_plus_QConvLSTM,-0.5142163038253784,0.1476660519838333,0.9159607291221619
42,73,5,-0.05233930051326752,STDK,-0.5544241666793823,-0.06292515248060226,0.5473687648773193
42,73,5,-0.05233930051326752,STDK_plus_QLSTM,-1.1069650650024414,-0.25275319814682007,0.6237812042236328
42,73,5,-0.05233930051326752,STDK_plus_QConvLSTM,-0.6353181600570679,0.06974358856678009,0.8864308595657349
42,74,1,1.2077797651290894,STDK,0.5390185117721558,1.0321896076202393,1.6119167804718018
42,74,1,1.2077797651290894,STDK_plus_QLSTM,0.28536075353622437,1.1230595111846924,1.9001576900482178
42,74,1,1.2077797651290894,STDK_plus_QConvLSTM,0.5211551785469055,1.4265586137771606,2.18623685836792
42,74,2,1.6562209129333496,STDK,0.3974717855453491,0.8790687918663025,1.4640226364135742
42,74,2,1.6562209129333496,STDK_plus_QLSTM,0.1723102331161499,1.0137965679168701,1.7914302349090576
42,74,2,1.6562209129333496,STDK_plus_QConvLSTM,0.5212199091911316,1.3973392248153687,2.2173585891723633
42,74,3,1.241661548614502,STDK,0.28823766112327576,0.7639454007148743,1.3550872802734375
42,74,3,1.241661548614502,STDK_plus_QLSTM,0.05908089876174927,0.9010717868804932,1.6775847673416138
42,74,3,1.241661548614502,STDK_plus_QConvLSTM,0.5377970337867737,1.3086979389190674,2.1195175647735596
42,74,4,1.7958366870880127,STDK,0.18278157711029053,0.6588680744171143,1.2569822072982788
42,74,4,1.7958366870880127,STDK_plus_QLSTM,-0.051567673683166504,0.7949802279472351,1.5693260431289673
42,74,4,1.7958366870880127,STDK_plus_QConvLSTM,0.4778022766113281,1.1519402265548706,1.978211522102356
42,74,5,1.458777666091919,STDK,0.12953883409500122,0.6122462749481201,1.217879295349121
42,74,5,1.458777666091919,STDK_plus_QLSTM,-0.1523045301437378,0.7038204073905945,1.4764083623886108
42,74,5,1.458777666091919,STDK_plus_QConvLSTM,0.32729190587997437,0.9745998978614807,1.8225233554840088
42,75,1,1.1122057437896729,STDK,0.1621370017528534,0.5911192893981934,1.165771484375
42,75,1,1.1122057437896729,STDK_plus_QLSTM,-0.15181559324264526,0.6067773103713989,1.3478600978851318
42,75,1,1.1122057437896729,STDK_plus_QConvLSTM,-0.34940552711486816,0.44720375537872314,1.2651288509368896
42,75,2,1.0006338357925415,STDK,0.05518415570259094,0.47233209013938904,1.0520893335342407
42,75,2,1.0006338357925415,STDK_plus_QLSTM,-0.20414650440216064,0.5607447624206543,1.307294487953186
42,75,2,1.0006338357925415,STDK_plus_QConvLSTM,-0.2612276077270508,0.45993417501449585,1.3036707639694214
42,75,3,1.3584206104278564,STDK,-0.05838531255722046,0.35253190994262695,0.938298225402832
42,75,3,1.3584206104278564,STDK_plus_QLSTM,-0.23889106512069702,0.5262306332588196,1.2743229866027832
42,75,3,1.3584206104278564,STDK_plus_QConvLSTM,-0.38088828325271606,0.4837944507598877,1.2988882064819336
42,75,4,0.41798460483551025,STDK,-0.13819339871406555,0.2724637985229492,0.8649815917015076
42,75,4,0.41798460483551025,STDK_plus_QLSTM,-0.26302123069763184,0.5002691149711609,1.2474761009216309
42,75,4,0.41798460483551025,STDK_plus_QConvLSTM,-0.31579214334487915,0.37553322315216064,1.2199352979660034
42,75,5,0.41645070910453796,STDK,-0.16227498650550842,0.2538624703884125,0.8536920547485352
42,75,5,0.41645070910453796,STDK_plus_QLSTM,-0.2773602604866028,0.4834936857223511,1.229604721069336
42,75,5,0.41645070910453796,STDK_plus_QConvLSTM,-0.3823305070400238,0.3766839802265167,1.184693694114685
42,76,1,0.568196713924408,STDK,0.19961178302764893,0.6314796209335327,1.2076797485351562
42,76,1,0.568196713924408,STDK_plus_QLSTM,-0.10125398635864258,0.6809256076812744,1.4587452411651611
42,76,1,0.568196713924408,STDK_plus_QConvLSTM,-0.02857506275177002,1.0893105268478394,1.6949626207351685
42,76,2,0.5456148386001587,STDK,0.026554405689239502,0.4463341534137726,1.0274375677108765
42,76,2,0.5456148386001587,STDK_plus_QLSTM,-0.16562867164611816,0.6322734951972961,1.4152847528457642
42,76,2,0.5456148386001587,STDK_plus_QConvLSTM,-0.03935801982879639,1.0453227758407593,1.5455584526062012
42,76,3,0.1757006049156189,STDK,-0.08210113644599915,0.33130010962486267,0.9183008670806885
42,76,3,0.1757006049156189,STDK_plus_QLSTM,-0.19246011972427368,0.6094688177108765,1.3964487314224243
42,76,3,0.1757006049156189,STDK_plus_QConvLSTM,-0.10117202997207642,0.9910313487052917,1.530635118484497
42,76,4,-0.010356403887271881,STDK,-0.15958675742149353,0.2534441649913788,0.847183108329773
42,76,4,-0.010356403887271881,STDK_plus_QLSTM,-0.2053929567337036,0.595666766166687,1.3868634700775146
42,76,4,-0.010356403887271881,STDK_plus_QConvLSTM,-0.18661177158355713,0.8814841508865356,1.4636332988739014
42,76,5,0.38234370946884155,STDK,-0.29001566767692566,0.12841257452964783,0.729438304901123
42,76,5,0.38234370946884155,STDK_plus_QLSTM,-0.2131229043006897,0.5850253701210022,1.3770537376403809
42,76,5,0.38234370946884155,STDK_plus_QConvLSTM,-0.28472697734832764,0.8258355855941772,1.6002280712127686
42,77,1,-0.38590627908706665,STDK,-1.212400197982788,-0.6780197620391846,-0.10500198602676392
42,77,1,-0.38590627908706665,STDK_plus_QLSTM,-1.525907039642334,-0.680935263633728,0.14467179775238037
42,77,1,-0.38590627908706665,STDK_plus_QConvLSTM,-0.7891107201576233,-0.006358884274959564,0.8728842735290527
42,77,2,-0.2606891393661499,STDK,-1.3852490186691284,-0.8653242588043213,-0.28745341300964355
42,77,2,-0.2606891393661499,STDK_plus_QLSTM,-1.6644960641860962,-0.8171566724777222,0.02080976963043213
42,77,2,-0.2606891393661499,STDK_plus_QConvLSTM,-0.8109896779060364,-0.00998321920633316,0.7690795063972473
42,77,3,-0.30912238359451294,STDK,-1.5287281274795532,-1.0167300701141357,-0.4330511689186096
42,77,3,-0.30912238359451294,STDK_plus_QLSTM,-1.749743938446045,-0.8923779726028442,-0.06663286685943604
42,77,3,-0.30912238359451294,STDK_plus_QConvLSTM,-1.018921971321106,-0.1349111646413803,0.5989217758178711
42,77,4,-0.1970553994178772,STDK,-1.6305155754089355,-1.1194343566894531,-0.5294076800346375
42,77,4,-0.1970553994178772,STDK_plus_QLSTM,-1.823491096496582,-0.9488532543182373,-0.1526721715927124
42,77,4,-0.1970553994178772,STDK_plus_QConvLSTM,-1.0883628129959106,-0.21260468661785126,0.5030942559242249
42,77,5,0.39194270968437195,STDK,-1.7254098653793335,-1.2084888219833374,-0.6114732623100281
42,77,5,0.39194270968437195,STDK_plus_QLSTM,-1.8763655424118042,-0.9921888113021851,-0.22438812255859375
42,77,5,0.39194270968437195,STDK_plus_QConvLSTM,-1.4185529947280884,-0.4879355728626251,0.3073655664920807
42,78,1,0.2014627307653427,STDK,-0.038832902908325195,0.5423567295074463,1.1135276556015015
42,78,1,0.2014627307653427,STDK_plus_QLSTM,-0.3539466857910156,0.5613917112350464,1.3494839668273926
42,78,1,0.2014627307653427,STDK_plus_QConvLSTM,-0.4238574504852295,0.6555600166320801,1.5342150926589966
42,78,2,0.34368085861206055,STDK,-0.05813723802566528,0.5088785886764526,1.0848792791366577
42,78,2,0.34368085861206055,STDK_plus_QLSTM,-0.38133305311203003,0.5324949026107788,1.317065715789795
42,78,2,0.34368085861206055,STDK_plus_QConvLSTM,-0.4026804566383362,0.6835765242576599,1.5571393966674805
42,78,3,0.30076462030410767,STDK,-0.20760956406593323,0.35147932171821594,0.9332443475723267
42,78,3,0.30076462030410767,STDK_plus_QLSTM,-0.40044814348220825,0.5129109621047974,1.2961318492889404
42,78,3,0.30076462030410767,STDK_plus_QConvLSTM,-0.4041842818260193,0.6074132323265076,1.4483144283294678
42,78,4,-0.40954238176345825,STDK,-0.2767168879508972,0.28133058547973633,0.8697343468666077
42,78,4,-0.40954238176345825,STDK_plus_QLSTM,-0.41764312982559204,0.4987860918045044,1.2830710411071777
42,78,4,-0.40954238176345825,STDK_plus_QConvLSTM,-0.38778042793273926,0.6278243064880371,1.539339542388916
42,78,5,-0.0811913013458252,STDK,-0.40354153513908386,0.15999451279640198,0.7556048631668091
42,78,5,-0.0811913013458252,STDK_plus_QLSTM,-0.4336874485015869,0.4890044331550598,1.2753198146820068
42,78,5,-0.0811913013458252,STDK_plus_QConvLSTM,-0.572482705116272,0.40423843264579773,1.3204617500305176
42,79,1,-0.5461152791976929,STDK,-0.762363076210022,-0.25626125931739807,0.2933231294155121
42,79,1,-0.5461152791976929,STDK_plus_QLSTM,-1.1410468816757202,-0.2874642014503479,0.5343359112739563
42,79,1,-0.5461152791976929,STDK_plus_QConvLSTM,-1.5609817504882812,-0.8662875890731812,-0.13493186235427856
42,79,2,-0.43063414096832275,STDK,-0.9035419225692749,-0.40937310457229614,0.14500141143798828
42,79,2,-0.43063414096832275,STDK_plus_QLSTM,-1.1282398700714111,-0.28502750396728516,0.5475006699562073
42,79,2,-0.43063414096832275,STDK_plus_QConvLSTM,-1.594177007675171,-0.8441644310951233,-0.10343682765960693
42,79,3,-0.8033344149589539,STDK,-1.0602004528045654,-0.5723114013671875,-0.012246429920196533
42,79,3,-0.8033344149589539,STDK_plus_QLSTM,-1.1405880451202393,-0.30252605676651,0.5311495065689087
42,79,3,-0.8033344149589539,STDK_plus_QConvLSTM,-1.444051742553711,-0.8267008662223816,-0.03922468423843384
42,79,4,-1.705094337463379,STDK,-1.2765312194824219,-0.7886852025985718,-0.2221418023109436
42,79,4,-1.705094337463379,STDK_plus_QLSTM,-1.169542908668518,-0.3343602418899536,0.4976816177368164
42,79,4,-1.705094337463379,STDK_plus_QConvLSTM,-1.4341199398040771,-0.7255496978759766,0.008873403072357178
42,79,5,-0.19114530086517334,STDK,-1.4846913814544678,-0.9908633828163147,-0.41731560230255127
42,79,5,-0.19114530086517334,STDK_plus_QLSTM,-1.2090339660644531,-0.374126672744751,0.45449572801589966
42,79,5,-0.19114530086517334,STDK_plus_QConvLSTM,-1.5707911252975464,-0.7252827286720276,0.013943970203399658
42,80,1,-2.3645071983337402,STDK,-2.642393112182617,-2.1144087314605713,-1.506716251373291
42,80,1,-2.3645071983337402,STDK_plus_QLSTM,-3.0565578937530518,-2.0217373371124268,-1.257074236869812
42,80,1,-2.3645071983337402,STDK_plus_QConvLSTM,-2.7664883136749268,-1.7139281034469604,-0.9858477711677551
42,80,2,-2.7112462520599365,STDK,-2.672194719314575,-2.157817840576172,-1.5450501441955566
42,80,2,-2.7112462520599365,STDK_plus_QLSTM,-3.1233227252960205,-2.0572705268859863,-1.2872741222381592
42,80,2,-2.7112462520599365,STDK_plus_QConvLSTM,-2.7067031860351562,-1.7042946815490723,-0.9902981519699097
42,80,3,-2.4770894050598145,STDK,-2.7125277519226074,-2.2052993774414062,-1.5864040851593018
42,80,3,-2.4770894050598145,STDK_plus_QLSTM,-3.0702176094055176,-2.0504605770111084,-1.2832002639770508
42,80,3,-2.4770894050598145,STDK_plus_QConvLSTM,-2.6830215454101562,-1.6761751174926758,-0.9538379311561584
42,80,4,-2.545055389404297,STDK,-2.765273094177246,-2.258265495300293,-1.632394790649414
42,80,4,-2.545055389404297,STDK_plus_QLSTM,-3.0157432556152344,-2.0244174003601074,-1.2620614767074585
42,80,4,-2.545055389404297,STDK_plus_QConvLSTM,-2.922245502471924,-1.8149242401123047,-1.0121572017669678
42,80,5,-2.253962278366089,STDK,-2.79091739654541,-2.277552604675293,-1.6439752578735352
42,80,5,-2.253962278366089,STDK_plus_QLSTM,-2.9675707817077637,-1.9771556854248047,-1.2163270711898804
42,80,5,-2.253962278366089,STDK_plus_QConvLSTM,-2.9502649307250977,-1.8621420860290527,-1.0989444255828857
42,81,1,-1.5406842231750488,STDK,-2.1044344902038574,-1.5353014469146729,-0.931726336479187
42,81,1,-1.5406842231750488,STDK_plus_QLSTM,-2.4744412899017334,-1.5367097854614258,-0.7173271179199219
42,81,1,-1.5406842231750488,STDK_plus_QConvLSTM,-2.4347121715545654,-1.4323004484176636,-0.6729429960250854
42,81,2,-1.8612651824951172,STDK,-2.060249090194702,-1.5053423643112183,-0.8967613577842712
42,81,2,-1.8612651824951172,STDK_plus_QLSTM,-2.469212532043457,-1.532902717590332,-0.714250922203064
42,81,2,-1.8612651824951172,STDK_plus_QConvLSTM,-2.436830759048462,-1.399469256401062,-0.6475741863250732
42,81,3,-1.4628933668136597,STDK,-2.029599666595459,-1.482187271118164,-0.8674846291542053
42,81,3,-1.4628933668136597,STDK_plus_QLSTM,-2.4716408252716064,-1.5403324365615845,-0.7245275378227234
42,81,3,-1.4628933668136597,STDK_plus_QConvLSTM,-2.4387459754943848,-1.463176965713501,-0.5789521336555481
42,81,4,-1.797358512878418,STDK,-1.994547963142395,-1.4474432468414307,-0.8257149457931519
42,81,4,-1.797358512878418,STDK_plus_QLSTM,-2.485074043273926,-1.5571078062057495,-0.7411631941795349
42,81,4,-1.797358512878418,STDK_plus_QConvLSTM,-2.4260048866271973,-1.3832091093063354,-0.6480829119682312
42,81,5,-2.2498912811279297,STDK,-1.992626667022705,-1.439062476158142,-0.8096103668212891
42,81,5,-2.2498912811279297,STDK_plus_QLSTM,-2.5056777000427246,-1.5799354314804077,-0.7591279149055481
42,81,5,-2.2498912811279297,STDK_plus_QConvLSTM,-2.412418842315674,-1.3095791339874268,-0.5806323885917664
42,82,1,-0.20811526477336884,STDK,-0.393755704164505,0.10616889595985413,0.7057384252548218
42,82,1,-0.20811526477336884,STDK_plus_QLSTM,-0.8556671142578125,0.05014151334762573,0.8632815480232239
42,82,1,-0.20811526477336884,STDK_plus_QConvLSTM,-0.8452019095420837,-0.018157700076699257,0.7424646019935608
42,82,2,-0.6631301641464233,STDK,-0.306932270526886,0.18203316628932953,0.7866995930671692
42,82,2,-0.6631301641464233,STDK_plus_QLSTM,-0.7995140552520752,0.10034790635108948,0.9334423542022705
42,82,2,-0.6631301641464233,STDK_plus_QConvLSTM,-0.8284414410591125,0.05633954331278801,0.7500205039978027
42,82,3,0.17451760172843933,STDK,-0.26921674609184265,0.21433833241462708,0.8250869512557983
42,82,3,0.17451760172843933,STDK_plus_QLSTM,-0.7488568425178528,0.1480967402458191,0.9981419444084167
42,82,3,0.17451760172843933,STDK_plus_QConvLSTM,-0.7361503839492798,0.11438678205013275,0.8268421292304993
42,82,4,-0.5294983983039856,STDK,-0.23771734535694122,0.246495321393013,0.8642293214797974
42,82,4,-0.5294983983039856,STDK_plus_QLSTM,-0.702187180519104,0.1926596462726593,1.0507372617721558
42,82,4,-0.5294983983039856,STDK_plus_QConvLSTM,-0.6165338158607483,0.26629722118377686,0.9481176137924194
42,82,5,0.06872369349002838,STDK,-0.2129049301147461,0.2777058780193329,0.9030469655990601
42,82,5,0.06872369349002838,STDK_plus_QLSTM,-0.6579655408859253,0.23760953545570374,1.0989902019500732
42,82,5,0.06872369349002838,STDK_plus_QConvLSTM,-0.5843809247016907,0.3538820743560791,1.1975942850112915
42,83,1,0.08627372980117798,STDK,-0.9646425247192383,-0.45254960656166077,0.13010868430137634
42,83,1,0.08627372980117798,STDK_plus_QLSTM,-1.3215701580047607,-0.40776076912879944,0.5215623378753662
42,83,1,0.08627372980117798,STDK_plus_QConvLSTM,-1.9745019674301147,-0.840874433517456,0.16868817806243896
42,83,2,-0.3668941855430603,STDK,-1.0407711267471313,-0.5392733812332153,0.048445701599121094
42,83,2,-0.3668941855430603,STDK_plus_QLSTM,-1.3367750644683838,-0.41319483518600464,0.5235042572021484
42,83,2,-0.3668941855430603,STDK_plus_QConvLSTM,-1.8737934827804565,-0.7958258390426636,0.20437848567962646
42,83,3,-0.3246253728866577,STDK,-1.0704864263534546,-0.5739589333534241,0.0196913480758667
42,83,3,-0.3246253728866577,STDK_plus_QLSTM,-1.3684444427490234,-0.44227907061576843,0.5001870393753052
42,83,3,-0.3246253728866577,STDK_plus_QConvLSTM,-1.8665211200714111,-0.8365541100502014,0.12898916006088257
42,83,4,-0.9933163523674011,STDK,-1.0552330017089844,-0.557908833026886,0.042459309101104736
42,83,4,-0.9933163523674011,STDK_plus_QLSTM,-1.4162209033966064,-0.4912334978580475,0.45411422848701477
42,83,4,-0.9933163523674011,STDK_plus_QConvLSTM,-1.9315338134765625,-0.8558375239372253,0.13864058256149292
42,83,5,-0.7626763582229614,STDK,-1.0275516510009766,-0.523374080657959,0.08427309989929199
42,83,5,-0.7626763582229614,STDK_plus_QLSTM,-1.4770252704620361,-0.5556322336196899,0.3919408321380615
42,83,5,-0.7626763582229614,STDK_plus_QConvLSTM,-2.180788993835449,-1.020594596862793,-0.027001798152923584
42,84,1,-1.039109230041504,STDK,-1.5874872207641602,-1.091668963432312,-0.5168315768241882
42,84,1,-1.039109230041504,STDK_plus_QLSTM,-1.922376036643982,-1.0110963582992554,-0.28577834367752075
42,84,1,-1.039109230041504,STDK_plus_QConvLSTM,-1.384244441986084,-0.37844568490982056,0.5145226716995239
42,84,2,-1.210815191268921,STDK,-1.6177185773849487,-1.1349848508834839,-0.5551316738128662
42,84,2,-1.210815191268921,STDK_plus_QLSTM,-1.914003849029541,-0.9959080815315247,-0.26156407594680786
42,84,2,-1.210815191268921,STDK_plus_QConvLSTM,-1.4482431411743164,-0.4020903706550598,0.45390981435775757
42,84,3,-0.7046223878860474,STDK,-1.6436456441879272,-1.168161153793335,-0.5824242830276489
42,84,3,-0.7046223878860474,STDK_plus_QLSTM,-1.8764464855194092,-0.964109480381012,-0.219917893409729
42,84,3,-0.7046223878860474,STDK_plus_QConvLSTM,-1.538738489151001,-0.4358772337436676,0.3797896206378937
42,84,4,-0.9630463719367981,STDK,-1.657249927520752,-1.1823152303695679,-0.589943528175354
42,84,4,-0.9630463719367981,STDK_plus_QLSTM,-1.8250551223754883,-0.9223429560661316,-0.16850972175598145
42,84,4,-0.9630463719367981,STDK_plus_QConvLSTM,-1.7192738056182861,-0.6333991885185242,0.15832483768463135
42,84,5,-0.560454249382019,STDK,-1.6618236303329468,-1.1810002326965332,-0.5814002752304077
42,84,5,-0.560454249382019,STDK_plus_QLSTM,-1.7702863216400146,-0.8752435445785522,-0.12312465906143188
42,84,5,-0.560454249382019,STDK_plus_QConvLSTM,-1.8749632835388184,-0.7669692635536194,0.04572427272796631
42,85,1,-0.19216327369213104,STDK,-1.6125757694244385,-1.127065896987915,-0.5563050508499146
42,85,1,-0.19216327369213104,STDK_plus_QLSTM,-1.9591591358184814,-1.1178317070007324,-0.3498497009277344
42,85,1,-0.19216327369213104,STDK_plus_QConvLSTM,-1.13068687915802,-0.14652204513549805,0.7346718311309814
42,85,2,-0.1286301612854004,STDK,-1.8035184144973755,-1.3309266567230225,-0.7551431059837341
42,85,2,-0.1286301612854004,STDK_plus_QLSTM,-2.034120559692383,-1.1726908683776855,-0.4136570692062378
42,85,2,-0.1286301612854004,STDK_plus_QConvLSTM,-1.1915297508239746,-0.18978507816791534,0.6511961221694946
42,85,3,0.1615425944328308,STDK,-1.8563179969787598,-1.3904427289962769,-0.8087694048881531
42,85,3,0.1615425944328308,STDK_plus_QLSTM,-2.0037176609039307,-1.1204577684402466,-0.383395791053772
42,85,3,0.1615425944328308,STDK_plus_QConvLSTM,-1.2834416627883911,-0.266483873128891,0.5164408683776855
42,85,4,0.41077759861946106,STDK,-1.8990856409072876,-1.4335002899169922,-0.8452116847038269
42,85,4,0.41077759861946106,STDK_plus_QLSTM,-1.881270408630371,-0.9857759475708008,-0.2887389063835144
42,85,4,0.41077759861946106,STDK_plus_QConvLSTM,-1.1880836486816406,-0.2490781992673874,0.5243586897850037
42,85,5,0.5543386936187744,STDK,-1.8937071561813354,-1.4221532344818115,-0.8267061710357666
42,85,5,0.5543386936187744,STDK_plus_QLSTM,-1.6996092796325684,-0.802666187286377,-0.15930140018463135
42,85,5,0.5543386936187744,STDK_plus_QConvLSTM,-1.3079955577850342,-0.284900039434433,0.5045793056488037
42,86,1,-0.9773922562599182,STDK,-1.8585306406021118,-1.35893976688385,-0.784628689289093
42,86,1,-0.9773922562599182,STDK_plus_QLSTM,-2.1231303215026855,-1.2586755752563477,-0.47686970233917236
42,86,1,-0.9773922562599182,STDK_plus_QConvLSTM,-1.9518088102340698,-0.9622917175292969,-0.10918831825256348
42,86,2,-0.8879011273384094,STDK,-1.9605953693389893,-1.4745692014694214,-0.8953550457954407
42,86,2,-0.8879011273384094,STDK_plus_QLSTM,-2.1248526573181152,-1.252092719078064,-0.4625048041343689
42,86,2,-0.8879011273384094,STDK_plus_QConvLSTM,-1.9940769672393799,-0.9444079399108887,-0.15997350215911865
42,86,3,-0.9942224025726318,STDK,-2.06296706199646,-1.584395170211792,-0.999441921710968
42,86,3,-0.9942224025726318,STDK_plus_QLSTM,-2.094851016998291,-1.224297285079956,-0.43147408962249756
42,86,3,-0.9942224025726318,STDK_plus_QConvLSTM,-2.096640110015869,-1.02077317237854,-0.14583122730255127
42,86,4,-1.671905517578125,STDK,-2.138522148132324,-1.6607083082199097,-1.069252848625183
42,86,4,-1.671905517578125,STDK_plus_QLSTM,-2.0476455688476562,-1.1850485801696777,-0.3946160674095154
42,86,4,-1.671905517578125,STDK_plus_QConvLSTM,-2.0285329818725586,-1.0697088241577148,-0.17079561948776245
42,86,5,-1.4700373411178589,STDK,-2.1779277324676514,-1.694406509399414,-1.095820665359497
42,86,5,-1.4700373411178589,STDK_plus_QLSTM,-1.9895391464233398,-1.1403130292892456,-0.3538968563079834
42,86,5,-1.4700373411178589,STDK_plus_QConvLSTM,-1.9286186695098877,-0.9554596543312073,-0.07846426963806152
42,87,1,2.0622806549072266,STDK,0.6398619413375854,1.180631399154663,1.7631605863571167
42,87,1,2.0622806549072266,STDK_plus_QLSTM,0.5616919994354248,1.299870252609253,2.0932557582855225
42,87,1,2.0622806549072266,STDK_plus_QConvLSTM,1.005059838294983,1.7348178625106812,2.6663198471069336
42,87,2,1.898789882659912,STDK,0.3800707459449768,0.9064666032791138,1.494044303894043
42,87,2,1.898789882659912,STDK_plus_QLSTM,0.42772603034973145,1.1674010753631592,1.9582688808441162
42,87,2,1.898789882659912,STDK_plus_QConvLSTM,0.8731814622879028,1.5605533123016357,2.514645576477051
42,87,3,2.2536017894744873,STDK,0.20723164081573486,0.7255695462226868,1.3191170692443848
42,87,3,2.2536017894744873,STDK_plus_QLSTM,0.3200504183769226,1.0562020540237427,1.8454790115356445
42,87,3,2.2536017894744873,STDK_plus_QConvLSTM,0.8063361048698425,1.5099530220031738,2.42160964012146
42,87,4,2.4494056701660156,STDK,0.11825168132781982,0.635546088218689,1.2354397773742676
42,87,4,2.4494056701660156,STDK_plus_QLSTM,0.23446565866470337,0.9649292230606079,1.7540571689605713
42,87,4,2.4494056701660156,STDK_plus_QConvLSTM,0.6439817547798157,1.3684288263320923,2.240609884262085
42,87,5,2.7932496070861816,STDK,0.18645340204238892,0.7094591856002808,1.3162803649902344
42,87,5,2.7932496070861816,STDK_plus_QLSTM,0.1640399694442749,0.893509030342102,1.6820785999298096
42,87,5,2.7932496070861816,STDK_plus_QConvLSTM,0.496185302734375,1.2503609657287598,2.1860525608062744
42,88,1,0.3230557441711426,STDK,-0.7966000437736511,-0.24342487752437592,0.3434988856315613
42,88,1,0.3230557441711426,STDK_plus_QLSTM,-1.1317861080169678,-0.2516416311264038,0.5187609791755676
42,88,1,0.3230557441711426,STDK_plus_QConvLSTM,-0.8298351764678955,0.02622411772608757,0.8825299143791199
42,88,2,-0.10624516010284424,STDK,-0.866469144821167,-0.32756277918815613,0.2644895613193512
42,88,2,-0.10624516010284424,STDK_plus_QLSTM,-1.1359531879425049,-0.2643440365791321,0.5063003897666931
42,88,2,-0.10624516010284424,STDK_plus_QConvLSTM,-0.8981112241744995,0.013820587657392025,1.0430800914764404
42,88,3,-0.22464941442012787,STDK,-1.0311212539672852,-0.500047504901886,0.09766387939453125
42,88,3,-0.22464941442012787,STDK_plus_QLSTM,-1.1267127990722656,-0.2617831826210022,0.5089667439460754
42,88,3,-0.22464941442012787,STDK_plus_QConvLSTM,-1.0017433166503906,0.04410500079393387,1.1050211191177368
42,88,4,-0.9989413619041443,STDK,-1.1573734283447266,-0.6268274784088135,-0.022828638553619385
42,88,4,-0.9989413619041443,STDK_plus_QLSTM,-1.1123532056808472,-0.25181373953819275,0.518431544303894
42,88,4,-0.9989413619041443,STDK_plus_QConvLSTM,-0.9114202260971069,0.029433269053697586,1.1035882234573364
42,88,5,-0.8507843017578125,STDK,-1.2543551921844482,-0.7172965407371521,-0.10637110471725464
42,88,5,-0.8507843017578125,STDK_plus_QLSTM,-1.1004664897918701,-0.2377946972846985,0.5312218070030212
42,88,5,-0.8507843017578125,STDK_plus_QConvLSTM,-1.038488745689392,0.0028959058690816164,1.0422767400741577
42,89,1,0.667191743850708,STDK,0.034690797328948975,0.5092046856880188,1.0876293182373047
42,89,1,0.667191743850708,STDK_plus_QLSTM,-0.2681715488433838,0.4837533235549927,1.3412930965423584
42,89,1,0.667191743850708,STDK_plus_QConvLSTM,-0.23560947179794312,0.5814959406852722,1.445934772491455
42,89,2,0.5702598690986633,STDK,-0.02504885196685791,0.4352114498615265,1.0186152458190918
42,89,2,0.5702598690986633,STDK_plus_QLSTM,-0.41253089904785156,0.34512102603912354,1.2028918266296387
42,89,2,0.5702598690986633,STDK_plus_QConvLSTM,-0.3584787845611572,0.5244101285934448,1.3394213914871216
42,89,3,0.2069265991449356,STDK,-0.07812973856925964,0.37438204884529114,0.9637154340744019
42,89,3,0.2069265991449356,STDK_plus_QLSTM,-0.5426239967346191,0.21795177459716797,1.0740375518798828
42,89,3,0.2069265991449356,STDK_plus_QConvLSTM,-0.40980854630470276,0.4900815784931183,1.261367678642273
42,89,4,-0.03550440073013306,STDK,-0.13944193720817566,0.3119986951351166,0.908082127571106
42,89,4,-0.03550440073013306,STDK_plus_QLSTM,-0.6551545262336731,0.10526621341705322,0.9587064385414124
42,89,4,-0.03550440073013306,STDK_plus_QConvLSTM,-0.4487743675708771,0.3938398063182831,1.1454576253890991
42,89,5,0.9491087198257446,STDK,-0.22179566323757172,0.2351088672876358,0.8386538624763489
42,89,5,0.9491087198257446,STDK_plus_QLSTM,-0.7522776126861572,0.005465865135192871,0.8506636619567871
42,89,5,0.9491087198257446,STDK_plus_QConvLSTM,-0.6508169174194336,0.21998918056488037,1.0483098030090332
42,90,1,0.7918997406959534,STDK,-0.4962245523929596,-0.021710390225052834,0.5945656895637512
42,90,1,0.7918997406959534,STDK_plus_QLSTM,-0.7065178155899048,0.04497535526752472,0.8214847445487976
42,90,1,0.7918997406959534,STDK_plus_QConvLSTM,-1.3508001565933228,-0.26731717586517334,0.5162869691848755
42,90,2,-0.19914816319942474,STDK,-0.514793336391449,-0.0530734583735466,0.568307101726532
42,90,2,-0.19914816319942474,STDK_plus_QLSTM,-0.676474928855896,0.058079078793525696,0.839003324508667
42,90,2,-0.19914816319942474,STDK_plus_QConvLSTM,-1.249910831451416,-0.15670830011367798,0.6658648252487183
42,90,3,0.2553545832633972,STDK,-0.5273760557174683,-0.07283970713615417,0.554588794708252
42,90,3,0.2553545832633972,STDK_plus_QLSTM,-0.6541970372200012,0.06288440525531769,0.8516384959220886
42,90,3,0.2553545832633972,STDK_plus_QConvLSTM,-1.1275634765625,-0.07096576690673828,0.7113775610923767
42,90,4,-0.08982940018177032,STDK,-0.541054368019104,-0.08722669631242752,0.5470455884933472
42,90,4,-0.08982940018177032,STDK_plus_QLSTM,-0.6466181874275208,0.06473596394062042,0.8605942130088806
42,90,4,-0.08982940018177032,STDK_plus_QConvLSTM,-0.9939751029014587,0.0784265547990799,0.8214789032936096
42,90,5,-0.3138422966003418,STDK,-0.6285016536712646,-0.1691366583108902,0.4725005626678467
42,90,5,-0.3138422966003418,STDK_plus_QLSTM,-0.6475346088409424,0.06635887920856476,0.8689405918121338
42,90,5,-0.3138422966003418,STDK_plus_QConvLSTM,-0.9115272760391235,0.12110867351293564,0.8363585472106934
42,91,1,0.6767436861991882,STDK,0.2285481095314026,0.6682543158531189,1.2892236709594727
42,91,1,0.6767436861991882,STDK_plus_QLSTM,-0.07517540454864502,0.6414283514022827,1.4698716402053833
42,91,1,0.6767436861991882,STDK_plus_QConvLSTM,-0.26694315671920776,0.785312831401825,1.5386919975280762
42,91,2,0.2041008472442627,STDK,0.3106119632720947,0.7376678586006165,1.3638849258422852
42,91,2,0.2041008472442627,STDK_plus_QLSTM,-0.003701150417327881,0.7122066617012024,1.5397655963897705
42,91,2,0.2041008472442627,STDK_plus_QConvLSTM,-0.21911948919296265,0.824746310710907,1.5840537548065186
42,91,3,0.49093061685562134,STDK,0.38827043771743774,0.8084758520126343,1.4408411979675293
42,91,3,0.49093061685562134,STDK_plus_QLSTM,0.06813651323318481,0.7828109264373779,1.6055395603179932
42,91,3,0.49093061685562134,STDK_plus_QConvLSTM,-0.1564071774482727,0.8641443848609924,1.5717318058013916
42,91,4,0.6557546257972717,STDK,0.43962037563323975,0.8591850996017456,1.498612642288208
42,91,4,0.6557546257972717,STDK_plus_QLSTM,0.12791436910629272,0.8401051163673401,1.6563448905944824
42,91,4,0.6557546257972717,STDK_plus_QConvLSTM,-0.11122238636016846,0.8888559341430664,1.5342682600021362
42,91,5,0.6968357563018799,STDK,0.45329463481903076,0.8780443668365479,1.525166392326355
42,91,5,0.6968357563018799,STDK_plus_QLSTM,0.17842042446136475,0.8917643427848816,1.7033824920654297
42,91,5,0.6968357563018799,STDK_plus_QConvLSTM,-0.2723485231399536,0.7283912897109985,1.5256158113479614
42,92,1,1.1772347688674927,STDK,0.9398339986801147,1.3698265552520752,1.989840030670166
42,92,1,1.1772347688674927,STDK_plus_QLSTM,0.6919376254081726,1.3682456016540527,2.237104654312134
42,92,1,1.1772347688674927,STDK_plus_QConvLSTM,-0.06498438119888306,0.7979416251182556,1.527032494544983
42,92,2,0.11524683982133865,STDK,0.9630352258682251,1.3810389041900635,2.006302833557129
42,92,2,0.11524683982133865,STDK_plus_QLSTM,0.6664416193962097,1.3643611669540405,2.23455810546875
42,92,2,0.11524683982133865,STDK_plus_QConvLSTM,0.047962844371795654,0.9692721366882324,1.792736291885376
42,92,3,1.5637426376342773,STDK,0.9802628755569458,1.3918280601501465,2.023361921310425
42,92,3,1.5637426376342773,STDK_plus_QLSTM,0.6148115992546082,1.3309552669525146,2.1941990852355957
42,92,3,1.5637426376342773,STDK_plus_QConvLSTM,0.13817787170410156,1.094180703163147,1.7695379257202148
42,92,4,0.7314655780792236,STDK,0.9716061353683472,1.3825509548187256,2.0212197303771973
42,92,4,0.7314655780792236,STDK_plus_QLSTM,0.5552816987037659,1.2745401859283447,2.1312203407287598
42,92,4,0.7314655780792236,STDK_plus_QConvLSTM,0.18463391065597534,1.160676121711731,1.8332674503326416
42,92,5,0.9891196489334106,STDK,0.9442511796951294,1.3601136207580566,2.006518840789795
42,92,5,0.9891196489334106,STDK_plus_QLSTM,0.4853746294975281,1.2006547451019287,2.047701120376587
42,92,5,0.9891196489334106,STDK_plus_QConvLSTM,0.21560633182525635,1.2393205165863037,1.9984102249145508
42,93,1,0.3213907480239868,STDK,-0.5407024025917053,-0.09866105020046234,0.4846608638763428
42,93,1,0.3213907480239868,STDK_plus_QLSTM,-0.8661128878593445,-0.07647985219955444,0.7117083668708801
42,93,1,0.3213907480239868,STDK_plus_QConvLSTM,-0.9549729228019714,0.1289331167936325,0.8260042667388916
42,93,2,-0.519361138343811,STDK,-0.580876350402832,-0.15142157673835754,0.4369337856769562
42,93,2,-0.519361138343811,STDK_plus_QLSTM,-0.8533993363380432,-0.06699472665786743,0.7208660244941711
42,93,2,-0.519361138343811,STDK_plus_QConvLSTM,-1.009514570236206,0.07241648435592651,0.7822117209434509
42,93,3,-0.06012339890003204,STDK,-0.5771224498748779,-0.15446893870830536,0.4398331046104431
42,93,3,-0.06012339890003204,STDK_plus_QLSTM,-0.8311437368392944,-0.04763704910874367,0.742462694644928
42,93,3,-0.06012339890003204,STDK_plus_QConvLSTM,-1.09154212474823,-0.019326122477650642,0.7553421854972839
42,93,4,0.5665085911750793,STDK,-0.5314263701438904,-0.10940779000520706,0.49165111780166626
42,93,4,0.5665085911750793,STDK_plus_QLSTM,-0.8060884475708008,-0.024004044011235237,0.7681428790092468
42,93,4,0.5665085911750793,STDK_plus_QConvLSTM,-1.0982531309127808,-0.004308639094233513,0.7107686400413513
42,93,5,0.9728386402130127,STDK,-0.4775640368461609,-0.05026037245988846,0.5581499338150024
42,93,5,0.9728386402130127,STDK_plus_QLSTM,-0.7855245471000671,0.0017411084845662117,0.7921860218048096
42,93,5,0.9728386402130127,STDK_plus_QConvLSTM,-1.2182053327560425,-0.09154489636421204,0.6127161979675293
42,94,1,-1.4052332639694214,STDK,-2.5020647048950195,-2.0308780670166016,-1.466606855392456
42,94,1,-1.4052332639694214,STDK_plus_QLSTM,-2.831223487854004,-1.8928264379501343,-1.226111650466919
42,94,1,-1.4052332639694214,STDK_plus_QConvLSTM,-2.3345489501953125,-1.3397705554962158,-0.5458611249923706
42,94,2,-1.4676971435546875,STDK,-2.5552709102630615,-2.096544027328491,-1.5273680686950684
42,94,2,-1.4676971435546875,STDK_plus_QLSTM,-2.555574893951416,-1.605800986289978,-0.9576540589332581
42,94,2,-1.4676971435546875,STDK_plus_QConvLSTM,-2.2863473892211914,-1.3167771100997925,-0.5501627922058105
42,94,3,-0.7875193953514099,STDK,-2.614126443862915,-2.161919116973877,-1.5869264602661133
42,94,3,-0.7875193953514099,STDK_plus_QLSTM,-2.2330174446105957,-1.2805595397949219,-0.6366561651229858
42,94,3,-0.7875193953514099,STDK_plus_QConvLSTM,-2.30592679977417,-1.409506916999817,-0.558700680732727
42,94,4,-0.7833433747291565,STDK,-2.6526150703430176,-2.200608253479004,-1.6190404891967773
42,94,4,-0.7833433747291565,STDK_plus_QLSTM,-1.958066701889038,-1.0160385370254517,-0.36216849088668823
42,94,4,-0.7833433747291565,STDK_plus_QConvLSTM,-2.4663286209106445,-1.5340657234191895,-0.69166499376297
42,94,5,0.09273869544267654,STDK,-2.66471791267395,-2.207028865814209,-1.6183273792266846
42,94,5,0.09273869544267654,STDK_plus_QLSTM,-1.7845449447631836,-0.8619327545166016,-0.18297410011291504
42,94,5,0.09273869544267654,STDK_plus_QConvLSTM,-2.590331554412842,-1.6364659070968628,-0.8145301342010498
42,95,1,-0.009786270558834076,STDK,-1.2753105163574219,-0.7634996771812439,-0.2066752314567566
42,95,1,-0.009786270558834076,STDK_plus_QLSTM,-1.6092145442962646,-0.7346757650375366,0.08383208513259888
42,95,1,-0.009786270558834076,STDK_plus_QConvLSTM,-0.4911878705024719,0.555992066860199,1.30860435962677
42,95,2,-0.34045517444610596,STDK,-1.4230811595916748,-0.9239891767501831,-0.36231857538223267
42,95,2,-0.34045517444610596,STDK_plus_QLSTM,-1.8115860223770142,-0.9600071907043457,-0.12594115734100342
42,95,2,-0.34045517444610596,STDK_plus_QConvLSTM,-0.4173700213432312,0.5682621002197266,1.3025128841400146
42,95,3,0.08893760293722153,STDK,-1.4892680644989014,-0.9974056482315063,-0.43004000186920166
42,95,3,0.08893760293722153,STDK_plus_QLSTM,-2.0003490447998047,-1.175359845161438,-0.34472471475601196
42,95,3,0.08893760293722153,STDK_plus_QConvLSTM,-0.5474109053611755,0.5218167901039124,1.1677851676940918
42,95,4,-0.4697633981704712,STDK,-1.4744088649749756,-0.983183741569519,-0.4094202518463135
42,95,4,-0.4697633981704712,STDK_plus_QLSTM,-2.1197004318237305,-1.3019808530807495,-0.5030844807624817
42,95,4,-0.4697633981704712,STDK_plus_QConvLSTM,-0.7935507297515869,0.19886845350265503,0.9639744162559509
42,95,5,0.017091698944568634,STDK,-1.395151138305664,-0.8982040882110596,-0.317423939704895
42,95,5,0.017091698944568634,STDK_plus_QLSTM,-2.13447642326355,-1.3179244995117188,-0.5806859731674194
42,95,5,0.017091698944568634,STDK_plus_QConvLSTM,-0.8489694595336914,0.11059799790382385,0.9703960418701172
42,96,1,0.21528972685337067,STDK,-1.1464412212371826,-0.6023002862930298,-0.055730998516082764
42,96,1,0.21528972685337067,STDK_plus_QLSTM,-1.468330979347229,-0.6184055209159851,0.2079099416732788
42,96,1,0.21528972685337067,STDK_plus_QConvLSTM,0.05908668041229248,0.7646763920783997,1.8018853664398193
42,96,2,0.558215856552124,STDK,-1.3620208501815796,-0.8308335542678833,-0.279555082321167
42,96,2,0.558215856552124,STDK_plus_QLSTM,-1.642775535583496,-0.8036947846412659,0.02752208709716797
42,96,2,0.558215856552124,STDK_plus_QConvLSTM,-0.05284816026687622,0.6696176528930664,1.6866101026535034
42,96,3,1.0669406652450562,STDK,-1.5085082054138184,-0.9850460290908813,-0.42810243368148804
42,96,3,1.0669406652450562,STDK_plus_QLSTM,-1.7477219104766846,-0.9094708561897278,-0.0743865966796875
42,96,3,1.0669406652450562,STDK_plus_QConvLSTM,-0.1346592903137207,0.5935819745063782,1.5437078475952148
42,96,4,0.5008766055107117,STDK,-1.6625480651855469,-1.1400539875030518,-0.5766997933387756
42,96,4,0.5008766055107117,STDK_plus_QLSTM,-1.820637822151184,-0.962291419506073,-0.13225537538528442
42,96,4,0.5008766055107117,STDK_plus_QConvLSTM,-0.4249168038368225,0.6511014103889465,1.5516407489776611
42,96,5,1.1364716291427612,STDK,-1.7379299402236938,-1.2098863124847412,-0.6396015286445618
42,96,5,1.1364716291427612,STDK_plus_QLSTM,-1.8706334829330444,-0.9805716872215271,-0.16735965013504028
42,96,5,1.1364716291427612,STDK_plus_QConvLSTM,-0.6277962327003479,0.48570817708969116,1.4183472394943237
42,97,1,-0.2064562737941742,STDK,-1.5027289390563965,-0.953899085521698,-0.374584436416626
42,97,1,-0.2064562737941742,STDK_plus_QLSTM,-1.5647335052490234,-0.7748417854309082,-0.008594691753387451
42,97,1,-0.2064562737941742,STDK_plus_QConvLSTM,-1.5220613479614258,-0.5772191286087036,0.21922516822814941
42,97,2,0.09700983762741089,STDK,-1.6945085525512695,-1.1593527793884277,-0.574993908405304
42,97,2,0.09700983762741089,STDK_plus_QLSTM,-1.699074387550354,-0.8994587659835815,-0.13341772556304932
42,97,2,0.09700983762741089,STDK_plus_QConvLSTM,-1.4800515174865723,-0.533471405506134,0.18929338455200195
42,97,3,0.09741359949111938,STDK,-1.828559398651123,-1.3008368015289307,-0.7105516791343689
42,97,3,0.09741359949111938,STDK_plus_QLSTM,-1.8137047290802002,-1.004611849784851,-0.23913103342056274
42,97,3,0.09741359949111938,STDK_plus_QConvLSTM,-1.6030824184417725,-0.637274980545044,0.10453957319259644
42,97,4,-0.11478140950202942,STDK,-1.9286017417907715,-1.4014896154403687,-0.8045003414154053
42,97,4,-0.11478140950202942,STDK_plus_QLSTM,-1.9052739143371582,-1.0910063982009888,-0.3233864903450012
42,97,4,-0.11478140950202942,STDK_plus_QConvLSTM,-1.6517963409423828,-0.6862375736236572,-0.07445770502090454
42,97,5,-0.23468729853630066,STDK,-1.9866762161254883,-1.4536502361297607,-0.8497377038002014
42,97,5,-0.23468729853630066,STDK_plus_QLSTM,-1.9851646423339844,-1.1649291515350342,-0.3878469467163086
42,97,5,-0.23468729853630066,STDK_plus_QConvLSTM,-1.6411044597625732,-0.6841084361076355,-0.026153206825256348
42,98,1,-0.8278642892837524,STDK,-1.5995839834213257,-1.1110469102859497,-0.546914279460907
42,98,1,-0.8278642892837524,STDK_plus_QLSTM,-1.9070892333984375,-1.058536410331726,-0.31799429655075073
42,98,1,-0.8278642892837524,STDK_plus_QConvLSTM,-1.203235387802124,-0.4454774260520935,0.30162298679351807
42,98,2,-0.2648751735687256,STDK,-1.6323001384735107,-1.1589385271072388,-0.5898867249488831
42,98,2,-0.2648751735687256,STDK_plus_QLSTM,-1.8678096532821655,-1.0177106857299805,-0.27203238010406494
42,98,2,-0.2648751735687256,STDK_plus_QConvLSTM,-1.3002052307128906,-0.5185562968254089,0.28228461742401123
42,98,3,-0.048809394240379333,STDK,-1.7217895984649658,-1.257133960723877,-0.6823548674583435
42,98,3,-0.048809394240379333,STDK_plus_QLSTM,-1.8259919881820679,-0.9765053987503052,-0.22965598106384277
42,98,3,-0.048809394240379333,STDK_plus_QConvLSTM,-1.332024335861206,-0.5878531336784363,0.19197261333465576
42,98,4,-0.6186463832855225,STDK,-1.8152382373809814,-1.3520524501800537,-0.7707863450050354
42,98,4,-0.6186463832855225,STDK_plus_QLSTM,-1.7885363101959229,-0.9412069320678711,-0.1952805519104004
42,98,4,-0.6186463832855225,STDK_plus_QConvLSTM,-1.43442964553833,-0.6187053918838501,0.11629486083984375
42,98,5,-0.49482032656669617,STDK,-1.8948537111282349,-1.4262068271636963,-0.8378153443336487
42,98,5,-0.49482032656669617,STDK_plus_QLSTM,-1.7558908462524414,-0.9103520512580872,-0.16647106409072876
42,98,5,-0.49482032656669617,STDK_plus_QConvLSTM,-1.5773608684539795,-0.7815359234809875,-0.022140681743621826
42,99,1,0.8776637315750122,STDK,0.07049095630645752,0.5608466863632202,1.1306376457214355
42,99,1,0.8776637315750122,STDK_plus_QLSTM,-0.11013519763946533,0.572411060333252,1.4127185344696045
42,99,1,0.8776637315750122,STDK_plus_QConvLSTM,-0.10021376609802246,0.9310251474380493,1.6077439785003662
42,99,2,1.51007080078125,STDK,-0.10923117399215698,0.36637142300605774,0.9410220384597778
42,99,2,1.51007080078125,STDK_plus_QLSTM,-0.353602796792984,0.32601669430732727,1.1705396175384521
42,99,2,1.51007080078125,STDK_plus_QConvLSTM,-0.26088184118270874,0.7052362561225891,1.3249709606170654
42,99,3,0.7108045816421509,STDK,-0.28537923097610474,0.18203435838222504,0.7624187469482422
42,99,3,0.7108045816421509,STDK_plus_QLSTM,-0.5831412076950073,0.11011192947626114,0.9609004259109497
42,99,3,0.7108045816421509,STDK_plus_QConvLSTM,-0.44482821226119995,0.46508193016052246,1.093517780303955
42,99,4,0.30321159958839417,STDK,-0.7903906106948853,-0.32400771975517273,0.26291391253471375
42,99,4,0.30321159958839417,STDK_plus_QLSTM,-0.7991533279418945,-0.07236763089895248,0.7862929701805115
42,99,4,0.30321159958839417,STDK_plus_QConvLSTM,-0.6827962398529053,0.20311924815177917,0.8664758205413818
42,99,5,0.8340237140655518,STDK,-1.0931777954101562,-0.6209653615951538,-0.02684122323989868
42,99,5,0.8340237140655518,STDK_plus_QLSTM,-0.9949262142181396,-0.2173372209072113,0.642363429069519
42,99,5,0.8340237140655518,STDK_plus_QConvLSTM,-0.7940059900283813,0.12433979660272598,0.8514256477355957
