seed,target_index,lead,truth,model,q05,q50,q95
43,0,1,-0.6697542667388916,STDK,-0.8549400568008423,-0.44606494903564453,0.25064361095428467
43,0,1,-0.6697542667388916,STDK_plus_QLSTM,-0.9737486839294434,-0.2593923807144165,0.7613570690155029
43,0,1,-0.6697542667388916,STDK_plus_QConvLSTM,-1.0988373756408691,-0.24471285939216614,0.7327481508255005
43,0,2,-0.4212431311607361,STDK,-1.0643737316131592,-0.6575589179992676,0.04473757743835449
43,0,2,-0.4212431311607361,STDK_plus_QLSTM,-1.0365428924560547,-0.32293134927749634,0.6946430802345276
43,0,2,-0.4212431311607361,STDK_plus_QConvLSTM,-1.0148718357086182,-0.22805757820606232,0.6652336716651917
43,0,3,-0.4399983882904053,STDK,-1.2028082609176636,-0.793719470500946,-0.0764312744140625
43,0,3,-0.4399983882904053,STDK_plus_QLSTM,-1.085684061050415,-0.3763437271118164,0.6455597877502441
43,0,3,-0.4399983882904053,STDK_plus_QConvLSTM,-0.9158693552017212,-0.1542159616947174,0.680526852607727
43,0,4,-0.7533544301986694,STDK,-1.307206630706787,-0.8916637897491455,-0.15375113487243652
43,0,4,-0.7533544301986694,STDK_plus_QLSTM,-1.1104848384857178,-0.40705692768096924,0.6201708316802979
43,0,4,-0.7533544301986694,STDK_plus_QConvLSTM,-0.8442212343215942,-0.07240155339241028,0.8521937131881714
43,0,5,-0.5526423454284668,STDK,-1.3873990774154663,-0.9613983631134033,-0.19752705097198486
43,0,5,-0.5526423454284668,STDK_plus_QLSTM,-1.1209884881973267,-0.42462408542633057,0.6002429723739624
43,0,5,-0.5526423454284668,STDK_plus_QConvLSTM,-0.9055493474006653,-0.06862352788448334,0.8699058890342712
43,1,1,-0.7838003039360046,STDK,-1.5001335144042969,-1.045754313468933,-0.3405824899673462
43,1,1,-0.7838003039360046,STDK_plus_QLSTM,-1.7123324871063232,-0.916359007358551,0.12683945894241333
43,1,1,-0.7838003039360046,STDK_plus_QConvLSTM,-1.9129579067230225,-1.1664488315582275,-0.22902166843414307
43,1,2,-0.9655381441116333,STDK,-1.676152229309082,-1.2239646911621094,-0.5096614956855774
43,1,2,-0.9655381441116333,STDK_plus_QLSTM,-1.784693956375122,-0.9752920269966125,0.07060903310775757
43,1,2,-0.9655381441116333,STDK_plus_QConvLSTM,-1.8972141742706299,-1.169053554534912,-0.1435006856918335
43,1,3,-0.633173406124115,STDK,-1.890034556388855,-1.4354327917099,-0.7042836546897888
43,1,3,-0.633173406124115,STDK_plus_QLSTM,-1.8287768363952637,-1.0084515810012817,0.040009140968322754
43,1,3,-0.633173406124115,STDK_plus_QConvLSTM,-1.806322693824768,-1.059523105621338,-0.25137221813201904
43,1,4,-0.7860773801803589,STDK,-2.0744199752807617,-1.612714409828186,-0.8579520583152771
43,1,4,-0.7860773801803589,STDK_plus_QLSTM,-1.8874800205230713,-1.0570170879364014,-0.004800915718078613
43,1,4,-0.7860773801803589,STDK_plus_QConvLSTM,-1.8464553356170654,-1.0787217617034912,-0.26190847158432007
43,1,5,-0.7598663568496704,STDK,-2.19695782661438,-1.724304437637329,-0.9338257312774658
43,1,5,-0.7598663568496704,STDK_plus_QLSTM,-1.946824073791504,-1.107431173324585,-0.050278544425964355
43,1,5,-0.7598663568496704,STDK_plus_QConvLSTM,-1.8134187459945679,-1.0383816957473755,-0.15959030389785767
43,2,1,-0.6339322924613953,STDK,-1.1392936706542969,-0.6483430862426758,0.01853388547897339
43,2,1,-0.6339322924613953,STDK_plus_QLSTM,-1.2933862209320068,-0.5567387342453003,0.32551103830337524
43,2,1,-0.6339322924613953,STDK_plus_QConvLSTM,-1.2980796098709106,-0.3006526827812195,0.4785304069519043
43,2,2,-0.5530821681022644,STDK,-1.2259622812271118,-0.736968994140625,-0.06560373306274414
43,2,2,-0.5530821681022644,STDK_plus_QLSTM,-1.3941552639007568,-0.6270899772644043,0.2797156572341919
43,2,2,-0.5530821681022644,STDK_plus_QConvLSTM,-1.3258230686187744,-0.3622837960720062,0.4119647443294525
43,2,3,-0.15030840039253235,STDK,-1.30820631980896,-0.8165381550788879,-0.13646137714385986
43,2,3,-0.15030840039253235,STDK_plus_QLSTM,-1.488608717918396,-0.6967520713806152,0.2148200273513794
43,2,3,-0.15030840039253235,STDK_plus_QConvLSTM,-1.3476709127426147,-0.44902393221855164,0.3408278524875641
43,2,4,-0.40319740772247314,STDK,-1.3920994997024536,-0.8929284811019897,-0.2003965973854065
43,2,4,-0.40319740772247314,STDK_plus_QLSTM,-1.5610299110412598,-0.7608163952827454,0.1390652060508728
43,2,4,-0.40319740772247314,STDK_plus_QConvLSTM,-1.4311562776565552,-0.4933612048625946,0.2858692705631256
43,2,5,-0.46498432755470276,STDK,-1.4543588161468506,-0.9457789659500122,-0.2326960563659668
43,2,5,-0.46498432755470276,STDK_plus_QLSTM,-1.6033716201782227,-0.8165053725242615,0.07380425930023193
43,2,5,-0.46498432755470276,STDK_plus_QConvLSTM,-1.4006190299987793,-0.5683403015136719,0.2637249231338501
43,3,1,0.23013873398303986,STDK,-0.7650725841522217,-0.2444215714931488,0.31716641783714294
43,3,1,0.23013873398303986,STDK_plus_QLSTM,-0.9475160837173462,-0.1506246030330658,0.5988563299179077
43,3,1,0.23013873398303986,STDK_plus_QConvLSTM,-1.1707632541656494,-0.17872464656829834,0.5681703686714172
43,3,2,0.21062083542346954,STDK,-0.9430422186851501,-0.423106849193573,0.13883495330810547
43,3,2,0.21062083542346954,STDK_plus_QLSTM,-0.9713184833526611,-0.1702497899532318,0.5869464874267578
43,3,2,0.21062083542346954,STDK_plus_QConvLSTM,-1.084168553352356,-0.1469086855649948,0.6310268640518188
43,3,3,1.0631916522979736,STDK,-1.1239910125732422,-0.6015220284461975,-0.03543287515640259
43,3,3,1.0631916522979736,STDK_plus_QLSTM,-1.003287434577942,-0.20091363787651062,0.5705316066741943
43,3,3,1.0631916522979736,STDK_plus_QConvLSTM,-1.1245306730270386,-0.10496827214956284,0.6171407103538513
43,3,4,0.23617559671401978,STDK,-1.2854456901550293,-0.7567113637924194,-0.18280041217803955
43,3,4,0.23617559671401978,STDK_plus_QLSTM,-1.0414628982543945,-0.23722514510154724,0.5520614385604858
43,3,4,0.23617559671401978,STDK_plus_QConvLSTM,-1.1263017654418945,-0.1593719720840454,0.6012269258499146
43,3,5,0.8970106840133667,STDK,-1.3825337886810303,-0.8474774360656738,-0.25919657945632935
43,3,5,0.8970106840133667,STDK_plus_QLSTM,-1.083180546760559,-0.27690908312797546,0.5329850912094116
43,3,5,0.8970106840133667,STDK_plus_QConvLSTM,-1.2156040668487549,-0.1549387127161026,0.5640302300453186
43,4,1,0.2253907322883606,STDK,-0.04513406753540039,0.36965078115463257,0.9773866534233093
43,4,1,0.2253907322883606,STDK_plus_QLSTM,-0.45852354168891907,0.3730718791484833,1.2680139541625977
43,4,1,0.2253907322883606,STDK_plus_QConvLSTM,-0.8077282905578613,0.06133079156279564,0.7236440777778625
43,4,2,0.3261488676071167,STDK,-0.0340634286403656,0.3736925423145294,0.982219934463501
43,4,2,0.3261488676071167,STDK_plus_QLSTM,-0.44090536236763,0.3838970363140106,1.3122752904891968
43,4,2,0.3261488676071167,STDK_plus_QConvLSTM,-0.7112709879875183,0.13661064207553864,0.832614541053772
43,4,3,0.2398546040058136,STDK,-0.04241383075714111,0.3630116879940033,0.9777839183807373
43,4,3,0.2398546040058136,STDK_plus_QLSTM,-0.43059197068214417,0.39125779271125793,1.3489865064620972
43,4,3,0.2398546040058136,STDK_plus_QConvLSTM,-0.6920366287231445,0.2062075436115265,0.9024592638015747
43,4,4,0.03422759473323822,STDK,-0.07475614547729492,0.3328079283237457,0.9588937759399414
43,4,4,0.03422759473323822,STDK_plus_QLSTM,-0.42881056666374207,0.39615753293037415,1.3676267862319946
43,4,4,0.03422759473323822,STDK_plus_QConvLSTM,-0.6445907950401306,0.23871345818042755,0.9502567052841187
43,4,5,0.3639217019081116,STDK,-0.15062102675437927,0.26339778304100037,0.9046273231506348
43,4,5,0.3639217019081116,STDK_plus_QLSTM,-0.43490728735923767,0.39901259541511536,1.3607898950576782
43,4,5,0.3639217019081116,STDK_plus_QConvLSTM,-0.5439227819442749,0.3029317855834961,1.0065964460372925
43,5,1,-0.7688862681388855,STDK,-1.159501552581787,-0.7485374808311462,-0.0008983016014099121
43,5,1,-0.7688862681388855,STDK_plus_QLSTM,-1.3115910291671753,-0.5368979573249817,0.38386040925979614
43,5,1,-0.7688862681388855,STDK_plus_QConvLSTM,-1.4944850206375122,-0.6079770922660828,0.10530924797058105
43,5,2,-0.8929081559181213,STDK,-1.4839752912521362,-1.0796139240264893,-0.3250501751899719
43,5,2,-0.8929081559181213,STDK_plus_QLSTM,-1.3457787036895752,-0.5858529210090637,0.346241295337677
43,5,2,-0.8929081559181213,STDK_plus_QConvLSTM,-1.6593056917190552,-0.773847222328186,0.10129326581954956
43,5,3,-0.6190394163131714,STDK,-1.8140889406204224,-1.4114396572113037,-0.6393914818763733
43,5,3,-0.6190394163131714,STDK_plus_QLSTM,-1.3915295600891113,-0.6299005150794983,0.3027772903442383
43,5,3,-0.6190394163131714,STDK_plus_QConvLSTM,-1.7589704990386963,-0.8177376985549927,-0.030481696128845215
43,5,4,-0.5452433824539185,STDK,-1.9934154748916626,-1.5876878499984741,-0.7766530513763428
43,5,4,-0.5452433824539185,STDK_plus_QLSTM,-1.4454803466796875,-0.6703305840492249,0.25885218381881714
43,5,4,-0.5452433824539185,STDK_plus_QConvLSTM,-1.8106019496917725,-0.8813009262084961,-0.14458900690078735
43,5,5,0.17907769978046417,STDK,-2.087653160095215,-1.6743073463439941,-0.786453366279602
43,5,5,0.17907769978046417,STDK_plus_QLSTM,-1.5086002349853516,-0.713161826133728,0.21207958459854126
43,5,5,0.17907769978046417,STDK_plus_QConvLSTM,-1.7442469596862793,-0.8958017230033875,-0.04796910285949707
43,6,1,-0.02514827251434326,STDK,0.2181934416294098,0.6702494621276855,1.4205288887023926
43,6,1,-0.02514827251434326,STDK_plus_QLSTM,0.07614696025848389,0.833427369594574,1.6480824947357178
43,6,1,-0.02514827251434326,STDK_plus_QConvLSTM,-0.4809921681880951,0.3075076639652252,1.0672763586044312
43,6,2,0.6735158562660217,STDK,0.04413479566574097,0.49549561738967896,1.253320336341858
43,6,2,0.6735158562660217,STDK_plus_QLSTM,0.1506369709968567,0.9091337323188782,1.701817512512207
43,6,2,0.6735158562660217,STDK_plus_QConvLSTM,-0.6474733352661133,0.1915586292743683,0.9103134870529175
43,6,3,0.2509346008300781,STDK,-0.210590660572052,0.24437367916107178,1.017087459564209
43,6,3,0.2509346008300781,STDK_plus_QLSTM,0.23249441385269165,0.9911167025566101,1.7666125297546387
43,6,3,0.2509346008300781,STDK_plus_QConvLSTM,-0.7246369123458862,0.08775880932807922,0.6898541450500488
43,6,4,-0.19113540649414062,STDK,-0.5277029871940613,-0.06478384137153625,0.7325952053070068
43,6,4,-0.19113540649414062,STDK_plus_QLSTM,0.32759666442871094,1.0801048278808594,1.8463521003723145
43,6,4,-0.19113540649414062,STDK_plus_QConvLSTM,-0.7937667369842529,0.08234132081270218,0.7772807478904724
43,6,5,0.9091757535934448,STDK,-0.8101437091827393,-0.3353064954280853,0.4940299689769745
43,6,5,0.9091757535934448,STDK_plus_QLSTM,0.42969435453414917,1.1775789260864258,1.9312400817871094
43,6,5,0.9091757535934448,STDK_plus_QConvLSTM,-0.774976372718811,0.0714537650346756,0.6788608431816101
43,7,1,0.1731487363576889,STDK,-1.2129645347595215,-0.7270172834396362,-0.07633304595947266
43,7,1,0.1731487363576889,STDK_plus_QLSTM,-1.4539613723754883,-0.6875558495521545,0.3395305275917053
43,7,1,0.1731487363576889,STDK_plus_QConvLSTM,-0.8750388026237488,-0.10925973951816559,0.7305653691291809
43,7,2,-0.00894215703010559,STDK,-1.413010597229004,-0.9284377098083496,-0.27292388677597046
43,7,2,-0.00894215703010559,STDK_plus_QLSTM,-1.5460201501846313,-0.7738876342773438,0.25226354598999023
43,7,2,-0.00894215703010559,STDK_plus_QConvLSTM,-0.8178890347480774,-0.06172603368759155,0.7607479095458984
43,7,3,0.09722959995269775,STDK,-1.6196784973144531,-1.132590413093567,-0.46911925077438354
43,7,3,0.09722959995269775,STDK_plus_QLSTM,-1.6153593063354492,-0.8519072532653809,0.17315876483917236
43,7,3,0.09722959995269775,STDK_plus_QConvLSTM,-0.7785564064979553,0.004803614690899849,0.7950772047042847
43,7,4,-0.34593039751052856,STDK,-1.7713916301727295,-1.2768478393554688,-0.6029357314109802
43,7,4,-0.34593039751052856,STDK_plus_QLSTM,-1.6682831048965454,-0.9193057417869568,0.10567086935043335
43,7,4,-0.34593039751052856,STDK_plus_QConvLSTM,-0.7481614947319031,0.056493766605854034,0.896654486656189
43,7,5,-0.2524462938308716,STDK,-1.8722035884857178,-1.3669830560684204,-0.6811680197715759
43,7,5,-0.2524462938308716,STDK_plus_QLSTM,-1.7109425067901611,-0.9766750335693359,0.048305630683898926
43,7,5,-0.2524462938308716,STDK_plus_QConvLSTM,-0.7767137885093689,0.033369529992341995,0.884351909160614
43,8,1,-1.5317602157592773,STDK,-2.338893413543701,-1.8184067010879517,-1.200292944908142
43,8,1,-1.5317602157592773,STDK_plus_QLSTM,-2.532090187072754,-1.6433814764022827,-0.6793324947357178
43,8,1,-1.5317602157592773,STDK_plus_QConvLSTM,-1.7685233354568481,-0.9512931704521179,-0.33320510387420654
43,8,2,-1.9629191160202026,STDK,-2.562558174133301,-2.043890953063965,-1.4246139526367188
43,8,2,-1.9629191160202026,STDK_plus_QLSTM,-2.5839548110961914,-1.6858195066452026,-0.7304717302322388
43,8,2,-1.9629191160202026,STDK_plus_QConvLSTM,-1.670013189315796,-0.928196907043457,-0.20058465003967285
43,8,3,-1.8912633657455444,STDK,-2.7365846633911133,-2.2142462730407715,-1.5885803699493408
43,8,3,-1.8912633657455444,STDK_plus_QLSTM,-2.5676770210266113,-1.6879841089248657,-0.7468935251235962
43,8,3,-1.8912633657455444,STDK_plus_QConvLSTM,-1.6661407947540283,-0.9215844869613647,-0.17547857761383057
43,8,4,-1.95904541015625,STDK,-2.876016855239868,-2.3445301055908203,-1.7058899402618408
43,8,4,-1.95904541015625,STDK_plus_QLSTM,-2.5134875774383545,-1.6627620458602905,-0.7343457341194153
43,8,4,-1.95904541015625,STDK_plus_QConvLSTM,-1.7740259170532227,-1.0603511333465576,-0.2096235752105713
43,8,5,-1.7234493494033813,STDK,-2.942903995513916,-2.3982839584350586,-1.7461071014404297
43,8,5,-1.7234493494033813,STDK_plus_QLSTM,-2.434364080429077,-1.6219428777694702,-0.6936421394348145
43,8,5,-1.7234493494033813,STDK_plus_QConvLSTM,-1.9724045991897583,-1.2377253770828247,-0.34755629301071167
43,9,1,-0.879096269607544,STDK,-1.54041588306427,-1.1025968790054321,-0.4755313992500305
43,9,1,-0.879096269607544,STDK_plus_QLSTM,-1.7088994979858398,-0.9053519368171692,0.03211468458175659
43,9,1,-0.879096269607544,STDK_plus_QConvLSTM,-1.6759834289550781,-0.8222488164901733,-0.03192126750946045
43,9,2,-1.2273341417312622,STDK,-1.722983717918396,-1.286683440208435,-0.6570788621902466
43,9,2,-1.2273341417312622,STDK_plus_QLSTM,-1.7415367364883423,-0.9162433743476868,0.024090945720672607
43,9,2,-1.2273341417312622,STDK_plus_QConvLSTM,-1.6337307691574097,-0.8393380641937256,-0.02919238805770874
43,9,3,-1.0588264465332031,STDK,-1.9115309715270996,-1.4719064235687256,-0.8355706930160522
43,9,3,-1.0588264465332031,STDK_plus_QLSTM,-1.7511372566223145,-0.9259979128837585,0.013543367385864258
43,9,3,-1.0588264465332031,STDK_plus_QConvLSTM,-1.6345901489257812,-0.846159040927887,0.05956786870956421
43,9,4,-1.1872084140777588,STDK,-2.1180388927459717,-1.6702884435653687,-1.0233756303787231
43,9,4,-1.1872084140777588,STDK_plus_QLSTM,-1.7317237854003906,-0.9206803441047668,0.013510465621948242
43,9,4,-1.1872084140777588,STDK_plus_QConvLSTM,-1.612872838973999,-0.811776340007782,0.045770466327667236
43,9,5,-0.7869553565979004,STDK,-2.265061855316162,-1.8047555685043335,-1.1421329975128174
43,9,5,-0.7869553565979004,STDK_plus_QLSTM,-1.705668330192566,-0.9106581211090088,0.019975125789642334
43,9,5,-0.7869553565979004,STDK_plus_QConvLSTM,-1.6173077821731567,-0.8399063348770142,0.0231742262840271
43,10,1,-1.9662842750549316,STDK,-1.84306001663208,-1.427518367767334,-0.7553874850273132
43,10,1,-1.9662842750549316,STDK_plus_QLSTM,-2.071176052093506,-1.3286086320877075,-0.37571871280670166
43,10,1,-1.9662842750549316,STDK_plus_QConvLSTM,-1.7510098218917847,-0.9089860916137695,0.06703805923461914
43,10,2,-1.7661120891571045,STDK,-1.9476451873779297,-1.534122347831726,-0.8570088148117065
43,10,2,-1.7661120891571045,STDK_plus_QLSTM,-2.110107421875,-1.3629862070083618,-0.4079388976097107
43,10,2,-1.7661120891571045,STDK_plus_QConvLSTM,-1.6695547103881836,-0.8251436352729797,0.09347766637802124
43,10,3,-1.3823493719100952,STDK,-2.0965702533721924,-1.6807798147201538,-0.9952057600021362
43,10,3,-1.3823493719100952,STDK_plus_QLSTM,-2.1388769149780273,-1.394986867904663,-0.44008058309555054
43,10,3,-1.3823493719100952,STDK_plus_QConvLSTM,-1.7555854320526123,-0.9238419532775879,0.017232060432434082
43,10,4,-0.9659784436225891,STDK,-2.2546873092651367,-1.832232117652893,-1.1348240375518799
43,10,4,-0.9659784436225891,STDK_plus_QLSTM,-2.157414674758911,-1.42277991771698,-0.4692506790161133
43,10,4,-0.9659784436225891,STDK_plus_QConvLSTM,-1.7411422729492188,-0.8220305442810059,0.10103756189346313
43,10,5,-0.9855853319168091,STDK,-2.3885130882263184,-1.9558769464492798,-1.2368971109390259
43,10,5,-0.9855853319168091,STDK_plus_QLSTM,-2.1714468002319336,-1.4437564611434937,-0.4935086965560913
43,10,5,-0.9855853319168091,STDK_plus_QConvLSTM,-1.9145047664642334,-0.9645716547966003,0.002192974090576172
43,11,1,0.5093067288398743,STDK,-0.533211350440979,-0.09879285842180252,0.6079083681106567
43,11,1,0.5093067288398743,STDK_plus_QLSTM,-0.7007261514663696,0.023684166371822357,0.9874471426010132
43,11,1,0.5093067288398743,STDK_plus_QConvLSTM,-0.7364950776100159,0.19188576936721802,1.2137477397918701
43,11,2,1.1339848041534424,STDK,-0.725310206413269,-0.29310205578804016,0.42281582951545715
43,11,2,1.1339848041534424,STDK_plus_QLSTM,-0.7146730422973633,-0.008349098265171051,0.9592245221138
43,11,2,1.1339848041534424,STDK_plus_QConvLSTM,-0.7324053049087524,0.19079193472862244,1.1350566148757935
43,11,3,1.2079066038131714,STDK,-0.921913743019104,-0.48758813738822937,0.2448616325855255
43,11,3,1.2079066038131714,STDK_plus_QLSTM,-0.7393336296081543,-0.03964976221323013,0.9291298985481262
43,11,3,1.2079066038131714,STDK_plus_QConvLSTM,-0.8247201442718506,0.006514019798487425,0.9625098705291748
43,11,4,1.1851716041564941,STDK,-1.0742168426513672,-0.6333242654800415,0.12172842025756836
43,11,4,1.1851716041564941,STDK_plus_QLSTM,-0.7684112787246704,-0.06740013509988785,0.900661826133728
43,11,4,1.1851716041564941,STDK_plus_QConvLSTM,-0.8753527998924255,-0.019745882600545883,0.8811273574829102
43,11,5,0.6115306615829468,STDK,-1.1909816265106201,-0.7423739433288574,0.04872614145278931
43,11,5,0.6115306615829468,STDK_plus_QLSTM,-0.8020355701446533,-0.09047312289476395,0.8745458126068115
43,11,5,0.6115306615829468,STDK_plus_QConvLSTM,-0.9060370326042175,0.02313821204006672,1.0300147533416748
43,12,1,0.4475647211074829,STDK,-0.14676013588905334,0.32913005352020264,0.9883880019187927
43,12,1,0.4475647211074829,STDK_plus_QLSTM,-0.4489922821521759,0.3254266679286957,1.3310785293579102
43,12,1,0.4475647211074829,STDK_plus_QConvLSTM,-0.46167612075805664,0.5018842816352844,1.4722118377685547
43,12,2,0.370999813079834,STDK,-0.1512841284275055,0.32242482900619507,0.9832238554954529
43,12,2,0.370999813079834,STDK_plus_QLSTM,-0.47921687364578247,0.3087111711502075,1.330810308456421
43,12,2,0.370999813079834,STDK_plus_QConvLSTM,-0.49577176570892334,0.4777865409851074,1.4592609405517578
43,12,3,0.551715612411499,STDK,-0.19727712869644165,0.2740800082683563,0.9422677755355835
43,12,3,0.551715612411499,STDK_plus_QLSTM,-0.5075064897537231,0.2834789454936981,1.3145641088485718
43,12,3,0.551715612411499,STDK_plus_QConvLSTM,-0.4786839783191681,0.44894489645957947,1.4437724351882935
43,12,4,0.5125595927238464,STDK,-0.2961820065975189,0.17728650569915771,0.857806921005249
43,12,4,0.5125595927238464,STDK_plus_QLSTM,-0.5460094213485718,0.2521253228187561,1.2896881103515625
43,12,4,0.5125595927238464,STDK_plus_QConvLSTM,-0.504676878452301,0.4773337244987488,1.4803903102874756
43,12,5,0.2704806923866272,STDK,-0.3737277388572693,0.10665585100650787,0.8023180961608887
43,12,5,0.2704806923866272,STDK_plus_QLSTM,-0.5929292440414429,0.21605485677719116,1.253415822982788
43,12,5,0.2704806923866272,STDK_plus_QConvLSTM,-0.44432711601257324,0.5194483399391174,1.4627861976623535
43,13,1,0.4268757104873657,STDK,-0.8617669343948364,-0.37587958574295044,0.24753910303115845
43,13,1,0.4268757104873657,STDK_plus_QLSTM,-1.0333259105682373,-0.28042536973953247,0.5089532136917114
43,13,1,0.4268757104873657,STDK_plus_QConvLSTM,-1.5796265602111816,-0.6524166464805603,0.2703624367713928
43,13,2,0.31335681676864624,STDK,-0.957597017288208,-0.47462546825408936,0.15040475130081177
43,13,2,0.31335681676864624,STDK_plus_QLSTM,-1.0874481201171875,-0.329637348651886,0.463179349899292
43,13,2,0.31335681676864624,STDK_plus_QConvLSTM,-1.5210835933685303,-0.6376126408576965,0.24414348602294922
43,13,3,0.3680785894393921,STDK,-1.0606021881103516,-0.580517053604126,0.049480319023132324
43,13,3,0.3680785894393921,STDK_plus_QLSTM,-1.161649227142334,-0.39581817388534546,0.3997759222984314
43,13,3,0.3680785894393921,STDK_plus_QConvLSTM,-1.4675695896148682,-0.6449529528617859,0.2911759614944458
43,13,4,0.044160597026348114,STDK,-1.1528292894363403,-0.6718577742576599,-0.034315407276153564
43,13,4,0.044160597026348114,STDK_plus_QLSTM,-1.243931531906128,-0.47476792335510254,0.32106155157089233
43,13,4,0.044160597026348114,STDK_plus_QConvLSTM,-1.344526767730713,-0.5256898403167725,0.420457124710083
43,13,5,0.005186699330806732,STDK,-1.1914829015731812,-0.7048726081848145,-0.05714535713195801
43,13,5,0.005186699330806732,STDK_plus_QLSTM,-1.3312346935272217,-0.5629669427871704,0.2286994457244873
43,13,5,0.005186699330806732,STDK_plus_QConvLSTM,-1.2855510711669922,-0.5378564596176147,0.500941276550293
43,14,1,-1.0902222394943237,STDK,-1.5210151672363281,-1.0402485132217407,-0.4269959330558777
43,14,1,-1.0902222394943237,STDK_plus_QLSTM,-1.748497486114502,-0.8109793066978455,0.48238641023635864
43,14,1,-1.0902222394943237,STDK_plus_QConvLSTM,-1.911182165145874,-1.0273998975753784,-0.0798601508140564
43,14,2,-1.203801155090332,STDK,-1.7974331378936768,-1.3192826509475708,-0.7064613103866577
43,14,2,-1.203801155090332,STDK_plus_QLSTM,-1.833585262298584,-0.910732626914978,0.4704446792602539
43,14,2,-1.203801155090332,STDK_plus_QConvLSTM,-1.7539281845092773,-0.9123495221138,0.010554015636444092
43,14,3,-0.4751453995704651,STDK,-2.0602450370788574,-1.5834344625473022,-0.968306303024292
43,14,3,-0.4751453995704651,STDK_plus_QLSTM,-1.8889060020446777,-0.9785360097885132,0.3326270580291748
43,14,3,-0.4751453995704651,STDK_plus_QConvLSTM,-1.7911593914031982,-0.9658609628677368,0.020169556140899658
43,14,4,-0.5605664253234863,STDK,-2.2825582027435303,-1.8045321702957153,-1.1836912631988525
43,14,4,-0.5605664253234863,STDK_plus_QLSTM,-1.9195642471313477,-1.0153175592422485,0.2082357406616211
43,14,4,-0.5605664253234863,STDK_plus_QConvLSTM,-1.766269564628601,-0.919604480266571,-0.003192603588104248
43,14,5,-0.34483930468559265,STDK,-2.4443061351776123,-1.9604276418685913,-1.3305566310882568
43,14,5,-0.34483930468559265,STDK_plus_QLSTM,-2.0052430629730225,-1.1061592102050781,0.06231522560119629
43,14,5,-0.34483930468559265,STDK_plus_QConvLSTM,-1.757230520248413,-0.9104500412940979,0.01625239849090576
43,15,1,0.37692970037460327,STDK,-0.002165764570236206,0.4464559555053711,1.171053409576416
43,15,1,0.37692970037460327,STDK_plus_QLSTM,-0.2199798822402954,0.58170485496521,1.5769805908203125
43,15,1,0.37692970037460327,STDK_plus_QConvLSTM,-0.7023913264274597,0.2762821316719055,1.2566239833831787
43,15,2,0.8658748269081116,STDK,-0.3703528046607971,0.07593230903148651,0.8059356808662415
43,15,2,0.8658748269081116,STDK_plus_QLSTM,-0.20584481954574585,0.5910671949386597,1.5801318883895874
43,15,2,0.8658748269081116,STDK_plus_QConvLSTM,-0.6206346154212952,0.27496325969696045,1.1853703260421753
43,15,3,0.9942925572395325,STDK,-0.6430370807647705,-0.19447572529315948,0.5483087301254272
43,15,3,0.9942925572395325,STDK_plus_QLSTM,-0.19118732213974,0.5963693857192993,1.575926661491394
43,15,3,0.9942925572395325,STDK_plus_QConvLSTM,-0.5952202081680298,0.27796006202697754,1.2767707109451294
43,15,4,0.45602360367774963,STDK,-0.8948796987533569,-0.43941840529441833,0.3223685920238495
43,15,4,0.45602360367774963,STDK_plus_QLSTM,-0.18561744689941406,0.6020643711090088,1.575390100479126
43,15,4,0.45602360367774963,STDK_plus_QConvLSTM,-0.5172666311264038,0.3840339779853821,1.2977862358093262
43,15,5,0.7434216737747192,STDK,-1.0921796560287476,-0.6255823373794556,0.173683762550354
43,15,5,0.7434216737747192,STDK_plus_QLSTM,-0.18536490201950073,0.6078896522521973,1.574460506439209
43,15,5,0.7434216737747192,STDK_plus_QConvLSTM,-0.46345049142837524,0.4771208167076111,1.3986756801605225
43,16,1,0.4581567049026489,STDK,-0.5659528374671936,-0.1237749382853508,0.5964221954345703
43,16,1,0.4581567049026489,STDK_plus_QLSTM,-0.684186577796936,0.023421932011842728,0.9792822599411011
43,16,1,0.4581567049026489,STDK_plus_QConvLSTM,-0.804706871509552,0.16028107702732086,1.2831788063049316
43,16,2,0.8772748708724976,STDK,-0.7659518122673035,-0.32611945271492004,0.40105095505714417
43,16,2,0.8772748708724976,STDK_plus_QLSTM,-0.7545210719108582,-0.04178274795413017,0.8822391033172607
43,16,2,0.8772748708724976,STDK_plus_QConvLSTM,-0.8529384136199951,0.04203101620078087,1.1228970289230347
43,16,3,0.09221360087394714,STDK,-0.9974290728569031,-0.5554022192955017,0.18430054187774658
43,16,3,0.09221360087394714,STDK_plus_QLSTM,-0.8420449495315552,-0.11863274872303009,0.78943932056427
43,16,3,0.09221360087394714,STDK_plus_QConvLSTM,-0.8340508341789246,0.044369176030159,1.1183500289916992
43,16,4,-0.09569640457630157,STDK,-1.234283447265625,-0.7858048677444458,-0.03027355670928955
43,16,4,-0.09569640457630157,STDK_plus_QLSTM,-0.9307679533958435,-0.20045073330402374,0.7103310823440552
43,16,4,-0.09569640457630157,STDK_plus_QConvLSTM,-0.8646045923233032,0.10185451805591583,1.1511393785476685
43,16,5,-0.3612203001976013,STDK,-1.391921043395996,-0.9335129261016846,-0.1546468734741211
43,16,5,-0.3612203001976013,STDK_plus_QLSTM,-1.0210208892822266,-0.2821241021156311,0.6345421075820923
43,16,5,-0.3612203001976013,STDK_plus_QConvLSTM,-0.9175684452056885,0.08622992038726807,1.1640983819961548
43,17,1,0.6458536982536316,STDK,-1.2710684537887573,-0.805301308631897,-0.1230243444442749
43,17,1,0.6458536982536316,STDK_plus_QLSTM,-1.4641989469528198,-0.7010393142700195,0.2980802655220032
43,17,1,0.6458536982536316,STDK_plus_QConvLSTM,-0.8016488552093506,0.11864873021841049,1.0631295442581177
43,17,2,0.4658878445625305,STDK,-1.4517621994018555,-0.987514853477478,-0.29921847581863403
43,17,2,0.4658878445625305,STDK_plus_QLSTM,-1.5300228595733643,-0.767990231513977,0.2177782654762268
43,17,2,0.4658878445625305,STDK_plus_QConvLSTM,-0.8772467970848083,0.04678350314497948,0.9701446890830994
43,17,3,0.03824460133910179,STDK,-1.6416996717453003,-1.1749167442321777,-0.4775047302246094
43,17,3,0.03824460133910179,STDK_plus_QLSTM,-1.5860565900802612,-0.8289650082588196,0.15083080530166626
43,17,3,0.03824460133910179,STDK_plus_QConvLSTM,-0.8465533256530762,0.05636649578809738,0.9769285917282104
43,17,4,-0.1723293960094452,STDK,-1.8134543895721436,-1.3403569459915161,-0.625861644744873
43,17,4,-0.1723293960094452,STDK_plus_QLSTM,-1.6359035968780518,-0.8854343295097351,0.09221428632736206
43,17,4,-0.1723293960094452,STDK_plus_QConvLSTM,-1.0390172004699707,-0.10568441450595856,0.8591228723526001
43,17,5,0.030932694673538208,STDK,-1.9299145936965942,-1.4475131034851074,-0.7105531096458435
43,17,5,0.030932694673538208,STDK_plus_QLSTM,-1.6822576522827148,-0.9383249282836914,0.0353085994720459
43,17,5,0.030932694673538208,STDK_plus_QConvLSTM,-1.1263264417648315,-0.12237589061260223,0.8167860507965088
43,18,1,-0.3482202887535095,STDK,-0.6674930453300476,-0.16770605742931366,0.45306575298309326
43,18,1,-0.3482202887535095,STDK_plus_QLSTM,-0.8392155170440674,-0.005826931446790695,0.9248302578926086
43,18,1,-0.3482202887535095,STDK_plus_QConvLSTM,-0.45721906423568726,0.32130247354507446,1.1475980281829834
43,18,2,0.21363283693790436,STDK,-0.9288195371627808,-0.4312659502029419,0.19129490852355957
43,18,2,0.21363283693790436,STDK_plus_QLSTM,-0.9174657464027405,-0.08621519804000854,0.8460181951522827
43,18,2,0.21363283693790436,STDK_plus_QConvLSTM,-0.5630980134010315,0.28321129083633423,1.0423922538757324
43,18,3,0.2615526020526886,STDK,-1.1637325286865234,-0.6635832190513611,-0.03510671854019165
43,18,3,0.2615526020526886,STDK_plus_QLSTM,-0.9702737331390381,-0.1427495777606964,0.7914714813232422
43,18,3,0.2615526020526886,STDK_plus_QConvLSTM,-0.8583278059959412,0.009648933075368404,0.7636460065841675
43,18,4,-0.14390040934085846,STDK,-1.3712166547775269,-0.8632560968399048,-0.22350358963012695
43,18,4,-0.14390040934085846,STDK_plus_QLSTM,-1.0090055465698242,-0.1851731240749359,0.749302864074707
43,18,4,-0.14390040934085846,STDK_plus_QConvLSTM,-0.9922887086868286,-0.16696235537528992,0.6726506948471069
43,18,5,0.49481669068336487,STDK,-1.4986934661865234,-0.9789271354675293,-0.32381653785705566
43,18,5,0.49481669068336487,STDK_plus_QLSTM,-1.0410221815109253,-0.22258251905441284,0.7139852046966553
43,18,5,0.49481669068336487,STDK_plus_QConvLSTM,-1.1359347105026245,-0.34587928652763367,0.5314438343048096
43,19,1,-0.4195302724838257,STDK,-1.013940453529358,-0.5322676301002502,0.1012270450592041
43,19,1,-0.4195302724838257,STDK_plus_QLSTM,-1.2444573640823364,-0.45451831817626953,0.5402754545211792
43,19,1,-0.4195302724838257,STDK_plus_QConvLSTM,-1.4544754028320312,-0.5138666033744812,0.3733394145965576
43,19,2,-0.7141981720924377,STDK,-1.1663988828659058,-0.693382740020752,-0.055035531520843506
43,19,2,-0.7141981720924377,STDK_plus_QLSTM,-1.3104500770568848,-0.5296705961227417,0.44502466917037964
43,19,2,-0.7141981720924377,STDK_plus_QConvLSTM,-1.4355509281158447,-0.570107102394104,0.36472779512405396
43,19,3,-0.6438934206962585,STDK,-1.2800705432891846,-0.8110207319259644,-0.16341149806976318
43,19,3,-0.6438934206962585,STDK_plus_QLSTM,-1.3797929286956787,-0.604771614074707,0.3562266230583191
43,19,3,-0.6438934206962585,STDK_plus_QConvLSTM,-1.5254467725753784,-0.6647788286209106,0.23982596397399902
43,19,4,-0.7763224244117737,STDK,-1.3589928150177002,-0.8890171051025391,-0.22828412055969238
43,19,4,-0.7763224244117737,STDK_plus_QLSTM,-1.4523555040359497,-0.6803097128868103,0.2695029377937317
43,19,4,-0.7763224244117737,STDK_plus_QConvLSTM,-1.5566186904907227,-0.7395324110984802,0.12078946828842163
43,19,5,-0.4491312801837921,STDK,-1.4169650077819824,-0.9413037300109863,-0.26533108949661255
43,19,5,-0.4491312801837921,STDK_plus_QLSTM,-1.5249770879745483,-0.7552174925804138,0.19515210390090942
43,19,5,-0.4491312801837921,STDK_plus_QConvLSTM,-1.5434489250183105,-0.738603413105011,0.10760587453842163
43,20,1,0.5568687319755554,STDK,-0.5191168785095215,-0.08561870455741882,0.5857818126678467
43,20,1,0.5568687319755554,STDK_plus_QLSTM,-0.7591869235038757,-0.07207734137773514,0.8528632521629333
43,20,1,0.5568687319755554,STDK_plus_QConvLSTM,-0.6798278093338013,0.2786930501461029,1.162863850593567
43,20,2,0.26640182733535767,STDK,-0.5518054962158203,-0.12073519825935364,0.5566133260726929
43,20,2,0.26640182733535767,STDK_plus_QLSTM,-0.7869508266448975,-0.10416729003190994,0.8238638043403625
43,20,2,0.26640182733535767,STDK_plus_QConvLSTM,-0.6533556580543518,0.2442205399274826,1.075722575187683
43,20,3,0.6440696120262146,STDK,-0.5995310544967651,-0.16601938009262085,0.5216325521469116
43,20,3,0.6440696120262146,STDK_plus_QLSTM,-0.7975305318832397,-0.11694217473268509,0.8149964809417725
43,20,3,0.6440696120262146,STDK_plus_QConvLSTM,-0.8232542276382446,0.17904768884181976,0.9429221153259277
43,20,4,0.4341796040534973,STDK,-0.6744253635406494,-0.23360365629196167,0.4674621820449829
43,20,4,0.4341796040534973,STDK_plus_QLSTM,-0.7998141646385193,-0.1174171045422554,0.8171005845069885
43,20,4,0.4341796040534973,STDK_plus_QConvLSTM,-0.9404945373535156,0.018598053604364395,0.8459662795066833
43,20,5,0.019214697182178497,STDK,-0.7527555227279663,-0.30061352252960205,0.42643100023269653
43,20,5,0.019214697182178497,STDK_plus_QLSTM,-0.7947552800178528,-0.10744858533143997,0.826545238494873
43,20,5,0.019214697182178497,STDK_plus_QConvLSTM,-1.105662226676941,-0.10324589163064957,0.7385423183441162
43,21,1,-0.5623652935028076,STDK,-0.6426208019256592,-0.19724729657173157,0.4518158733844757
43,21,1,-0.5623652935028076,STDK_plus_QLSTM,-0.8457769751548767,-0.13532096147537231,0.6546685695648193
43,21,1,-0.5623652935028076,STDK_plus_QConvLSTM,-0.9753656387329102,-0.10785584896802902,0.8082938194274902
43,21,2,-0.01810915768146515,STDK,-0.681812047958374,-0.23858052492141724,0.41528379917144775
43,21,2,-0.01810915768146515,STDK_plus_QLSTM,-0.808293879032135,-0.09740590304136276,0.7245538234710693
43,21,2,-0.01810915768146515,STDK_plus_QConvLSTM,-0.9093588590621948,-0.07929383218288422,0.7495313882827759
43,21,3,-0.076870396733284,STDK,-0.7307500243186951,-0.28561222553253174,0.37729179859161377
43,21,3,-0.076870396733284,STDK_plus_QLSTM,-0.7983506917953491,-0.08785706013441086,0.7695554494857788
43,21,3,-0.076870396733284,STDK_plus_QConvLSTM,-0.861739993095398,-0.004876885563135147,0.841546893119812
43,21,4,-0.4726123809814453,STDK,-0.7696759700775146,-0.31813064217567444,0.35711559653282166
43,21,4,-0.4726123809814453,STDK_plus_QLSTM,-0.8109546303749084,-0.10056590288877487,0.7957425117492676
43,21,4,-0.4726123809814453,STDK_plus_QConvLSTM,-0.8577007055282593,-0.033958062529563904,0.8990497589111328
43,21,5,-0.8135873079299927,STDK,-0.8022925853729248,-0.34022238850593567,0.34896454215049744
43,21,5,-0.8135873079299927,STDK_plus_QLSTM,-0.8342217206954956,-0.12294476479291916,0.8043959140777588
43,21,5,-0.8135873079299927,STDK_plus_QConvLSTM,-0.868736207485199,-0.0136115662753582,0.865429699420929
43,22,1,-1.122042179107666,STDK,-1.3034418821334839,-0.8540080785751343,-0.24954909086227417
43,22,1,-1.122042179107666,STDK_plus_QLSTM,-1.4677082300186157,-0.7726234197616577,-0.026956260204315186
43,22,1,-1.122042179107666,STDK_plus_QConvLSTM,-1.6473534107208252,-0.7800049185752869,0.006706714630126953
43,22,2,-0.8793201446533203,STDK,-1.3759080171585083,-0.9285601377487183,-0.3225851058959961
43,22,2,-0.8793201446533203,STDK_plus_QLSTM,-1.4963232278823853,-0.7983821630477905,-0.04993468523025513
43,22,2,-0.8793201446533203,STDK_plus_QConvLSTM,-1.6741653680801392,-0.7528465986251831,-0.009117305278778076
43,22,3,-0.2572264075279236,STDK,-1.419862985610962,-0.9736037850379944,-0.36257052421569824
43,22,3,-0.2572264075279236,STDK_plus_QLSTM,-1.5235891342163086,-0.8283267021179199,-0.07389605045318604
43,22,3,-0.2572264075279236,STDK_plus_QConvLSTM,-1.6099848747253418,-0.786131739616394,0.025615692138671875
43,22,4,-0.5168384313583374,STDK,-1.4608192443847656,-1.0127975940704346,-0.3949800729751587
43,22,4,-0.5168384313583374,STDK_plus_QLSTM,-1.557480812072754,-0.8626195788383484,-0.10888791084289551
43,22,4,-0.5168384313583374,STDK_plus_QConvLSTM,-1.561332106590271,-0.6858392953872681,0.07164335250854492
43,22,5,-0.4059012830257416,STDK,-1.5090630054473877,-1.0547897815704346,-0.42773759365081787
43,22,5,-0.4059012830257416,STDK_plus_QLSTM,-1.5945117473602295,-0.9005368947982788,-0.15263479948043823
43,22,5,-0.4059012830257416,STDK_plus_QConvLSTM,-1.5410406589508057,-0.6693586707115173,0.07076561450958252
43,23,1,-0.28438329696655273,STDK,-1.041588544845581,-0.5890207290649414,-0.03867548704147339
43,23,1,-0.28438329696655273,STDK_plus_QLSTM,-1.2889305353164673,-0.46130433678627014,0.3645496666431427
43,23,1,-0.28438329696655273,STDK_plus_QConvLSTM,-1.2647738456726074,-0.45709386467933655,0.38948097825050354
43,23,2,0.4461328387260437,STDK,-1.219152808189392,-0.7687456607818604,-0.21949487924575806
43,23,2,0.4461328387260437,STDK_plus_QLSTM,-1.3662381172180176,-0.5147290229797363,0.3255971074104309
43,23,2,0.4461328387260437,STDK_plus_QConvLSTM,-1.5477044582366943,-0.7340429425239563,0.12790215015411377
43,23,3,0.3229445815086365,STDK,-1.3750368356704712,-0.9222229719161987,-0.36992931365966797
43,23,3,0.3229445815086365,STDK_plus_QLSTM,-1.43662691116333,-0.5768468379974365,0.26946741342544556
43,23,3,0.3229445815086365,STDK_plus_QConvLSTM,-1.4810593128204346,-0.7164355516433716,0.12299519777297974
43,23,4,0.34593459963798523,STDK,-1.512984037399292,-1.053109049797058,-0.4955523610115051
43,23,4,0.34593459963798523,STDK_plus_QLSTM,-1.4984190464019775,-0.6405165195465088,0.2087332010269165
43,23,4,0.34593459963798523,STDK_plus_QConvLSTM,-1.5253881216049194,-0.702271580696106,0.22905665636062622
43,23,5,0.2846056818962097,STDK,-1.5701396465301514,-1.101927399635315,-0.5374434590339661
43,23,5,0.2846056818962097,STDK_plus_QLSTM,-1.5540876388549805,-0.7026666402816772,0.14683061838150024
43,23,5,0.2846056818962097,STDK_plus_QConvLSTM,-1.4397685527801514,-0.5541440844535828,0.27905601263046265
43,24,1,-1.4106552600860596,STDK,-2.447998285293579,-1.9537827968597412,-1.3682944774627686
43,24,1,-1.4106552600860596,STDK_plus_QLSTM,-2.565286159515381,-1.7740436792373657,-0.9023489952087402
43,24,1,-1.4106552600860596,STDK_plus_QConvLSTM,-2.6053335666656494,-1.5050047636032104,-0.6623265743255615
43,24,2,-1.4081060886383057,STDK,-2.6027495861053467,-2.109788417816162,-1.5257498025894165
43,24,2,-1.4081060886383057,STDK_plus_QLSTM,-2.5500855445861816,-1.7525644302368164,-0.8549157381057739
43,24,2,-1.4081060886383057,STDK_plus_QConvLSTM,-2.561849594116211,-1.4082876443862915,-0.6351693868637085
43,24,3,-1.4680674076080322,STDK,-2.713465690612793,-2.2175650596618652,-1.6307687759399414
43,24,3,-1.4680674076080322,STDK_plus_QLSTM,-2.518899440765381,-1.721104621887207,-0.8045393824577332
43,24,3,-1.4680674076080322,STDK_plus_QConvLSTM,-2.6279616355895996,-1.7292461395263672,-0.8924569487571716
43,24,4,-1.4708232879638672,STDK,-2.7821950912475586,-2.279759407043457,-1.6873379945755005
43,24,4,-1.4708232879638672,STDK_plus_QLSTM,-2.4809534549713135,-1.6847057342529297,-0.7566473484039307
43,24,4,-1.4708232879638672,STDK_plus_QConvLSTM,-2.589172124862671,-1.6724737882614136,-0.785423755645752
43,24,5,-0.7148952484130859,STDK,-2.8408453464508057,-2.328827381134033,-1.7288222312927246
43,24,5,-0.7148952484130859,STDK_plus_QLSTM,-2.4406628608703613,-1.646223545074463,-0.716206431388855
43,24,5,-0.7148952484130859,STDK_plus_QConvLSTM,-2.5460281372070312,-1.7411091327667236,-0.8304566144943237
43,25,1,-2.2517261505126953,STDK,-3.1901071071624756,-2.7043981552124023,-2.089207410812378
43,25,1,-2.2517261505126953,STDK_plus_QLSTM,-3.3429434299468994,-2.5778536796569824,-1.6654422283172607
43,25,1,-2.2517261505126953,STDK_plus_QConvLSTM,-2.625828504562378,-1.7545287609100342,-0.9253109693527222
43,25,2,-1.6119121313095093,STDK,-3.321326732635498,-2.837895393371582,-2.222438097000122
43,25,2,-1.6119121313095093,STDK_plus_QLSTM,-3.414095878601074,-2.656979560852051,-1.7387237548828125
43,25,2,-1.6119121313095093,STDK_plus_QConvLSTM,-2.5329575538635254,-1.6503006219863892,-0.8339710831642151
43,25,3,-1.8752413988113403,STDK,-3.395953893661499,-2.9100489616394043,-2.2916553020477295
43,25,3,-1.8752413988113403,STDK_plus_QLSTM,-3.4629993438720703,-2.7146432399749756,-1.800598382949829
43,25,3,-1.8752413988113403,STDK_plus_QConvLSTM,-2.6360440254211426,-1.7415958642959595,-0.9273203015327454
43,25,4,-2.429882287979126,STDK,-3.448402166366577,-2.9552230834960938,-2.330352783203125
43,25,4,-2.429882287979126,STDK_plus_QLSTM,-3.5152177810668945,-2.77498722076416,-1.8637683391571045
43,25,4,-2.429882287979126,STDK_plus_QConvLSTM,-2.619446277618408,-1.6981722116470337,-0.8596339821815491
43,25,5,-1.8726112842559814,STDK,-3.508470296859741,-3.004611015319824,-2.3704190254211426
43,25,5,-1.8726112842559814,STDK_plus_QLSTM,-3.5632362365722656,-2.829965114593506,-1.918703556060791
43,25,5,-1.8726112842559814,STDK_plus_QConvLSTM,-2.5414838790893555,-1.6057368516921997,-0.7114128470420837
43,26,1,1.3544437885284424,STDK,-0.5209156274795532,-0.06770336627960205,0.6278008222579956
43,26,1,1.3544437885284424,STDK_plus_QLSTM,-0.6796866655349731,0.1320771872997284,1.1327141523361206
43,26,1,1.3544437885284424,STDK_plus_QConvLSTM,-1.0595049858093262,-0.22533299028873444,0.41525113582611084
43,26,2,1.1196318864822388,STDK,-0.7410378456115723,-0.2907819151878357,0.4090260863304138
43,26,2,1.1196318864822388,STDK_plus_QLSTM,-0.6572160720825195,0.14482590556144714,1.1244947910308838
43,26,2,1.1196318864822388,STDK_plus_QConvLSTM,-1.0247342586517334,-0.10026422142982483,0.48436012864112854
43,26,3,0.9189456105232239,STDK,-0.9009686708450317,-0.4493253827095032,0.26108884811401367
43,26,3,0.9189456105232239,STDK_plus_QLSTM,-0.6570842266082764,0.14096865057945251,1.1047450304031372
43,26,3,0.9189456105232239,STDK_plus_QConvLSTM,-0.9312291145324707,-0.03557540476322174,0.5856919288635254
43,26,4,0.5929166078567505,STDK,-1.0768201351165771,-0.619351863861084,0.10756039619445801
43,26,4,0.5929166078567505,STDK_plus_QLSTM,-0.6716631650924683,0.12534445524215698,1.0796443223953247
43,26,4,0.5929166078567505,STDK_plus_QConvLSTM,-0.7307788133621216,0.12074177712202072,0.7686270475387573
43,26,5,0.9380687475204468,STDK,-1.1650981903076172,-0.6981191635131836,0.04943341016769409
43,26,5,0.9380687475204468,STDK_plus_QLSTM,-0.6936756372451782,0.1029958501458168,1.0533995628356934
43,26,5,0.9380687475204468,STDK_plus_QConvLSTM,-0.7115116119384766,0.240489199757576,0.9009606242179871
43,27,1,1.9304198026657104,STDK,0.21115237474441528,0.6833337545394897,1.3464356660842896
43,27,1,1.9304198026657104,STDK_plus_QLSTM,-0.1348288655281067,0.7043490409851074,1.606925129890442
43,27,1,1.9304198026657104,STDK_plus_QConvLSTM,-0.8706138730049133,-0.0022012032568454742,0.7481945157051086
43,27,2,1.2813758850097656,STDK,0.08636492490768433,0.5556052327156067,1.2225797176361084
43,27,2,1.2813758850097656,STDK_plus_QLSTM,-0.12127631902694702,0.7187901735305786,1.6034634113311768
43,27,2,1.2813758850097656,STDK_plus_QConvLSTM,-0.7983704209327698,0.04553193226456642,0.7641031742095947
43,27,3,1.5780545473098755,STDK,-0.13864266872406006,0.3317827880382538,1.0059082508087158
43,27,3,1.5780545473098755,STDK_plus_QLSTM,-0.10807472467422485,0.7267450094223022,1.602901816368103
43,27,3,1.5780545473098755,STDK_plus_QConvLSTM,-0.6010225415229797,0.23610687255859375,0.9698740243911743
43,27,4,0.7839096188545227,STDK,-0.43402010202407837,0.04186587035655975,0.7259442806243896
43,27,4,0.7839096188545227,STDK_plus_QLSTM,-0.09531408548355103,0.7351617813110352,1.605954885482788
43,27,4,0.7839096188545227,STDK_plus_QConvLSTM,-0.5636993646621704,0.28549638390541077,1.0594134330749512
43,27,5,1.0097336769104004,STDK,-0.6273519992828369,-0.14327466487884521,0.5526223182678223
43,27,5,1.0097336769104004,STDK_plus_QLSTM,-0.08390790224075317,0.7463065385818481,1.6145055294036865
43,27,5,1.0097336769104004,STDK_plus_QConvLSTM,-0.44516703486442566,0.4425472915172577,1.3770596981048584
43,28,1,2.0422568321228027,STDK,1.1295876502990723,1.6125125885009766,2.2673046588897705
43,28,1,2.0422568321228027,STDK_plus_QLSTM,1.0127125978469849,1.7261943817138672,2.6574344635009766
43,28,1,2.0422568321228027,STDK_plus_QConvLSTM,1.022596836090088,1.891803503036499,2.889042615890503
43,28,2,1.9178928136825562,STDK,0.923713207244873,1.4042136669158936,2.062769651412964
43,28,2,1.9178928136825562,STDK_plus_QLSTM,0.9366418719291687,1.6386265754699707,2.5612552165985107
43,28,2,1.9178928136825562,STDK_plus_QConvLSTM,1.006377935409546,1.7452971935272217,2.6831226348876953
43,28,3,1.6457725763320923,STDK,0.7787003517150879,1.2614527940750122,1.9289345741271973
43,28,3,1.6457725763320923,STDK_plus_QLSTM,0.8624444603919983,1.5551402568817139,2.4781761169433594
43,28,3,1.6457725763320923,STDK_plus_QConvLSTM,0.8245486617088318,1.5913347005844116,2.565190315246582
43,28,4,0.8761786222457886,STDK,0.6262193918228149,1.1155670881271362,1.7949326038360596
43,28,4,0.8761786222457886,STDK_plus_QLSTM,0.7776179909706116,1.4701664447784424,2.3976268768310547
43,28,4,0.8761786222457886,STDK_plus_QConvLSTM,0.689236581325531,1.427555799484253,2.4307613372802734
43,28,5,1.5176646709442139,STDK,0.5843172073364258,1.084403157234192,1.7776870727539062
43,28,5,1.5176646709442139,STDK_plus_QLSTM,0.6785513162612915,1.3864717483520508,2.321718692779541
43,28,5,1.5176646709442139,STDK_plus_QConvLSTM,0.6263151168823242,1.3788179159164429,2.36716890335083
43,29,1,-1.2351702451705933,STDK,-2.2712085247039795,-1.8706568479537964,-1.2814345359802246
43,29,1,-1.2351702451705933,STDK_plus_QLSTM,-2.6657166481018066,-1.7865848541259766,-0.766739010810852
43,29,1,-1.2351702451705933,STDK_plus_QConvLSTM,-2.127843141555786,-1.4135613441467285,-0.47836190462112427
43,29,2,-2.0214133262634277,STDK,-2.3663504123687744,-1.9723153114318848,-1.3810369968414307
43,29,2,-2.0214133262634277,STDK_plus_QLSTM,-2.7387795448303223,-1.8632616996765137,-0.8315972089767456
43,29,2,-2.0214133262634277,STDK_plus_QConvLSTM,-2.060206413269043,-1.2588979005813599,-0.40218085050582886
43,29,3,-1.3653804063796997,STDK,-2.4575417041778564,-2.0659475326538086,-1.469409465789795
43,29,3,-1.3653804063796997,STDK_plus_QLSTM,-2.7901601791381836,-1.922071933746338,-0.893396258354187
43,29,3,-1.3653804063796997,STDK_plus_QConvLSTM,-1.9882373809814453,-1.1990946531295776,-0.3580428957939148
43,29,4,-1.9574432373046875,STDK,-2.550304412841797,-2.156979560852051,-1.5523064136505127
43,29,4,-1.9574432373046875,STDK_plus_QLSTM,-2.8469972610473633,-1.9862961769104004,-0.9698789119720459
43,29,4,-1.9574432373046875,STDK_plus_QConvLSTM,-1.9980323314666748,-1.1303054094314575,-0.41081345081329346
43,29,5,-1.5067332983016968,STDK,-2.6145029067993164,-2.21572208404541,-1.6004302501678467
43,29,5,-1.5067332983016968,STDK_plus_QLSTM,-2.898568630218506,-2.0450828075408936,-1.0466864109039307
43,29,5,-1.5067332983016968,STDK_plus_QConvLSTM,-2.1617555618286133,-1.2624889612197876,-0.5084382891654968
43,30,1,-1.1576921939849854,STDK,-1.758561372756958,-1.3242311477661133,-0.6973392367362976
43,30,1,-1.1576921939849854,STDK_plus_QLSTM,-2.024812698364258,-1.2619831562042236,-0.4007014036178589
43,30,1,-1.1576921939849854,STDK_plus_QConvLSTM,-2.062386989593506,-1.044364094734192,-0.3770783543586731
43,30,2,-1.1339231729507446,STDK,-1.8476746082305908,-1.4155895709991455,-0.7868120074272156
43,30,2,-1.1339231729507446,STDK_plus_QLSTM,-2.0708019733428955,-1.2852842807769775,-0.4062366485595703
43,30,2,-1.1339231729507446,STDK_plus_QConvLSTM,-1.9749648571014404,-0.9674489498138428,-0.34972625970840454
43,30,3,-1.3975473642349243,STDK,-1.9277212619781494,-1.4932829141616821,-0.8582175374031067
43,30,3,-1.3975473642349243,STDK_plus_QLSTM,-2.107656478881836,-1.3163822889328003,-0.43137145042419434
43,30,3,-1.3975473642349243,STDK_plus_QConvLSTM,-1.9419747591018677,-0.9611490964889526,-0.28603410720825195
43,30,4,-1.340017318725586,STDK,-2.001532554626465,-1.5600106716156006,-0.9147121906280518
43,30,4,-1.340017318725586,STDK_plus_QLSTM,-2.142714262008667,-1.3512349128723145,-0.46647846698760986
43,30,4,-1.340017318725586,STDK_plus_QConvLSTM,-2.0613231658935547,-1.051055908203125,-0.30150824785232544
43,30,5,-1.300856351852417,STDK,-2.089972972869873,-1.6370214223861694,-0.9787242412567139
43,30,5,-1.300856351852417,STDK_plus_QLSTM,-2.1781668663024902,-1.387908935546875,-0.5094013214111328
43,30,5,-1.300856351852417,STDK_plus_QConvLSTM,-2.031162977218628,-0.9288653135299683,-0.20273244380950928
43,31,1,1.5531117916107178,STDK,-0.01227658987045288,0.3869194984436035,1.0189464092254639
43,31,1,1.5531117916107178,STDK_plus_QLSTM,-0.37411394715309143,0.4566110074520111,1.2631534337997437
43,31,1,1.5531117916107178,STDK_plus_QConvLSTM,-1.3020923137664795,-0.41703641414642334,0.4859899878501892
43,31,2,0.4968988299369812,STDK,-0.05483892560005188,0.3423776924610138,0.9761753082275391
43,31,2,0.4968988299369812,STDK_plus_QLSTM,-0.3483772575855255,0.48781248927116394,1.3126680850982666
43,31,2,0.4968988299369812,STDK_plus_QConvLSTM,-1.2963271141052246,-0.5058477520942688,0.45155227184295654
43,31,3,0.3469095826148987,STDK,-0.06423258781433105,0.33519577980041504,0.9748166799545288
43,31,3,0.3469095826148987,STDK_plus_QLSTM,-0.32775163650512695,0.5118584632873535,1.3552219867706299
43,31,3,0.3469095826148987,STDK_plus_QConvLSTM,-1.3082218170166016,-0.5023114085197449,0.3870512843132019
43,31,4,0.5594565868377686,STDK,-0.07948017120361328,0.3264417350292206,0.9755455255508423
43,31,4,0.5594565868377686,STDK_plus_QLSTM,-0.30764198303222656,0.5301817655563354,1.3797001838684082
43,31,4,0.5594565868377686,STDK_plus_QConvLSTM,-1.2172658443450928,-0.20965218544006348,0.6872622966766357
43,31,5,0.16648370027542114,STDK,-0.11812874674797058,0.2981632947921753,0.9597460627555847
43,31,5,0.16648370027542114,STDK_plus_QLSTM,-0.2879226803779602,0.5432313680648804,1.397608757019043
43,31,5,0.16648370027542114,STDK_plus_QConvLSTM,-0.9327378869056702,0.058210812509059906,0.8232848644256592
43,32,1,-0.0013642720878124237,STDK,-0.6543064117431641,-0.24634933471679688,0.3374174237251282
43,32,1,-0.0013642720878124237,STDK_plus_QLSTM,-0.9803502559661865,-0.20884475111961365,0.5150296688079834
43,32,1,-0.0013642720878124237,STDK_plus_QConvLSTM,-1.2455765008926392,-0.18933768570423126,0.6325806379318237
43,32,2,0.4521218538284302,STDK,-0.6258556246757507,-0.21971197426319122,0.3642485737800598
43,32,2,0.4521218538284302,STDK_plus_QLSTM,-0.862740159034729,-0.10284516215324402,0.6102350950241089
43,32,2,0.4521218538284302,STDK_plus_QConvLSTM,-1.0251575708389282,0.007707681506872177,0.8126408457756042
43,32,3,0.23407460749149323,STDK,-0.6088865995407104,-0.20045095682144165,0.3884611129760742
43,32,3,0.23407460749149323,STDK_plus_QLSTM,-0.7566490173339844,-0.008204430341720581,0.7048933506011963
43,32,3,0.23407460749149323,STDK_plus_QConvLSTM,-0.9742069244384766,0.0006019100546836853,0.8338800668716431
43,32,4,0.7012866139411926,STDK,-0.6258343458175659,-0.21094876527786255,0.3869711756706238
43,32,4,0.7012866139411926,STDK_plus_QLSTM,-0.6652742624282837,0.07643094658851624,0.805512547492981
43,32,4,0.7012866139411926,STDK_plus_QConvLSTM,-0.8720178604125977,0.029976021498441696,0.8673853874206543
43,32,5,1.1851747035980225,STDK,-0.7282160520553589,-0.30320990085601807,0.3058662414550781
43,32,5,1.1851747035980225,STDK_plus_QLSTM,-0.5909465551376343,0.15301337838172913,0.8994307518005371
43,32,5,1.1851747035980225,STDK_plus_QConvLSTM,-1.0672591924667358,-0.11835705488920212,0.7151567339897156
43,33,1,-0.13107527792453766,STDK,-0.47689956426620483,-0.07135505229234695,0.4628136157989502
43,33,1,-0.13107527792453766,STDK_plus_QLSTM,-0.8328938484191895,-0.004360027611255646,0.8801600933074951
43,33,1,-0.13107527792453766,STDK_plus_QConvLSTM,-1.696817398071289,-0.8499667048454285,0.040159523487091064
43,33,2,-0.025883160531520844,STDK,-0.6207442283630371,-0.21692964434623718,0.3172331750392914
43,33,2,-0.025883160531520844,STDK_plus_QLSTM,-0.8547859787940979,-0.007483877241611481,0.8713045716285706
43,33,2,-0.025883160531520844,STDK_plus_QConvLSTM,-1.9669578075408936,-1.1608566045761108,-0.30069655179977417
43,33,3,0.5052915811538696,STDK,-0.8300449252128601,-0.4239160120487213,0.11207583546638489
43,33,3,0.5052915811538696,STDK_plus_QLSTM,-0.8844845294952393,-0.024855293333530426,0.8413074016571045
43,33,3,0.5052915811538696,STDK_plus_QConvLSTM,-2.204721450805664,-1.3837167024612427,-0.5257154703140259
43,33,4,-0.22920340299606323,STDK,-1.0146253108978271,-0.602052628993988,-0.062244296073913574
43,33,4,-0.22920340299606323,STDK_plus_QLSTM,-0.9095984697341919,-0.04764644056558609,0.805526852607727
43,33,4,-0.22920340299606323,STDK_plus_QConvLSTM,-2.136214256286621,-1.2797363996505737,-0.44832468032836914
43,33,5,-0.6143852472305298,STDK,-1.1788333654403687,-0.756011962890625,-0.21025502681732178
43,33,5,-0.6143852472305298,STDK_plus_QLSTM,-0.9344808459281921,-0.07590777426958084,0.7636287808418274
43,33,5,-0.6143852472305298,STDK_plus_QConvLSTM,-2.1572492122650146,-1.2731293439865112,-0.4679848551750183
43,34,1,-0.9950652718544006,STDK,-1.9689617156982422,-1.5367785692214966,-0.8596295118331909
43,34,1,-0.9950652718544006,STDK_plus_QLSTM,-2.246401071548462,-1.4185402393341064,-0.4826282262802124
43,34,1,-0.9950652718544006,STDK_plus_QConvLSTM,-2.025397539138794,-1.0060638189315796,-0.1818254590034485
43,34,2,-0.018255159258842468,STDK,-2.207258939743042,-1.7771252393722534,-1.0995559692382812
43,34,2,-0.018255159258842468,STDK_plus_QLSTM,-2.293583869934082,-1.453758716583252,-0.5213901996612549
43,34,2,-0.018255159258842468,STDK_plus_QConvLSTM,-1.9144911766052246,-0.9010337591171265,-0.08121472597122192
43,34,3,-0.027823403477668762,STDK,-2.4009013175964355,-1.9683507680892944,-1.287388801574707
43,34,3,-0.027823403477668762,STDK_plus_QLSTM,-2.300471067428589,-1.4664959907531738,-0.5363222360610962
43,34,3,-0.027823403477668762,STDK_plus_QConvLSTM,-1.6393640041351318,-0.6695579886436462,0.10492408275604248
43,34,4,0.09475159645080566,STDK,-2.5513486862182617,-2.111848831176758,-1.424579381942749
43,34,4,0.09475159645080566,STDK_plus_QLSTM,-2.289888620376587,-1.4645707607269287,-0.5338329672813416
43,34,4,0.09475159645080566,STDK_plus_QConvLSTM,-1.7268426418304443,-0.7691870927810669,0.02275937795639038
43,34,5,-0.0022653043270111084,STDK,-2.6758391857147217,-2.2253456115722656,-1.5296034812927246
43,34,5,-0.0022653043270111084,STDK_plus_QLSTM,-2.268059253692627,-1.4535174369812012,-0.5225041508674622
43,34,5,-0.0022653043270111084,STDK_plus_QConvLSTM,-1.8139748573303223,-0.8647003173828125,-0.07001370191574097
43,35,1,-1.1108752489089966,STDK,-2.2000036239624023,-1.7690463066101074,-1.0721299648284912
43,35,1,-1.1108752489089966,STDK_plus_QLSTM,-2.483973264694214,-1.6667428016662598,-0.7149735689163208
43,35,1,-1.1108752489089966,STDK_plus_QConvLSTM,-1.8840891122817993,-1.0324188470840454,0.06541025638580322
43,35,2,-0.9500551223754883,STDK,-2.331782817840576,-1.902755618095398,-1.2044548988342285
43,35,2,-0.9500551223754883,STDK_plus_QLSTM,-2.5032975673675537,-1.6834006309509277,-0.7288776636123657
43,35,2,-0.9500551223754883,STDK_plus_QConvLSTM,-1.8006099462509155,-0.9876723289489746,0.0367581844329834
43,35,3,-0.8779544234275818,STDK,-2.4536688327789307,-2.022340774536133,-1.3187421560287476
43,35,3,-0.8779544234275818,STDK_plus_QLSTM,-2.503208637237549,-1.687840223312378,-0.7386251091957092
43,35,3,-0.8779544234275818,STDK_plus_QConvLSTM,-1.9676573276519775,-1.0943281650543213,-0.0556793212890625
43,35,4,-1.2064495086669922,STDK,-2.5909979343414307,-2.1530237197875977,-1.4381624460220337
43,35,4,-1.2064495086669922,STDK_plus_QLSTM,-2.495002031326294,-1.6855978965759277,-0.7475770711898804
43,35,4,-1.2064495086669922,STDK_plus_QConvLSTM,-1.9357185363769531,-1.078626036643982,0.010477662086486816
43,35,5,-0.5396592617034912,STDK,-2.6977334022521973,-2.2491540908813477,-1.521087884902954
43,35,5,-0.5396592617034912,STDK_plus_QLSTM,-2.4848008155822754,-1.678636074066162,-0.7471417188644409
43,35,5,-0.5396592617034912,STDK_plus_QConvLSTM,-1.9888429641723633,-1.007793664932251,0.02080094814300537
43,36,1,0.46140074729919434,STDK,0.045907795429229736,0.42165979743003845,1.137130618095398
43,36,1,0.46140074729919434,STDK_plus_QLSTM,-0.24067845940589905,0.4950493276119232,1.446958065032959
43,36,1,0.46140074729919434,STDK_plus_QConvLSTM,-0.3453344702720642,0.7378410696983337,1.5575904846191406
43,36,2,0.5749948620796204,STDK,-0.1410503089427948,0.2318289577960968,0.9520246982574463
43,36,2,0.5749948620796204,STDK_plus_QLSTM,-0.29879873991012573,0.44494765996932983,1.3978657722473145
43,36,2,0.5749948620796204,STDK_plus_QConvLSTM,-0.3250620365142822,0.6892461776733398,1.5944278240203857
43,36,3,0.7856705784797668,STDK,-0.5572262406349182,-0.18739625811576843,0.542304277420044
43,36,3,0.7856705784797668,STDK_plus_QLSTM,-0.34328752756118774,0.3981112837791443,1.356980562210083
43,36,3,0.7856705784797668,STDK_plus_QConvLSTM,-0.13961023092269897,0.894385039806366,1.7156059741973877
43,36,4,0.7930375933647156,STDK,-0.8287093639373779,-0.457619309425354,0.28628814220428467
43,36,4,0.7930375933647156,STDK_plus_QLSTM,-0.37288451194763184,0.3600303530693054,1.3242467641830444
43,36,4,0.7930375933647156,STDK_plus_QConvLSTM,0.12691956758499146,1.12354576587677,1.9622180461883545
43,36,5,0.8057336807250977,STDK,-0.9894251823425293,-0.6130952835083008,0.14938122034072876
43,36,5,0.8057336807250977,STDK_plus_QLSTM,-0.3970074951648712,0.3237701952457428,1.2937593460083008
43,36,5,0.8057336807250977,STDK_plus_QConvLSTM,0.3028968572616577,1.1784635782241821,2.0431110858917236
43,37,1,1.2472918033599854,STDK,0.4111535847187042,0.6952118873596191,1.5724477767944336
43,37,1,1.2472918033599854,STDK_plus_QLSTM,-0.011681079864501953,0.696334958076477,1.7031680345535278
43,37,1,1.2472918033599854,STDK_plus_QConvLSTM,-0.5692954063415527,0.45931053161621094,1.186400294303894
43,37,2,1.2784258127212524,STDK,0.12739470601081848,0.4059906005859375,1.2951722145080566
43,37,2,1.2784258127212524,STDK_plus_QLSTM,-0.10424792766571045,0.5956760048866272,1.624941349029541
43,37,2,1.2784258127212524,STDK_plus_QConvLSTM,-0.6167166233062744,0.37144649028778076,1.1109201908111572
43,37,3,1.2541565895080566,STDK,-0.3399239182472229,-0.06323832273483276,0.8484270572662354
43,37,3,1.2541565895080566,STDK_plus_QLSTM,-0.18108093738555908,0.5054505467414856,1.542161464691162
43,37,3,1.2541565895080566,STDK_plus_QConvLSTM,-0.5465408563613892,0.4417867362499237,1.241927146911621
43,37,4,0.2919386029243469,STDK,-0.6781141757965088,-0.3998679518699646,0.5323108434677124
43,37,4,0.2919386029243469,STDK_plus_QLSTM,-0.2597676217556,0.42213281989097595,1.450602650642395
43,37,4,0.2919386029243469,STDK_plus_QConvLSTM,-0.500663697719574,0.4860239028930664,1.326718807220459
43,37,5,1.3225736618041992,STDK,-0.9141268134117126,-0.6311330795288086,0.30712950229644775
43,37,5,1.3225736618041992,STDK_plus_QLSTM,-0.34481385350227356,0.343519002199173,1.361393690109253
43,37,5,1.3225736618041992,STDK_plus_QConvLSTM,-0.3829956650733948,0.5209683179855347,1.4527442455291748
43,38,1,-0.5932852625846863,STDK,-1.4790802001953125,-1.1222840547561646,-0.4877049922943115
43,38,1,-0.5932852625846863,STDK_plus_QLSTM,-1.7868268489837646,-0.9292725920677185,-0.05522090196609497
43,38,1,-0.5932852625846863,STDK_plus_QConvLSTM,-1.8978784084320068,-1.0882551670074463,-0.2815213203430176
43,38,2,-0.5438061356544495,STDK,-1.6413596868515015,-1.2907999753952026,-0.6538911461830139
43,38,2,-0.5438061356544495,STDK_plus_QLSTM,-1.8564891815185547,-0.9892095327377319,-0.11509162187576294
43,38,2,-0.5438061356544495,STDK_plus_QConvLSTM,-1.7691835165023804,-1.042920470237732,-0.2422780990600586
43,38,3,-1.111964464187622,STDK,-1.8299504518508911,-1.48163902759552,-0.8384688496589661
43,38,3,-1.111964464187622,STDK_plus_QLSTM,-1.8889907598495483,-1.0146362781524658,-0.13777512311935425
43,38,3,-1.111964464187622,STDK_plus_QConvLSTM,-1.688936710357666,-0.8677661418914795,-0.20196163654327393
43,38,4,-1.9250054359436035,STDK,-2.0458106994628906,-1.6956146955490112,-1.0429961681365967
43,38,4,-1.9250054359436035,STDK_plus_QLSTM,-1.9169425964355469,-1.038838267326355,-0.15867555141448975
43,38,4,-1.9250054359436035,STDK_plus_QConvLSTM,-1.426609754562378,-0.6244027018547058,0.011110424995422363
43,38,5,-0.6886782646179199,STDK,-2.1773629188537598,-1.8210604190826416,-1.1565194129943848
43,38,5,-0.6886782646179199,STDK_plus_QLSTM,-1.9224894046783447,-1.0508817434310913,-0.1717456579208374
43,38,5,-0.6886782646179199,STDK_plus_QConvLSTM,-1.387855887413025,-0.46213117241859436,0.1399177610874176
43,39,1,-1.1608582735061646,STDK,-1.822107195854187,-1.4558905363082886,-0.7967739701271057
43,39,1,-1.1608582735061646,STDK_plus_QLSTM,-2.1889381408691406,-1.2792798280715942,-0.3430227041244507
43,39,1,-1.1608582735061646,STDK_plus_QConvLSTM,-1.6809680461883545,-0.8792397379875183,-0.009296774864196777
43,39,2,-0.9793471097946167,STDK,-1.9208019971847534,-1.5607095956802368,-0.8993551135063171
43,39,2,-0.9793471097946167,STDK_plus_QLSTM,-2.275031566619873,-1.3584762811660767,-0.37776005268096924
43,39,2,-0.9793471097946167,STDK_plus_QConvLSTM,-1.6619025468826294,-0.7584414482116699,0.04426151514053345
43,39,3,-1.5525743961334229,STDK,-2.060654878616333,-1.7028006315231323,-1.0354629755020142
43,39,3,-1.5525743961334229,STDK_plus_QLSTM,-2.28348445892334,-1.369449496269226,-0.3930988907814026
43,39,3,-1.5525743961334229,STDK_plus_QConvLSTM,-1.6476430892944336,-0.7757724523544312,0.12731558084487915
43,39,4,-2.0695152282714844,STDK,-2.2704920768737793,-1.9108389616012573,-1.234137773513794
43,39,4,-2.0695152282714844,STDK_plus_QLSTM,-2.3163368701934814,-1.4090243577957153,-0.4438418745994568
43,39,4,-2.0695152282714844,STDK_plus_QConvLSTM,-1.6619219779968262,-0.816581666469574,0.16009360551834106
43,39,5,-1.270309329032898,STDK,-2.4117941856384277,-2.0465221405029297,-1.3546932935714722
43,39,5,-1.270309329032898,STDK_plus_QLSTM,-2.329002618789673,-1.427874207496643,-0.4745277762413025
43,39,5,-1.270309329032898,STDK_plus_QConvLSTM,-1.5979056358337402,-0.7846952080726624,0.16868221759796143
43,40,1,0.4784057140350342,STDK,-0.888619065284729,-0.44638246297836304,0.19818711280822754
43,40,1,0.4784057140350342,STDK_plus_QLSTM,-1.2456731796264648,-0.41840875148773193,0.47491031885147095
43,40,1,0.4784057140350342,STDK_plus_QConvLSTM,-0.8330454230308533,0.1838507205247879,1.2059487104415894
43,40,2,0.15471184253692627,STDK,-1.0148708820343018,-0.5749760270118713,0.07153898477554321
43,40,2,0.15471184253692627,STDK_plus_QLSTM,-1.2608451843261719,-0.43809592723846436,0.4596226215362549
43,40,2,0.15471184253692627,STDK_plus_QConvLSTM,-0.8198912143707275,0.1529233604669571,1.151821494102478
43,40,3,-0.24035640060901642,STDK,-1.1212879419326782,-0.679066002368927,-0.025412321090698242
43,40,3,-0.24035640060901642,STDK_plus_QLSTM,-1.2511012554168701,-0.43506646156311035,0.46393096446990967
43,40,3,-0.24035640060901642,STDK_plus_QConvLSTM,-0.8501591682434082,0.05812016874551773,1.0421761274337769
43,40,4,0.005551598966121674,STDK,-1.2176198959350586,-0.7683055400848389,-0.10518121719360352
43,40,4,0.005551598966121674,STDK_plus_QLSTM,-1.2268688678741455,-0.41724371910095215,0.4807279706001282
43,40,4,0.005551598966121674,STDK_plus_QConvLSTM,-0.8525732159614563,0.04126141220331192,0.9989932775497437
43,40,5,0.1501016914844513,STDK,-1.2931265830993652,-0.8323807120323181,-0.15765821933746338
43,40,5,0.1501016914844513,STDK_plus_QLSTM,-1.1888618469238281,-0.3859850764274597,0.5165284276008606
43,40,5,0.1501016914844513,STDK_plus_QConvLSTM,-0.9281235337257385,-0.04078363627195358,0.9228531718254089
43,41,1,-0.26870524883270264,STDK,-0.626367449760437,-0.23241819441318512,0.40455836057662964
43,41,1,-0.26870524883270264,STDK_plus_QLSTM,-0.8311138153076172,-0.1229306161403656,0.7705385684967041
43,41,1,-0.26870524883270264,STDK_plus_QConvLSTM,-1.4660959243774414,-0.5965268611907959,0.17015880346298218
43,41,2,-0.5952481627464294,STDK,-0.8522834777832031,-0.4600643515586853,0.17726367712020874
43,41,2,-0.5952481627464294,STDK_plus_QLSTM,-0.8807563185691833,-0.1591690331697464,0.7498098611831665
43,41,2,-0.5952481627464294,STDK_plus_QConvLSTM,-1.5526149272918701,-0.6115613579750061,0.06053107976913452
43,41,3,-0.21402539312839508,STDK,-1.0187029838562012,-0.624269962310791,0.018099665641784668
43,41,3,-0.21402539312839508,STDK_plus_QLSTM,-0.9311012029647827,-0.20327115058898926,0.7091781497001648
43,41,3,-0.21402539312839508,STDK_plus_QConvLSTM,-1.6413652896881104,-0.6981507539749146,-0.014361917972564697
43,41,4,-0.42235642671585083,STDK,-1.173280954360962,-0.7726351022720337,-0.11897844076156616
43,41,4,-0.42235642671585083,STDK_plus_QLSTM,-0.9786564111709595,-0.24921536445617676,0.6616314053535461
43,41,4,-0.42235642671585083,STDK_plus_QConvLSTM,-1.84735107421875,-0.8942994475364685,-0.2119935154914856
43,41,5,-0.20727631449699402,STDK,-1.3500499725341797,-0.9394204616546631,-0.27143537998199463
43,41,5,-0.20727631449699402,STDK_plus_QLSTM,-1.0243148803710938,-0.29529789090156555,0.6106696128845215
43,41,5,-0.20727631449699402,STDK_plus_QConvLSTM,-1.87437105178833,-0.949439525604248,-0.27396517992019653
43,42,1,0.8725706934928894,STDK,-0.08519893884658813,0.359678715467453,0.9804325103759766
43,42,1,0.8725706934928894,STDK_plus_QLSTM,-0.39337217807769775,0.4147608280181885,1.2339788675308228
43,42,1,0.8725706934928894,STDK_plus_QConvLSTM,-0.23186352849006653,0.46187785267829895,1.365013599395752
43,42,2,1.0843368768692017,STDK,-0.08853822946548462,0.35377681255340576,0.977156937122345
43,42,2,1.0843368768692017,STDK_plus_QLSTM,-0.3773100972175598,0.4298338294029236,1.2558612823486328
43,42,2,1.0843368768692017,STDK_plus_QConvLSTM,-0.2848268151283264,0.45768308639526367,1.3191413879394531
43,42,3,1.2259745597839355,STDK,-0.10976049304008484,0.33405646681785583,0.9648486375808716
43,42,3,1.2259745597839355,STDK_plus_QLSTM,-0.3609060049057007,0.4431396722793579,1.280866265296936
43,42,3,1.2259745597839355,STDK_plus_QConvLSTM,-0.33001911640167236,0.3479703664779663,1.222676157951355
43,42,4,0.8945925831794739,STDK,-0.12432980537414551,0.3252108693122864,0.9679182767868042
43,42,4,0.8945925831794739,STDK_plus_QLSTM,-0.3450539708137512,0.4558575749397278,1.3073759078979492
43,42,4,0.8945925831794739,STDK_plus_QConvLSTM,-0.42169639468193054,0.3128689229488373,1.187723994255066
43,42,5,1.3117096424102783,STDK,-0.1397722065448761,0.31926000118255615,0.9757667183876038
43,42,5,1.3117096424102783,STDK_plus_QLSTM,-0.3305136263370514,0.46791502833366394,1.3239160776138306
43,42,5,1.3117096424102783,STDK_plus_QConvLSTM,-0.494596004486084,0.19372344017028809,1.0915175676345825
43,43,1,-0.5960263013839722,STDK,-1.3676891326904297,-0.9581885933876038,-0.36706697940826416
43,43,1,-0.5960263013839722,STDK_plus_QLSTM,-1.6494778394699097,-0.8842782974243164,-0.09235256910324097
43,43,1,-0.5960263013839722,STDK_plus_QConvLSTM,-1.490555763244629,-0.6446198225021362,0.2646365761756897
43,43,2,-0.40803617238998413,STDK,-1.4568344354629517,-1.0491626262664795,-0.45650821924209595
43,43,2,-0.40803617238998413,STDK_plus_QLSTM,-1.6749603748321533,-0.9087817072868347,-0.11840718984603882
43,43,2,-0.40803617238998413,STDK_plus_QConvLSTM,-1.4886064529418945,-0.7930744886398315,0.09369093179702759
43,43,3,-0.4883784055709839,STDK,-1.5427439212799072,-1.1328303813934326,-0.535237193107605
43,43,3,-0.4883784055709839,STDK_plus_QLSTM,-1.6866483688354492,-0.9213006496429443,-0.13375508785247803
43,43,3,-0.4883784055709839,STDK_plus_QConvLSTM,-1.613243579864502,-0.8785767555236816,0.10900688171386719
43,43,4,-0.6051893830299377,STDK,-1.6196386814117432,-1.2033687829971313,-0.5979284644126892
43,43,4,-0.6051893830299377,STDK_plus_QLSTM,-1.6878169775009155,-0.9210171699523926,-0.13613468408584595
43,43,4,-0.6051893830299377,STDK_plus_QConvLSTM,-1.6918317079544067,-1.015242576599121,-0.06978332996368408
43,43,5,-0.2734493017196655,STDK,-1.6685713529586792,-1.2420780658721924,-0.6279096007347107
43,43,5,-0.2734493017196655,STDK_plus_QLSTM,-1.6797760725021362,-0.9139100909233093,-0.12913352251052856
43,43,5,-0.2734493017196655,STDK_plus_QConvLSTM,-1.7920241355895996,-1.0975993871688843,-0.10076904296875
43,44,1,-1.4389442205429077,STDK,-2.3266777992248535,-1.9539390802383423,-1.2398011684417725
43,44,1,-1.4389442205429077,STDK_plus_QLSTM,-2.629168748855591,-1.8379892110824585,-0.9173911809921265
43,44,1,-1.4389442205429077,STDK_plus_QConvLSTM,-2.425161361694336,-1.6529196500778198,-0.7320718765258789
43,44,2,-1.0757660865783691,STDK,-2.4760396480560303,-2.109124183654785,-1.3883695602416992
43,44,2,-1.0757660865783691,STDK_plus_QLSTM,-2.6662373542785645,-1.881518840789795,-0.9601980447769165
43,44,2,-1.0757660865783691,STDK_plus_QConvLSTM,-2.56434965133667,-1.6538408994674683,-0.7810676097869873
43,44,3,-0.6282253861427307,STDK,-2.6271040439605713,-2.26187801361084,-1.5282810926437378
43,44,3,-0.6282253861427307,STDK_plus_QLSTM,-2.688889265060425,-1.910042643547058,-0.9876455664634705
43,44,3,-0.6282253861427307,STDK_plus_QConvLSTM,-2.4547410011291504,-1.6074509620666504,-0.6782777905464172
43,44,4,-0.7199844121932983,STDK,-2.760068655014038,-2.3927087783813477,-1.6410987377166748
43,44,4,-0.7199844121932983,STDK_plus_QLSTM,-2.704137086868286,-1.9302414655685425,-1.0037380456924438
43,44,4,-0.7199844121932983,STDK_plus_QConvLSTM,-2.3983161449432373,-1.6508688926696777,-0.6997949481010437
43,44,5,-0.6126272678375244,STDK,-2.7939133644104004,-2.4207892417907715,-1.6435914039611816
43,44,5,-0.6126272678375244,STDK_plus_QLSTM,-2.7125301361083984,-1.942569613456726,-1.0133886337280273
43,44,5,-0.6126272678375244,STDK_plus_QConvLSTM,-2.455641984939575,-1.7085182666778564,-0.6678832769393921
43,45,1,-0.7712442874908447,STDK,-1.5311986207962036,-1.2014087438583374,-0.5117390751838684
43,45,1,-0.7712442874908447,STDK_plus_QLSTM,-1.9336673021316528,-1.1300135850906372,-0.2576596736907959
43,45,1,-0.7712442874908447,STDK_plus_QConvLSTM,-1.2088382244110107,-0.4431192874908447,0.3902398347854614
43,45,2,-0.7550941705703735,STDK,-1.649190068244934,-1.3250550031661987,-0.631869912147522
43,45,2,-0.7550941705703735,STDK_plus_QLSTM,-1.8954119682312012,-1.094722867012024,-0.21973609924316406
43,45,2,-0.7550941705703735,STDK_plus_QConvLSTM,-1.0612636804580688,-0.34622058272361755,0.5326874256134033
43,45,3,-0.5365174412727356,STDK,-1.7635228633880615,-1.4415098428726196,-0.7408893704414368
43,45,3,-0.5365174412727356,STDK_plus_QLSTM,-1.8016830682754517,-1.007846474647522,-0.13099050521850586
43,45,3,-0.5365174412727356,STDK_plus_QConvLSTM,-0.9242594242095947,-0.3227037489414215,0.5905935764312744
43,45,4,-0.11288340389728546,STDK,-1.8701640367507935,-1.5464659929275513,-0.8287827372550964
43,45,4,-0.11288340389728546,STDK_plus_QLSTM,-1.6779470443725586,-0.8849296569824219,-0.007471859455108643
43,45,4,-0.11288340389728546,STDK_plus_QConvLSTM,-0.9739295244216919,-0.39878812432289124,0.5479393005371094
43,45,5,0.15106169879436493,STDK,-1.9267792701721191,-1.5978350639343262,-0.8576696515083313
43,45,5,0.15106169879436493,STDK_plus_QLSTM,-1.539355754852295,-0.7425459623336792,0.13754361867904663
43,45,5,0.15106169879436493,STDK_plus_QConvLSTM,-1.0554308891296387,-0.5218258500099182,0.4368321895599365
43,46,1,0.6796076893806458,STDK,0.52886563539505,0.8636013269424438,1.576063871383667
43,46,1,0.6796076893806458,STDK_plus_QLSTM,0.08115184307098389,0.8455182313919067,1.719878911972046
43,46,1,0.6796076893806458,STDK_plus_QConvLSTM,-0.5586836338043213,0.20320211350917816,1.118367075920105
43,46,2,0.3482598662376404,STDK,0.5465703010559082,0.8752450942993164,1.591670274734497
43,46,2,0.3482598662376404,STDK_plus_QLSTM,0.05055844783782959,0.8534163236618042,1.7238222360610962
43,46,2,0.3482598662376404,STDK_plus_QConvLSTM,-0.4403494596481323,0.29555535316467285,1.19581937789917
43,46,3,0.6477015614509583,STDK,0.5213966369628906,0.8480008244514465,1.5737987756729126
43,46,3,0.6477015614509583,STDK_plus_QLSTM,0.015304982662200928,0.8364999890327454,1.7062586545944214
43,46,3,0.6477015614509583,STDK_plus_QConvLSTM,-0.3654159903526306,0.4633076786994934,1.3227019309997559
43,46,4,0.19783559441566467,STDK,0.4706704318523407,0.7991007566452026,1.5387860536575317
43,46,4,0.19783559441566467,STDK_plus_QLSTM,-0.02030205726623535,0.8063485622406006,1.6787917613983154
43,46,4,0.19783559441566467,STDK_plus_QConvLSTM,-0.3806413412094116,0.5139092803001404,1.4064857959747314
43,46,5,0.7028946876525879,STDK,0.41295531392097473,0.7468421459197998,1.5029022693634033
43,46,5,0.7028946876525879,STDK_plus_QLSTM,-0.04264402389526367,0.769940972328186,1.6464765071868896
43,46,5,0.7028946876525879,STDK_plus_QConvLSTM,-0.20701229572296143,0.671530544757843,1.4723591804504395
43,47,1,-1.3778811693191528,STDK,-2.3052151203155518,-2.028339385986328,-1.2625222206115723
43,47,1,-1.3778811693191528,STDK_plus_QLSTM,-2.8824965953826904,-2.017977714538574,-0.9706729650497437
43,47,1,-1.3778811693191528,STDK_plus_QConvLSTM,-2.456613540649414,-1.7468403577804565,-0.9522685408592224
43,47,2,-1.514557123184204,STDK,-2.387112617492676,-2.115248680114746,-1.345690131187439
43,47,2,-1.514557123184204,STDK_plus_QLSTM,-2.8739705085754395,-1.9853205680847168,-0.9288145303726196
43,47,2,-1.514557123184204,STDK_plus_QConvLSTM,-2.580138921737671,-1.7124910354614258,-1.0463664531707764
43,47,3,-1.426668405532837,STDK,-2.4709489345550537,-2.200881004333496,-1.4194579124450684
43,47,3,-1.426668405532837,STDK_plus_QLSTM,-2.8389008045196533,-1.9539347887039185,-0.9077252149581909
43,47,3,-1.426668405532837,STDK_plus_QConvLSTM,-2.6174063682556152,-1.9130923748016357,-1.1709446907043457
43,47,4,-1.873577356338501,STDK,-2.5987331867218018,-2.32722806930542,-1.5325876474380493
43,47,4,-1.873577356338501,STDK_plus_QLSTM,-2.806069850921631,-1.928730845451355,-0.9043235778808594
43,47,4,-1.873577356338501,STDK_plus_QConvLSTM,-2.4986519813537598,-1.792870283126831,-1.0124431848526
43,47,5,-1.7311782836914062,STDK,-2.7430434226989746,-2.467033863067627,-1.6598131656646729
43,47,5,-1.7311782836914062,STDK_plus_QLSTM,-2.774445056915283,-1.904646396636963,-0.9065456390380859
43,47,5,-1.7311782836914062,STDK_plus_QConvLSTM,-2.463870048522949,-1.7401821613311768,-0.797569751739502
43,48,1,-0.11770026385784149,STDK,-0.5157276391983032,-0.21372941136360168,0.4899573028087616
43,48,1,-0.11770026385784149,STDK_plus_QLSTM,-0.9424039125442505,-0.18919670581817627,0.7948741912841797
43,48,1,-0.11770026385784149,STDK_plus_QConvLSTM,-0.9627063870429993,-0.23979665338993073,0.6119625568389893
43,48,2,0.31466084718704224,STDK,-0.6769151091575623,-0.38024842739105225,0.32987159490585327
43,48,2,0.31466084718704224,STDK_plus_QLSTM,-0.9648834466934204,-0.21538648009300232,0.7471963167190552
43,48,2,0.31466084718704224,STDK_plus_QConvLSTM,-0.9523869752883911,-0.23580211400985718,0.6548584699630737
43,48,3,-0.31486737728118896,STDK,-0.8335968255996704,-0.538885235786438,0.18333786725997925
43,48,3,-0.31486737728118896,STDK_plus_QLSTM,-1.012068271636963,-0.26186397671699524,0.6852749586105347
43,48,3,-0.31486737728118896,STDK_plus_QConvLSTM,-0.9554409980773926,-0.15504777431488037,0.6438993215560913
43,48,4,-1.4764244556427002,STDK,-1.0095492601394653,-0.713246762752533,0.025728046894073486
43,48,4,-1.4764244556427002,STDK_plus_QLSTM,-1.0803587436676025,-0.32460835576057434,0.6158336400985718
43,48,4,-1.4764244556427002,STDK_plus_QConvLSTM,-0.8539780974388123,-0.09807316213846207,0.7263913154602051
43,48,5,-0.9367283582687378,STDK,-1.1400072574615479,-0.8387863039970398,-0.08088284730911255
43,48,5,-0.9367283582687378,STDK_plus_QLSTM,-1.1644524335861206,-0.3988252580165863,0.5424904823303223
43,48,5,-0.9367283582687378,STDK_plus_QConvLSTM,-0.7882484793663025,-0.04801282659173012,0.8096439838409424
43,49,1,0.5240137577056885,STDK,-0.18378138542175293,0.16034334897994995,0.9136695861816406
43,49,1,0.5240137577056885,STDK_plus_QLSTM,-0.6371071338653564,0.20020818710327148,1.1910138130187988
43,49,1,0.5240137577056885,STDK_plus_QConvLSTM,-0.07810229063034058,0.8859807848930359,1.9884731769561768
43,49,2,0.6040488481521606,STDK,-0.18581153452396393,0.15228413045406342,0.9127874374389648
43,49,2,0.6040488481521606,STDK_plus_QLSTM,-0.6264435052871704,0.22104552388191223,1.2214241027832031
43,49,2,0.6040488481521606,STDK_plus_QConvLSTM,-0.017304539680480957,0.8221967816352844,1.9336998462677002
43,49,3,0.19077859818935394,STDK,-0.2422322779893875,0.0936853438615799,0.8723936080932617
43,49,3,0.19077859818935394,STDK_plus_QLSTM,-0.6076690554618835,0.2419167309999466,1.2493611574172974
43,49,3,0.19077859818935394,STDK_plus_QConvLSTM,0.0155983567237854,0.8039140701293945,1.9316904544830322
43,49,4,-0.24947339296340942,STDK,-0.29668572545051575,0.04107165336608887,0.8480414748191833
43,49,4,-0.24947339296340942,STDK_plus_QLSTM,-0.584867000579834,0.26221418380737305,1.2711365222930908
43,49,4,-0.24947339296340942,STDK_plus_QConvLSTM,-0.11227953433990479,0.8575126528739929,1.9604859352111816
43,49,5,0.2678256928920746,STDK,-0.39120036363601685,-0.04786135256290436,0.8244194388389587
43,49,5,0.2678256928920746,STDK_plus_QLSTM,-0.5582336187362671,0.282656192779541,1.2914574146270752
43,49,5,0.2678256928920746,STDK_plus_QConvLSTM,-0.07400661706924438,0.7493132948875427,1.9125850200653076
43,50,1,0.6568686962127686,STDK,0.0719904899597168,0.511716365814209,1.157306432723999
43,50,1,0.6568686962127686,STDK_plus_QLSTM,-0.2053992748260498,0.5390676259994507,1.5074841976165771
43,50,1,0.6568686962127686,STDK_plus_QConvLSTM,-0.7041490077972412,0.23427152633666992,1.168137550354004
43,50,2,-0.21514515578746796,STDK,-0.03001895546913147,0.40783870220184326,1.05430006980896
43,50,2,-0.21514515578746796,STDK_plus_QLSTM,-0.20186573266983032,0.5501619577407837,1.55122971534729
43,50,2,-0.21514515578746796,STDK_plus_QConvLSTM,-0.5648115873336792,0.39768341183662415,1.342124342918396
43,50,3,0.211680606007576,STDK,-0.10953736305236816,0.3310926556587219,0.9828249216079712
43,50,3,0.211680606007576,STDK_plus_QLSTM,-0.19777125120162964,0.5582549571990967,1.5705758333206177
43,50,3,0.211680606007576,STDK_plus_QConvLSTM,-0.44931086897850037,0.4396163523197174,1.451034665107727
43,50,4,0.4882775843143463,STDK,-0.25361132621765137,0.19396573305130005,0.8552632927894592
43,50,4,0.4882775843143463,STDK_plus_QLSTM,-0.19567197561264038,0.5636796951293945,1.581372618675232
43,50,4,0.4882775843143463,STDK_plus_QConvLSTM,-0.4674859046936035,0.37354403734207153,1.4330565929412842
43,50,5,0.4982476830482483,STDK,-0.42187508940696716,0.036907993257045746,0.7119848132133484
43,50,5,0.4982476830482483,STDK_plus_QLSTM,-0.19535613059997559,0.5673871040344238,1.5905154943466187
43,50,5,0.4982476830482483,STDK_plus_QConvLSTM,-0.43187084794044495,0.3926528990268707,1.490057349205017
43,51,1,0.13720372319221497,STDK,-0.4045029878616333,0.11670839786529541,0.7177433371543884
43,51,1,0.13720372319221497,STDK_plus_QLSTM,-0.485467791557312,0.2960084080696106,1.1427271366119385
43,51,1,0.13720372319221497,STDK_plus_QConvLSTM,-0.5204958915710449,0.23081746697425842,1.0645779371261597
43,51,2,0.046259842813014984,STDK,-0.6729781627655029,-0.15394030511379242,0.4466556906700134
43,51,2,0.046259842813014984,STDK_plus_QLSTM,-0.46296200156211853,0.30865171551704407,1.1452491283416748
43,51,2,0.046259842813014984,STDK_plus_QConvLSTM,-0.5049892067909241,0.24838227033615112,1.0868699550628662
43,51,3,0.21701160073280334,STDK,-0.851726770401001,-0.33077099919319153,0.27505263686180115
43,51,3,0.21701160073280334,STDK_plus_QLSTM,-0.43916749954223633,0.3247826099395752,1.1548845767974854
43,51,3,0.21701160073280334,STDK_plus_QConvLSTM,-0.5070344805717468,0.2477012276649475,1.0735232830047607
43,51,4,0.7090585827827454,STDK,-0.9573520421981812,-0.43075481057167053,0.1832655966281891
43,51,4,0.7090585827827454,STDK_plus_QLSTM,-0.423138290643692,0.34622690081596375,1.1693603992462158
43,51,4,0.7090585827827454,STDK_plus_QConvLSTM,-0.7109785079956055,0.16223043203353882,0.909288763999939
43,51,5,0.5613386631011963,STDK,-1.0395077466964722,-0.5048558712005615,0.11828792095184326
43,51,5,0.5613386631011963,STDK_plus_QLSTM,-0.4067207872867584,0.3724002540111542,1.1914525032043457
43,51,5,0.5613386631011963,STDK_plus_QConvLSTM,-0.6569793224334717,0.1884785145521164,0.9329033493995667
43,52,1,-0.011028271168470383,STDK,-0.18392279744148254,0.351841539144516,0.9604084491729736
43,52,1,-0.011028271168470383,STDK_plus_QLSTM,-0.3728647828102112,0.4167287349700928,1.2989425659179688
43,52,1,-0.011028271168470383,STDK_plus_QConvLSTM,-0.31058114767074585,0.46369504928588867,1.3947558403015137
43,52,2,-0.08707715570926666,STDK,-0.20266243815422058,0.33126047253608704,0.9425851106643677
43,52,2,-0.08707715570926666,STDK_plus_QLSTM,-0.3471997380256653,0.4381115436553955,1.3303782939910889
43,52,2,-0.08707715570926666,STDK_plus_QConvLSTM,-0.3856808543205261,0.3898283839225769,1.3829596042633057
43,52,3,0.10867159813642502,STDK,-0.2103283405303955,0.32561546564102173,0.9440737366676331
43,52,3,0.10867159813642502,STDK_plus_QLSTM,-0.32496166229248047,0.45502907037734985,1.3569438457489014
43,52,3,0.10867159813642502,STDK_plus_QConvLSTM,-0.422994464635849,0.3261987268924713,1.3639397621154785
43,52,4,-0.4028434157371521,STDK,-0.21755516529083252,0.32440972328186035,0.954211413860321
43,52,4,-0.4028434157371521,STDK_plus_QLSTM,-0.30857205390930176,0.46919065713882446,1.3766165971755981
43,52,4,-0.4028434157371521,STDK_plus_QConvLSTM,-0.35791563987731934,0.3148755431175232,1.3244400024414062
43,52,5,0.1881936937570572,STDK,-0.2245580554008484,0.3271014094352722,0.9712817072868347
43,52,5,0.1881936937570572,STDK_plus_QLSTM,-0.2955787181854248,0.4811585545539856,1.3795228004455566
43,52,5,0.1881936937570572,STDK_plus_QConvLSTM,-0.33188778162002563,0.41794025897979736,1.4061307907104492
43,53,1,-0.6123572587966919,STDK,-2.090178966522217,-1.5279372930526733,-0.9576851725578308
43,53,1,-0.6123572587966919,STDK_plus_QLSTM,-2.347975254058838,-1.5520449876785278,-0.6686463952064514
43,53,1,-0.6123572587966919,STDK_plus_QConvLSTM,-2.4062490463256836,-1.446879506111145,-0.4802146553993225
43,53,2,-1.2321771383285522,STDK,-2.1516077518463135,-1.5912336111068726,-1.0198323726654053
43,53,2,-1.2321771383285522,STDK_plus_QLSTM,-2.402507781982422,-1.5947327613830566,-0.7121942639350891
43,53,2,-1.2321771383285522,STDK_plus_QConvLSTM,-2.418466806411743,-1.5416356325149536,-0.6081265211105347
43,53,3,-1.2341864109039307,STDK,-2.28322696685791,-1.7205023765563965,-1.1440422534942627
43,53,3,-1.2341864109039307,STDK_plus_QLSTM,-2.4642488956451416,-1.6559110879898071,-0.7807091474533081
43,53,3,-1.2341864109039307,STDK_plus_QConvLSTM,-2.456176280975342,-1.5199476480484009,-0.6081691384315491
43,53,4,-1.1680314540863037,STDK,-2.405705451965332,-1.8361821174621582,-1.2515366077423096
43,53,4,-1.1680314540863037,STDK_plus_QLSTM,-2.527108907699585,-1.723222017288208,-0.8512861728668213
43,53,4,-1.1680314540863037,STDK_plus_QConvLSTM,-2.459412097930908,-1.5482420921325684,-0.6243904829025269
43,53,5,-0.5821113586425781,STDK,-2.5013537406921387,-1.9211987257003784,-1.3259220123291016
43,53,5,-0.5821113586425781,STDK_plus_QLSTM,-2.587872266769409,-1.7931488752365112,-0.9188668131828308
43,53,5,-0.5821113586425781,STDK_plus_QConvLSTM,-2.4838225841522217,-1.580798864364624,-0.700333297252655
43,54,1,-0.7754513025283813,STDK,-1.9765011072158813,-1.562071442604065,-0.9405374526977539
43,54,1,-0.7754513025283813,STDK_plus_QLSTM,-2.2821645736694336,-1.5165964365005493,-0.5707718133926392
43,54,1,-0.7754513025283813,STDK_plus_QConvLSTM,-2.1778719425201416,-1.3349852561950684,-0.2637227773666382
43,54,2,-0.7747571468353271,STDK,-2.0757205486297607,-1.6688412427902222,-1.0434765815734863
43,54,2,-0.7747571468353271,STDK_plus_QLSTM,-2.267967939376831,-1.5076746940612793,-0.5284698009490967
43,54,2,-0.7747571468353271,STDK_plus_QConvLSTM,-2.241403579711914,-1.4357010126113892,-0.28352904319763184
43,54,3,0.09304659813642502,STDK,-2.2001869678497314,-1.7965329885482788,-1.1629505157470703
43,54,3,0.09304659813642502,STDK_plus_QLSTM,-2.2527754306793213,-1.4950703382492065,-0.501304566860199
43,54,3,0.09304659813642502,STDK_plus_QConvLSTM,-2.2625625133514404,-1.5011292695999146,-0.3381603956222534
43,54,4,-0.7333623766899109,STDK,-2.259718179702759,-1.8552991151809692,-1.2097303867340088
43,54,4,-0.7333623766899109,STDK_plus_QLSTM,-2.2359671592712402,-1.480955958366394,-0.48267513513565063
43,54,4,-0.7333623766899109,STDK_plus_QConvLSTM,-2.290888786315918,-1.48419189453125,-0.6070679426193237
43,54,5,-0.8802493810653687,STDK,-2.268235445022583,-1.8586891889572144,-1.1981960535049438
43,54,5,-0.8802493810653687,STDK_plus_QLSTM,-2.2158336639404297,-1.4660358428955078,-0.46803081035614014
43,54,5,-0.8802493810653687,STDK_plus_QConvLSTM,-2.2536041736602783,-1.4377113580703735,-0.5687131881713867
43,55,1,-1.3538051843643188,STDK,-2.1538283824920654,-1.809492588043213,-1.1639834642410278
43,55,1,-1.3538051843643188,STDK_plus_QLSTM,-2.5320026874542236,-1.7943425178527832,-0.7978391647338867
43,55,1,-1.3538051843643188,STDK_plus_QConvLSTM,-1.8061926364898682,-0.9551870226860046,-0.07845044136047363
43,55,2,-0.9102461338043213,STDK,-2.259967088699341,-1.9216994047164917,-1.2720632553100586
43,55,2,-0.9102461338043213,STDK_plus_QLSTM,-2.6376795768737793,-1.9047281742095947,-0.9166548848152161
43,55,2,-0.9102461338043213,STDK_plus_QConvLSTM,-1.9095720052719116,-0.9581151008605957,-0.10652261972427368
43,55,3,-1.0705914497375488,STDK,-2.378920078277588,-2.0428967475891113,-1.3854022026062012
43,55,3,-1.0705914497375488,STDK_plus_QLSTM,-2.728635787963867,-2.005462408065796,-1.0285032987594604
43,55,3,-1.0705914497375488,STDK_plus_QConvLSTM,-2.0160231590270996,-1.149099588394165,-0.16470438241958618
43,55,4,-1.472637414932251,STDK,-2.403195858001709,-2.0654258728027344,-1.3966864347457886
43,55,4,-1.472637414932251,STDK_plus_QLSTM,-2.8115506172180176,-2.1035072803497314,-1.1323024034500122
43,55,4,-1.472637414932251,STDK_plus_QConvLSTM,-1.888373613357544,-1.1009384393692017,-0.1691199541091919
43,55,5,-0.9215003252029419,STDK,-2.3842270374298096,-2.041012763977051,-1.3587489128112793
43,55,5,-0.9215003252029419,STDK_plus_QLSTM,-2.896287202835083,-2.2038862705230713,-1.2202849388122559
43,55,5,-0.9215003252029419,STDK_plus_QConvLSTM,-2.0951642990112305,-1.2237040996551514,-0.3175477981567383
43,56,1,-0.3661312460899353,STDK,-1.1365920305252075,-0.6969913244247437,-0.045909345149993896
43,56,1,-0.3661312460899353,STDK_plus_QLSTM,-1.4510436058044434,-0.6735021471977234,0.17690032720565796
43,56,1,-0.3661312460899353,STDK_plus_QConvLSTM,-1.1855521202087402,-0.2988516390323639,0.39221957325935364
43,56,2,-0.3995491862297058,STDK,-1.1886603832244873,-0.7569952607154846,-0.10180139541625977
43,56,2,-0.3995491862297058,STDK_plus_QLSTM,-1.4614412784576416,-0.6827967762947083,0.176197350025177
43,56,2,-0.3995491862297058,STDK_plus_QConvLSTM,-1.2356168031692505,-0.31847479939460754,0.3994348347187042
43,56,3,-0.8915613889694214,STDK,-1.2307331562042236,-0.8022319078445435,-0.1396123766899109
43,56,3,-0.8915613889694214,STDK_plus_QLSTM,-1.4757153987884521,-0.6996739506721497,0.16664832830429077
43,56,3,-0.8915613889694214,STDK_plus_QConvLSTM,-1.2591588497161865,-0.26915255188941956,0.3080957233905792
43,56,4,-0.6829394102096558,STDK,-1.2835475206375122,-0.8532706499099731,-0.17978698015213013
43,56,4,-0.6829394102096558,STDK_plus_QLSTM,-1.4896585941314697,-0.7174087166786194,0.1551041603088379
43,56,4,-0.6829394102096558,STDK_plus_QConvLSTM,-1.0326443910598755,-0.22569267451763153,0.3936825394630432
43,56,5,-0.19320529699325562,STDK,-1.3454593420028687,-0.9089106321334839,-0.2220550775527954
43,56,5,-0.19320529699325562,STDK_plus_QLSTM,-1.504024863243103,-0.7352190017700195,0.14191901683807373
43,56,5,-0.19320529699325562,STDK_plus_QConvLSTM,-1.1617457866668701,-0.31644999980926514,0.45677584409713745
43,57,1,0.7277337312698364,STDK,-0.44861817359924316,-0.07248245179653168,0.5797479748725891
43,57,1,0.7277337312698364,STDK_plus_QLSTM,-0.6042474508285522,0.18996401131153107,1.0683953762054443
43,57,1,0.7277337312698364,STDK_plus_QConvLSTM,-1.3533762693405151,-0.48478370904922485,0.3999757766723633
43,57,2,0.632287859916687,STDK,-0.6980483531951904,-0.3287326693534851,0.32246899604797363
43,57,2,0.632287859916687,STDK_plus_QLSTM,-0.6012988686561584,0.19782193005084991,1.0474954843521118
43,57,2,0.632287859916687,STDK_plus_QConvLSTM,-1.3056374788284302,-0.47244685888290405,0.4096603989601135
43,57,3,0.5403655767440796,STDK,-0.9138439893722534,-0.5471236705780029,0.1055985689163208
43,57,3,0.5403655767440796,STDK_plus_QLSTM,-0.608381450176239,0.1944691687822342,1.0254460573196411
43,57,3,0.5403655767440796,STDK_plus_QConvLSTM,-1.2934081554412842,-0.5010643005371094,0.46265774965286255
43,57,4,0.4136536121368408,STDK,-1.083991289138794,-0.7154785990715027,-0.05821019411087036
43,57,4,0.4136536121368408,STDK_plus_QLSTM,-0.6157345175743103,0.18929047882556915,1.0265014171600342
43,57,4,0.4136536121368408,STDK_plus_QConvLSTM,-1.3232672214508057,-0.5451641082763672,0.5168160200119019
43,57,5,-0.10522030293941498,STDK,-1.1741729974746704,-0.7998405694961548,-0.13623523712158203
43,57,5,-0.10522030293941498,STDK_plus_QLSTM,-0.620956540107727,0.18430526554584503,1.033968448638916
43,57,5,-0.10522030293941498,STDK_plus_QConvLSTM,-1.2252705097198486,-0.4757525324821472,0.5187296867370605
43,58,1,-0.1352122724056244,STDK,-1.103187084197998,-0.722713828086853,-0.04614895582199097
43,58,1,-0.1352122724056244,STDK_plus_QLSTM,-1.3201625347137451,-0.5763975977897644,0.35816746950149536
43,58,1,-0.1352122724056244,STDK_plus_QConvLSTM,-1.1625033617019653,-0.1863051950931549,0.3493961989879608
43,58,2,0.36774885654449463,STDK,-1.251242995262146,-0.8778088092803955,-0.19774627685546875
43,58,2,0.36774885654449463,STDK_plus_QLSTM,-1.3154897689819336,-0.5749571919441223,0.3556586503982544
43,58,2,0.36774885654449463,STDK_plus_QConvLSTM,-1.0931466817855835,-0.15738193690776825,0.322945773601532
43,58,3,-0.23744840919971466,STDK,-1.4263811111450195,-1.055827021598816,-0.3685516119003296
43,58,3,-0.23744840919971466,STDK_plus_QLSTM,-1.304971694946289,-0.5694472789764404,0.35709458589553833
43,58,3,-0.23744840919971466,STDK_plus_QConvLSTM,-0.9994676113128662,-0.07794225215911865,0.43023180961608887
43,58,4,-1.457545518875122,STDK,-1.5997438430786133,-1.2277604341506958,-0.5309160947799683
43,58,4,-1.457545518875122,STDK_plus_QLSTM,-1.297010064125061,-0.5632234811782837,0.3600296974182129
43,58,4,-1.457545518875122,STDK_plus_QConvLSTM,-0.9120380282402039,0.03162725269794464,0.531261682510376
43,58,5,-0.9061623811721802,STDK,-1.704869031906128,-1.3277043104171753,-0.6157597899436951
43,58,5,-0.9061623811721802,STDK_plus_QLSTM,-1.2926156520843506,-0.5547601580619812,0.36510854959487915
43,58,5,-0.9061623811721802,STDK_plus_QConvLSTM,-0.9705507755279541,0.01848103478550911,0.6634494662284851
43,59,1,0.38370275497436523,STDK,-0.025872737169265747,0.3339102268218994,1.0705845355987549
43,59,1,0.38370275497436523,STDK_plus_QLSTM,-0.46571314334869385,0.3354770541191101,1.3556289672851562
43,59,1,0.38370275497436523,STDK_plus_QConvLSTM,-1.1238253116607666,-0.14880581200122833,0.6937759518623352
43,59,2,0.8432798385620117,STDK,-0.02653440833091736,0.32670754194259644,1.070849061012268
43,59,2,0.8432798385620117,STDK_plus_QLSTM,-0.439788818359375,0.36815232038497925,1.3870463371276855
43,59,2,0.8432798385620117,STDK_plus_QConvLSTM,-1.2618391513824463,-0.2313554883003235,0.5796416401863098
43,59,3,0.07681159675121307,STDK,-0.160085529088974,0.1905505657196045,0.9485598206520081
43,59,3,0.07681159675121307,STDK_plus_QLSTM,-0.4269042909145355,0.3857157528400421,1.40567147731781
43,59,3,0.07681159675121307,STDK_plus_QConvLSTM,-1.2067431211471558,-0.2054380476474762,0.6242762804031372
43,59,4,-0.12215040624141693,STDK,-0.3652144968509674,-0.012899398803710938,0.7689594626426697
43,59,4,-0.12215040624141693,STDK_plus_QLSTM,-0.4271349310874939,0.3886323571205139,1.411426305770874
43,59,4,-0.12215040624141693,STDK_plus_QConvLSTM,-1.2034131288528442,-0.19427958130836487,0.6884057521820068
43,59,5,0.41967469453811646,STDK,-0.57667076587677,-0.21867936849594116,0.5972275733947754
43,59,5,0.41967469453811646,STDK_plus_QLSTM,-0.4313346743583679,0.38492316007614136,1.4108810424804688
43,59,5,0.41967469453811646,STDK_plus_QConvLSTM,-1.009230613708496,0.030018556863069534,0.877665638923645
43,60,1,-0.5179652571678162,STDK,-1.0720328092575073,-0.5891157388687134,0.05084121227264404
43,60,1,-0.5179652571678162,STDK_plus_QLSTM,-1.3233909606933594,-0.5417430996894836,0.3537219166755676
43,60,1,-0.5179652571678162,STDK_plus_QConvLSTM,-1.3812741041183472,-0.5032155513763428,0.2120908498764038
43,60,2,-0.7903721332550049,STDK,-1.1884487867355347,-0.7074102163314819,-0.06693047285079956
43,60,2,-0.7903721332550049,STDK_plus_QLSTM,-1.333672285079956,-0.5544483065605164,0.34327995777130127
43,60,2,-0.7903721332550049,STDK_plus_QConvLSTM,-1.3667545318603516,-0.4150063395500183,0.27274882793426514
43,60,3,-0.8285384178161621,STDK,-1.3143088817596436,-0.8300182819366455,-0.18486034870147705
43,60,3,-0.8285384178161621,STDK_plus_QLSTM,-1.3379309177398682,-0.5638744235038757,0.33921146392822266
43,60,3,-0.8285384178161621,STDK_plus_QConvLSTM,-1.3457298278808594,-0.39094364643096924,0.2284448742866516
43,60,4,-0.20588940382003784,STDK,-1.4217931032180786,-0.9294224977493286,-0.2760680317878723
43,60,4,-0.20588940382003784,STDK_plus_QLSTM,-1.3391506671905518,-0.5709779262542725,0.3319428563117981
43,60,4,-0.20588940382003784,STDK_plus_QConvLSTM,-1.5854989290237427,-0.5544905662536621,0.13339388370513916
43,60,5,-0.22210630774497986,STDK,-1.477964162826538,-0.9733079671859741,-0.30898743867874146
43,60,5,-0.22210630774497986,STDK_plus_QLSTM,-1.3380472660064697,-0.5765367150306702,0.3183732032775879
43,60,5,-0.22210630774497986,STDK_plus_QConvLSTM,-1.8015682697296143,-0.7480053901672363,-0.15465247631072998
43,61,1,-1.3995912075042725,STDK,-1.531820297241211,-0.9764984846115112,-0.3539237380027771
43,61,1,-1.3995912075042725,STDK_plus_QLSTM,-1.6924293041229248,-0.9216305017471313,0.0522729754447937
43,61,1,-1.3995912075042725,STDK_plus_QConvLSTM,-1.8252596855163574,-1.040644645690918,-0.20912879705429077
43,61,2,-1.4851680994033813,STDK,-1.623767375946045,-1.071263313293457,-0.4483048915863037
43,61,2,-1.4851680994033813,STDK_plus_QLSTM,-1.7397494316101074,-0.9597269296646118,0.026772618293762207
43,61,2,-1.4851680994033813,STDK_plus_QConvLSTM,-1.8288533687591553,-1.0359320640563965,-0.26434773206710815
43,61,3,-0.7112864255905151,STDK,-1.6846810579299927,-1.131144642829895,-0.5044573545455933
43,61,3,-0.7112864255905151,STDK_plus_QLSTM,-1.7808058261871338,-0.9977260828018188,-0.003811061382293701
43,61,3,-0.7112864255905151,STDK_plus_QConvLSTM,-1.8918284177780151,-1.0758938789367676,-0.2819669246673584
43,61,4,-0.3972983956336975,STDK,-1.7583463191986084,-1.1998754739761353,-0.5662466287612915
43,61,4,-0.3972983956336975,STDK_plus_QLSTM,-1.8147085905075073,-1.034063696861267,-0.035862863063812256
43,61,4,-0.3972983956336975,STDK_plus_QConvLSTM,-1.8855295181274414,-0.9916603565216064,-0.18704581260681152
43,61,5,-0.10104130208492279,STDK,-1.8135950565338135,-1.2466448545455933,-0.6037996411323547
43,61,5,-0.10104130208492279,STDK_plus_QLSTM,-1.84516441822052,-1.069225788116455,-0.06888794898986816
43,61,5,-0.10104130208492279,STDK_plus_QConvLSTM,-1.9112067222595215,-1.0239694118499756,-0.2016456127166748
43,62,1,0.01734272949397564,STDK,-0.5989562273025513,-0.058811090886592865,0.4643031060695648
43,62,1,0.01734272949397564,STDK_plus_QLSTM,-0.7772946953773499,-0.030670538544654846,0.7723149061203003
43,62,1,0.01734272949397564,STDK_plus_QConvLSTM,-1.7113393545150757,-0.8434048295021057,-0.12720179557800293
43,62,2,-0.27525514364242554,STDK,-0.6316848397254944,-0.09553825110197067,0.42688101530075073
43,62,2,-0.27525514364242554,STDK_plus_QLSTM,-0.8029097318649292,-0.055947884917259216,0.7668205499649048
43,62,2,-0.27525514364242554,STDK_plus_QConvLSTM,-1.854780673980713,-0.9680489301681519,-0.18443691730499268
43,62,3,-0.03379339724779129,STDK,-0.6570043563842773,-0.12028509378433228,0.40508854389190674
43,62,3,-0.03379339724779129,STDK_plus_QLSTM,-0.8455959558486938,-0.09237898886203766,0.7529872059822083
43,62,3,-0.03379339724779129,STDK_plus_QConvLSTM,-1.8781404495239258,-0.9503774642944336,-0.2091161608695984
43,62,4,-0.24843540787696838,STDK,-0.7197067737579346,-0.1777254343032837,0.35419130325317383
43,62,4,-0.24843540787696838,STDK_plus_QLSTM,-0.8922329545021057,-0.13454745709896088,0.7291268110275269
43,62,4,-0.24843540787696838,STDK_plus_QConvLSTM,-1.8591724634170532,-1.0065470933914185,-0.2513822317123413
43,62,5,-0.12834429740905762,STDK,-0.7943710088729858,-0.2428431361913681,0.2980489730834961
43,62,5,-0.12834429740905762,STDK_plus_QLSTM,-0.9411051273345947,-0.18052048981189728,0.6973164081573486
43,62,5,-0.12834429740905762,STDK_plus_QConvLSTM,-1.8569889068603516,-0.9485986828804016,-0.2390577793121338
43,63,1,-0.7395002841949463,STDK,-0.8549143075942993,-0.3229235112667084,0.18052098155021667
43,63,1,-0.7395002841949463,STDK_plus_QLSTM,-1.0119004249572754,-0.22819682955741882,0.5925626754760742
43,63,1,-0.7395002841949463,STDK_plus_QConvLSTM,-1.6564688682556152,-0.7334655523300171,-0.1595178246498108
43,63,2,-0.22784815728664398,STDK,-0.9448132514953613,-0.41607043147087097,0.08674433827400208
43,63,2,-0.22784815728664398,STDK_plus_QLSTM,-1.0014697313308716,-0.20299115777015686,0.6225035190582275
43,63,2,-0.22784815728664398,STDK_plus_QConvLSTM,-1.6051396131515503,-0.7311789989471436,-0.07583242654800415
43,63,3,-0.8751733899116516,STDK,-1.066490888595581,-0.5358960628509521,-0.03016185760498047
43,63,3,-0.8751733899116516,STDK_plus_QLSTM,-1.0102473497390747,-0.19564899802207947,0.6352977752685547
43,63,3,-0.8751733899116516,STDK_plus_QConvLSTM,-1.5541982650756836,-0.643710196018219,-0.10051023960113525
43,63,4,-0.8859894275665283,STDK,-1.1735867261886597,-0.6360892057418823,-0.12428265810012817
43,63,4,-0.8859894275665283,STDK_plus_QLSTM,-1.0206786394119263,-0.20154085755348206,0.6344560384750366
43,63,4,-0.8859894275665283,STDK_plus_QConvLSTM,-1.476034164428711,-0.5622023344039917,-0.0017889738082885742
43,63,5,-0.5754443407058716,STDK,-1.2465555667877197,-0.6982396245002747,-0.17871922254562378
43,63,5,-0.5754443407058716,STDK_plus_QLSTM,-1.034942865371704,-0.2173185646533966,0.6223921775817871
43,63,5,-0.5754443407058716,STDK_plus_QConvLSTM,-1.3338711261749268,-0.41843903064727783,0.1094549298286438
43,64,1,-1.057044267654419,STDK,-2.314370632171631,-1.9262899160385132,-1.350204348564148
43,64,1,-1.057044267654419,STDK_plus_QLSTM,-2.621511459350586,-1.7950639724731445,-0.9261684417724609
43,64,1,-1.057044267654419,STDK_plus_QConvLSTM,-2.7644424438476562,-2.013859510421753,-0.9502750635147095
43,64,2,-0.8812401294708252,STDK,-2.389516830444336,-2.0081987380981445,-1.4308249950408936
43,64,2,-0.8812401294708252,STDK_plus_QLSTM,-2.674708127975464,-1.8292615413665771,-0.9518035054206848
43,64,2,-0.8812401294708252,STDK_plus_QConvLSTM,-2.854907751083374,-2.1056363582611084,-1.0059090852737427
43,64,3,-1.0298854112625122,STDK,-2.5023860931396484,-2.123854637145996,-1.540830373764038
43,64,3,-1.0298854112625122,STDK_plus_QLSTM,-2.6850554943084717,-1.849016785621643,-0.9710267186164856
43,64,3,-1.0298854112625122,STDK_plus_QConvLSTM,-2.838888168334961,-2.0459728240966797,-0.9703242778778076
43,64,4,-1.4112334251403809,STDK,-2.60663104057312,-2.2271056175231934,-1.6341967582702637
43,64,4,-1.4112334251403809,STDK_plus_QLSTM,-2.6885623931884766,-1.8666434288024902,-0.987365186214447
43,64,4,-1.4112334251403809,STDK_plus_QConvLSTM,-2.8058977127075195,-2.040910482406616,-1.0211563110351562
43,64,5,-1.3539162874221802,STDK,-2.673814296722412,-2.289356231689453,-1.682180404663086
43,64,5,-1.3539162874221802,STDK_plus_QLSTM,-2.690502166748047,-1.8828861713409424,-1.0010753870010376
43,64,5,-1.3539162874221802,STDK_plus_QConvLSTM,-2.7462589740753174,-2.019890069961548,-0.9584484100341797
43,65,1,-0.3767092823982239,STDK,-1.9825716018676758,-1.624869704246521,-1.0054500102996826
43,65,1,-0.3767092823982239,STDK_plus_QLSTM,-2.247377872467041,-1.4746729135513306,-0.6646720170974731
43,65,1,-0.3767092823982239,STDK_plus_QConvLSTM,-1.8655216693878174,-1.1435539722442627,0.03644704818725586
43,65,2,-0.25041013956069946,STDK,-2.2406203746795654,-1.8891099691390991,-1.266101598739624
43,65,2,-0.25041013956069946,STDK_plus_QLSTM,-2.2296526432037354,-1.4475126266479492,-0.6289639472961426
43,65,2,-0.25041013956069946,STDK_plus_QConvLSTM,-1.882032871246338,-1.0799839496612549,0.10288786888122559
43,65,3,-0.8371354341506958,STDK,-2.4747817516326904,-2.1255249977111816,-1.4956883192062378
43,65,3,-0.8371354341506958,STDK_plus_QLSTM,-2.159625291824341,-1.3827978372573853,-0.5669359564781189
43,65,3,-0.8371354341506958,STDK_plus_QConvLSTM,-1.8558992147445679,-1.0153175592422485,0.14354372024536133
43,65,4,-0.7615823745727539,STDK,-2.648214101791382,-2.2977070808410645,-1.6574718952178955
43,65,4,-0.7615823745727539,STDK_plus_QLSTM,-2.062192440032959,-1.2996176481246948,-0.4959714412689209
43,65,4,-0.7615823745727539,STDK_plus_QConvLSTM,-1.9865808486938477,-1.1547085046768188,-0.029144287109375
43,65,5,-0.8447773456573486,STDK,-2.7472848892211914,-2.3920822143554688,-1.7391364574432373
43,65,5,-0.8447773456573486,STDK_plus_QLSTM,-1.9569941759109497,-1.2115979194641113,-0.4194982051849365
43,65,5,-0.8447773456573486,STDK_plus_QConvLSTM,-2.0814146995544434,-1.1287604570388794,-0.0029821395874023438
43,66,1,0.2583237290382385,STDK,-0.728542685508728,-0.27275726199150085,0.3167743384838104
43,66,1,0.2583237290382385,STDK_plus_QLSTM,-0.9470899701118469,-0.1779724508523941,0.7411732077598572
43,66,1,0.2583237290382385,STDK_plus_QConvLSTM,-0.8740723133087158,-0.2048678696155548,0.7065489292144775
43,66,2,0.3755638599395752,STDK,-0.8532507419586182,-0.3998910188674927,0.1939602494239807
43,66,2,0.3755638599395752,STDK_plus_QLSTM,-0.9936349391937256,-0.23113299906253815,0.7005772590637207
43,66,2,0.3755638599395752,STDK_plus_QConvLSTM,-0.8712896108627319,-0.19879980385303497,0.7428981065750122
43,66,3,0.31341761350631714,STDK,-0.9442542791366577,-0.49072426557540894,0.11087596416473389
43,66,3,0.31341761350631714,STDK_plus_QLSTM,-1.014538288116455,-0.2637382745742798,0.6713639497756958
43,66,3,0.31341761350631714,STDK_plus_QConvLSTM,-0.8289937973022461,-0.12875917553901672,0.7561445236206055
43,66,4,-0.22958439588546753,STDK,-1.033632516860962,-0.579058051109314,0.033133625984191895
43,66,4,-0.22958439588546753,STDK_plus_QLSTM,-1.0247427225112915,-0.28720682859420776,0.645723283290863
43,66,4,-0.22958439588546753,STDK_plus_QConvLSTM,-0.7632047533988953,-0.09392455965280533,0.7502956986427307
43,66,5,-0.3487333059310913,STDK,-1.1138283014297485,-0.6537060737609863,-0.028446853160858154
43,66,5,-0.3487333059310913,STDK_plus_QLSTM,-1.036853551864624,-0.3093218207359314,0.6220619678497314
43,66,5,-0.3487333059310913,STDK_plus_QConvLSTM,-0.7440747022628784,-0.035333868116140366,0.776782214641571
43,67,1,0.5109087228775024,STDK,0.5728021860122681,1.0603662729263306,1.686509609222412
43,67,1,0.5109087228775024,STDK_plus_QLSTM,0.2913479804992676,1.0549263954162598,1.9699523448944092
43,67,1,0.5109087228775024,STDK_plus_QConvLSTM,-0.31402355432510376,0.523795485496521,1.2421379089355469
43,67,2,0.38678282499313354,STDK,0.530811071395874,1.0087039470672607,1.6388201713562012
43,67,2,0.38678282499313354,STDK_plus_QLSTM,0.23282301425933838,0.9870927333831787,1.9113717079162598
43,67,2,0.38678282499313354,STDK_plus_QConvLSTM,-0.15607523918151855,0.6023147106170654,1.3422746658325195
43,67,3,0.35800057649612427,STDK,0.4264619052410126,0.8991499543190002,1.5370725393295288
43,67,3,0.35800057649612427,STDK_plus_QLSTM,0.17623615264892578,0.919811487197876,1.8379485607147217
43,67,3,0.35800057649612427,STDK_plus_QConvLSTM,-0.09968304634094238,0.6033076047897339,1.3529565334320068
43,67,4,0.12585559487342834,STDK,0.33504733443260193,0.8069311380386353,1.456608533859253
43,67,4,0.12585559487342834,STDK_plus_QLSTM,0.11094194650650024,0.8546000123023987,1.7652251720428467
43,67,4,0.12585559487342834,STDK_plus_QConvLSTM,-0.19736874103546143,0.6600282788276672,1.3465322256088257
43,67,5,0.8302847146987915,STDK,0.26441916823387146,0.7392457127571106,1.4025249481201172
43,67,5,0.8302847146987915,STDK_plus_QLSTM,0.04425513744354248,0.792243480682373,1.6872749328613281
43,67,5,0.8302847146987915,STDK_plus_QConvLSTM,-0.22831672430038452,0.6523849964141846,1.412894368171692
43,68,1,0.19490273296833038,STDK,0.040889620780944824,0.49632877111434937,1.1475569009780884
43,68,1,0.19490273296833038,STDK_plus_QLSTM,-0.18880951404571533,0.48142290115356445,1.431431770324707
43,68,1,0.19490273296833038,STDK_plus_QConvLSTM,-0.7073675394058228,0.14013215899467468,0.8954193592071533
43,68,2,0.4298558235168457,STDK,0.0268496572971344,0.47233477234840393,1.1279690265655518
43,68,2,0.4298558235168457,STDK_plus_QLSTM,-0.16089904308319092,0.5249735116958618,1.4597208499908447
43,68,2,0.4298558235168457,STDK_plus_QConvLSTM,-0.7911249399185181,0.08482666313648224,0.907056987285614
43,68,3,-0.15054039657115936,STDK,-0.08103111386299133,0.35758647322654724,1.0212241411209106
43,68,3,-0.15054039657115936,STDK_plus_QLSTM,-0.13962286710739136,0.5535109639167786,1.473371148109436
43,68,3,-0.15054039657115936,STDK_plus_QConvLSTM,-0.7556641101837158,0.07931830734014511,0.807960033416748
43,68,4,-0.6392304301261902,STDK,-0.16697466373443604,0.2681877315044403,0.9429144859313965
43,68,4,-0.6392304301261902,STDK_plus_QLSTM,-0.13133668899536133,0.564687192440033,1.471792459487915
43,68,4,-0.6392304301261902,STDK_plus_QConvLSTM,-0.7972923517227173,0.05449347198009491,0.8253423571586609
43,68,5,-0.12309630215167999,STDK,-0.2908661961555481,0.14225435256958008,0.8297232389450073
43,68,5,-0.12309630215167999,STDK_plus_QLSTM,-0.13463455438613892,0.5611840486526489,1.457796335220337
43,68,5,-0.12309630215167999,STDK_plus_QConvLSTM,-0.9024336934089661,-0.02774396911263466,0.8267088532447815
43,69,1,-0.7242932915687561,STDK,-0.5667616128921509,-0.07935237139463425,0.5728970766067505
43,69,1,-0.7242932915687561,STDK_plus_QLSTM,-0.5166338086128235,0.24697883427143097,1.20969557762146
43,69,1,-0.7242932915687561,STDK_plus_QConvLSTM,-1.6641366481781006,-0.5221471190452576,0.4417387843132019
43,69,2,0.21747983992099762,STDK,-0.8317615985870361,-0.34725481271743774,0.3082547187805176
43,69,2,0.21747983992099762,STDK_plus_QLSTM,-0.40051746368408203,0.35698288679122925,1.312016248703003
43,69,2,0.21747983992099762,STDK_plus_QConvLSTM,-1.6576662063598633,-0.538263738155365,0.4645516276359558
43,69,3,-0.5506663918495178,STDK,-1.089792013168335,-0.6038507223129272,0.058670103549957275
43,69,3,-0.5506663918495178,STDK_plus_QLSTM,-0.3109431862831116,0.441179096698761,1.3820316791534424
43,69,3,-0.5506663918495178,STDK_plus_QConvLSTM,-1.7628145217895508,-0.644824206829071,0.43740421533584595
43,69,4,-1.019606351852417,STDK,-1.2670440673828125,-0.7760459780693054,-0.10285931825637817
43,69,4,-1.019606351852417,STDK_plus_QLSTM,-0.23631471395492554,0.5140268206596375,1.4379329681396484
43,69,4,-1.019606351852417,STDK_plus_QConvLSTM,-1.634663462638855,-0.470772385597229,0.5052050352096558
43,69,5,-0.4933592975139618,STDK,-1.398032784461975,-0.9041688442230225,-0.2168981432914734
43,69,5,-0.4933592975139618,STDK_plus_QLSTM,-0.17005544900894165,0.5815017819404602,1.4926772117614746
43,69,5,-0.4933592975139618,STDK_plus_QConvLSTM,-1.5942174196243286,-0.41111627221107483,0.5308340787887573
43,70,1,-1.3282452821731567,STDK,-2.3237357139587402,-1.7376717329025269,-1.072481632232666
43,70,1,-1.3282452821731567,STDK_plus_QLSTM,-2.521188497543335,-1.6436020135879517,-0.6968731880187988
43,70,1,-1.3282452821731567,STDK_plus_QConvLSTM,-2.5854268074035645,-1.5769234895706177,-0.6758111119270325
43,70,2,-1.9321331977844238,STDK,-2.4952433109283447,-1.91138756275177,-1.2458677291870117
43,70,2,-1.9321331977844238,STDK_plus_QLSTM,-2.5244343280792236,-1.6325268745422363,-0.6757770776748657
43,70,2,-1.9321331977844238,STDK_plus_QConvLSTM,-2.5376877784729004,-1.5772604942321777,-0.5974479913711548
43,70,3,-1.1873314380645752,STDK,-2.672990322113037,-2.0878243446350098,-1.4185314178466797
43,70,3,-1.1873314380645752,STDK_plus_QLSTM,-2.509881019592285,-1.6191818714141846,-0.6674013733863831
43,70,3,-1.1873314380645752,STDK_plus_QConvLSTM,-2.42014741897583,-1.5438148975372314,-0.5227155685424805
43,70,4,-1.495349407196045,STDK,-2.7944862842559814,-2.2041549682617188,-1.5278702974319458
43,70,4,-1.495349407196045,STDK_plus_QLSTM,-2.5006537437438965,-1.613054633140564,-0.6703230738639832
43,70,4,-1.495349407196045,STDK_plus_QConvLSTM,-2.4020884037017822,-1.5281054973602295,-0.4411163330078125
43,70,5,-1.8193793296813965,STDK,-2.893101692199707,-2.294198513031006,-1.6063213348388672
43,70,5,-1.8193793296813965,STDK_plus_QLSTM,-2.4963061809539795,-1.6133626699447632,-0.6800801753997803
43,70,5,-1.8193793296813965,STDK_plus_QConvLSTM,-2.4539380073547363,-1.5977905988693237,-0.5468215942382812
43,71,1,-0.45768725872039795,STDK,-1.870469093322754,-1.300411581993103,-0.6549778580665588
43,71,1,-0.45768725872039795,STDK_plus_QLSTM,-2.082137107849121,-1.1891096830368042,-0.25275641679763794
43,71,1,-0.45768725872039795,STDK_plus_QConvLSTM,-2.576566696166992,-1.8322203159332275,-0.8906552195549011
43,71,2,-1.0775021314620972,STDK,-1.9576761722564697,-1.3900693655014038,-0.7441064715385437
43,71,2,-1.0775021314620972,STDK_plus_QLSTM,-2.0221664905548096,-1.1331322193145752,-0.18752431869506836
43,71,2,-1.0775021314620972,STDK_plus_QConvLSTM,-2.531050205230713,-1.738519549369812,-0.828585684299469
43,71,3,-0.8964493870735168,STDK,-2.123143434524536,-1.5543469190597534,-0.9038400053977966
43,71,3,-0.8964493870735168,STDK_plus_QLSTM,-1.968761920928955,-1.0818192958831787,-0.13489770889282227
43,71,3,-0.8964493870735168,STDK_plus_QConvLSTM,-2.4329347610473633,-1.5823476314544678,-0.7069294452667236
43,71,4,-0.8002914190292358,STDK,-2.2821578979492188,-1.7084813117980957,-1.0506174564361572
43,71,4,-0.8002914190292358,STDK_plus_QLSTM,-1.910468578338623,-1.0234172344207764,-0.07579326629638672
43,71,4,-0.8002914190292358,STDK_plus_QConvLSTM,-2.324411392211914,-1.451931118965149,-0.60567307472229
43,71,5,-0.9913873672485352,STDK,-2.4258413314819336,-1.8441784381866455,-1.1767387390136719
43,71,5,-0.9913873672485352,STDK_plus_QLSTM,-1.8512030839920044,-0.9622207880020142,-0.009979486465454102
43,71,5,-0.9913873672485352,STDK_plus_QConvLSTM,-2.42171573638916,-1.5659992694854736,-0.6193629503250122
43,72,1,0.7109476923942566,STDK,0.0483630895614624,0.5748627781867981,1.1635761260986328
43,72,1,0.7109476923942566,STDK_plus_QLSTM,-0.21715253591537476,0.5655619502067566,1.5303744077682495
43,72,1,0.7109476923942566,STDK_plus_QConvLSTM,-1.3053159713745117,-0.3368491232395172,0.7064127922058105
43,72,2,0.0028388425707817078,STDK,-0.03985762596130371,0.4833516478538513,1.0721948146820068
43,72,2,0.0028388425707817078,STDK_plus_QLSTM,-0.2122240662574768,0.5756075978279114,1.554546594619751
43,72,2,0.0028388425707817078,STDK_plus_QConvLSTM,-1.3895952701568604,-0.3738028407096863,0.5407716631889343
43,72,3,-0.15442439913749695,STDK,-0.10168024897575378,0.4230414927005768,1.0158133506774902
43,72,3,-0.15442439913749695,STDK_plus_QLSTM,-0.22382700443267822,0.5667862892150879,1.548644781112671
43,72,3,-0.15442439913749695,STDK_plus_QConvLSTM,-1.5476183891296387,-0.4772680103778839,0.4701492488384247
43,72,4,-0.3166213929653168,STDK,-0.1755886673927307,0.355351984500885,0.9552575349807739
43,72,4,-0.3166213929653168,STDK_plus_QLSTM,-0.25014442205429077,0.5429704785346985,1.5194894075393677
43,72,4,-0.3166213929653168,STDK_plus_QConvLSTM,-1.7153849601745605,-0.5652869343757629,0.3253064751625061
43,72,5,-0.1027023047208786,STDK,-0.20949077606201172,0.32688313722610474,0.9369344711303711
43,72,5,-0.1027023047208786,STDK_plus_QLSTM,-0.2867596745491028,0.5062800645828247,1.4721035957336426
43,72,5,-0.1027023047208786,STDK_plus_QConvLSTM,-1.7180659770965576,-0.6448206305503845,0.489230215549469
43,73,1,0.08443373441696167,STDK,-0.5356924533843994,-0.19363516569137573,0.4720262885093689
43,73,1,0.08443373441696167,STDK_plus_QLSTM,-0.9039534330368042,-0.11823656409978867,0.8624598979949951
43,73,1,0.08443373441696167,STDK_plus_QConvLSTM,-0.8651435375213623,-0.003465503454208374,0.9379167556762695
43,73,2,-0.46044015884399414,STDK,-0.6495311260223389,-0.31341320276260376,0.3540358543395996
43,73,2,-0.46044015884399414,STDK_plus_QLSTM,-0.9203359484672546,-0.14834201335906982,0.863646388053894
43,73,2,-0.46044015884399414,STDK_plus_QConvLSTM,-0.999545693397522,-0.16156277060508728,0.7295728921890259
43,73,3,0.422105610370636,STDK,-0.7611778974533081,-0.4272381663322449,0.2472529411315918
43,73,3,0.422105610370636,STDK_plus_QLSTM,-0.9359316825866699,-0.1754540503025055,0.8417013883590698
43,73,3,0.422105610370636,STDK_plus_QConvLSTM,-1.0262590646743774,-0.22177883982658386,0.7751280069351196
43,73,4,-0.2271794080734253,STDK,-0.9409346580505371,-0.6052305698394775,0.08270788192749023
43,73,4,-0.2271794080734253,STDK_plus_QLSTM,-0.9484215974807739,-0.19943955540657043,0.8215265274047852
43,73,4,-0.2271794080734253,STDK_plus_QConvLSTM,-1.0293952226638794,-0.2167424112558365,0.7510606050491333
43,73,5,-0.05233930051326752,STDK,-1.1017546653747559,-0.7608965635299683,-0.0454251766204834
43,73,5,-0.05233930051326752,STDK_plus_QLSTM,-0.9603973627090454,-0.2224714457988739,0.7854671478271484
43,73,5,-0.05233930051326752,STDK_plus_QConvLSTM,-1.1692808866500854,-0.32123348116874695,0.6533037424087524
43,74,1,1.2077797651290894,STDK,0.5284340381622314,0.8584964275360107,1.5224543809890747
43,74,1,1.2077797651290894,STDK_plus_QLSTM,0.24455827474594116,1.0345593690872192,1.8841478824615479
43,74,1,1.2077797651290894,STDK_plus_QConvLSTM,-0.038536250591278076,0.7852299213409424,1.7905995845794678
43,74,2,1.6562209129333496,STDK,0.3401980698108673,0.6641546487808228,1.3335909843444824
43,74,2,1.6562209129333496,STDK_plus_QLSTM,0.17543131113052368,0.9570479989051819,1.803808569908142
43,74,2,1.6562209129333496,STDK_plus_QConvLSTM,-0.17815852165222168,0.6405892372131348,1.6210269927978516
43,74,3,1.241661548614502,STDK,-0.014442861080169678,0.30708399415016174,0.9858323335647583
43,74,3,1.241661548614502,STDK_plus_QLSTM,0.13669908046722412,0.9079684019088745,1.7509853839874268
43,74,3,1.241661548614502,STDK_plus_QConvLSTM,-0.008666396141052246,0.7491297721862793,1.7834632396697998
43,74,4,1.7958366870880127,STDK,-0.334708034992218,-0.011831618845462799,0.6804823875427246
43,74,4,1.7958366870880127,STDK_plus_QLSTM,0.10923844575881958,0.8765172958374023,1.716758131980896
43,74,4,1.7958366870880127,STDK_plus_QConvLSTM,-0.03273111581802368,0.7217008471488953,1.7429933547973633
43,74,5,1.458777666091919,STDK,-0.4426271617412567,-0.11518284678459167,0.6048964262008667
43,74,5,1.458777666091919,STDK_plus_QLSTM,0.09059542417526245,0.85895836353302,1.6955740451812744
43,74,5,1.458777666091919,STDK_plus_QConvLSTM,0.16913366317749023,0.9173101782798767,1.8308181762695312
43,75,1,1.1122057437896729,STDK,0.03098154067993164,0.339378297328949,0.9557445049285889
43,75,1,1.1122057437896729,STDK_plus_QLSTM,-0.21322345733642578,0.49002301692962646,1.3589162826538086
43,75,1,1.1122057437896729,STDK_plus_QConvLSTM,-0.24961727857589722,0.42877447605133057,1.264315128326416
43,75,2,1.0006338357925415,STDK,-0.10818687081336975,0.19462114572525024,0.8152410984039307
43,75,2,1.0006338357925415,STDK_plus_QLSTM,-0.28778570890426636,0.4080415964126587,1.2918065786361694
43,75,2,1.0006338357925415,STDK_plus_QConvLSTM,-0.25223034620285034,0.48858505487442017,1.2651870250701904
43,75,3,1.3584206104278564,STDK,-0.2562630772590637,0.044421881437301636,0.6734391450881958
43,75,3,1.3584206104278564,STDK_plus_QLSTM,-0.35184556245803833,0.3407778739929199,1.2287547588348389
43,75,3,1.3584206104278564,STDK_plus_QConvLSTM,-0.21240472793579102,0.5383569002151489,1.4147611856460571
43,75,4,0.41798460483551025,STDK,-0.4575395882129669,-0.15544730424880981,0.4857712984085083
43,75,4,0.41798460483551025,STDK_plus_QLSTM,-0.4155423045158386,0.28473860025405884,1.1756713390350342
43,75,4,0.41798460483551025,STDK_plus_QConvLSTM,-0.2712431252002716,0.43284526467323303,1.2449451684951782
43,75,5,0.41645070910453796,STDK,-0.5666959285736084,-0.2604319453239441,0.395530104637146
43,75,5,0.41645070910453796,STDK_plus_QLSTM,-0.47281211614608765,0.2423904985189438,1.1359083652496338
43,75,5,0.41645070910453796,STDK_plus_QConvLSTM,-0.3482033610343933,0.49672049283981323,1.2310419082641602
43,76,1,0.568196713924408,STDK,-0.017389118671417236,0.3549433648586273,0.9211635589599609
43,76,1,0.568196713924408,STDK_plus_QLSTM,-0.44567424058914185,0.3225158452987671,1.270735740661621
43,76,1,0.568196713924408,STDK_plus_QConvLSTM,-0.08291858434677124,0.8000229001045227,1.6677595376968384
43,76,2,0.5456148386001587,STDK,-0.04255920648574829,0.32348868250846863,0.8920024633407593
43,76,2,0.5456148386001587,STDK_plus_QLSTM,-0.6074892282485962,0.1708652228116989,1.1255756616592407
43,76,2,0.5456148386001587,STDK_plus_QConvLSTM,-0.02003258466720581,0.8745824098587036,1.7298165559768677
43,76,3,0.1757006049156189,STDK,-0.07187753915786743,0.29192954301834106,0.8653664588928223
43,76,3,0.1757006049156189,STDK_plus_QLSTM,-0.7125260829925537,0.06314270198345184,1.025378942489624
43,76,3,0.1757006049156189,STDK_plus_QConvLSTM,0.07694470882415771,0.927834689617157,1.7376655340194702
43,76,4,-0.010356403887271881,STDK,-0.19023577868938446,0.17539368569850922,0.7575270533561707
43,76,4,-0.010356403887271881,STDK_plus_QLSTM,-0.7740456461906433,-0.008999060839414597,0.9619988203048706
43,76,4,-0.010356403887271881,STDK_plus_QConvLSTM,0.08189952373504639,0.8026654124259949,1.6618626117706299
43,76,5,0.38234370946884155,STDK,-0.2838265597820282,0.08710738271474838,0.6815272569656372
43,76,5,0.38234370946884155,STDK_plus_QLSTM,-0.8001318573951721,-0.05063511058688164,0.9255873560905457
43,76,5,0.38234370946884155,STDK_plus_QConvLSTM,0.15250474214553833,0.8231120109558105,1.7055864334106445
43,77,1,-0.38590627908706665,STDK,-1.1661994457244873,-0.6800162196159363,-0.12628746032714844
43,77,1,-0.38590627908706665,STDK_plus_QLSTM,-1.1980106830596924,-0.47149646282196045,0.3977048993110657
43,77,1,-0.38590627908706665,STDK_plus_QConvLSTM,-1.0431334972381592,-0.04709944874048233,0.9688599109649658
43,77,2,-0.2606891393661499,STDK,-1.447812557220459,-0.9712520837783813,-0.41590607166290283
43,77,2,-0.2606891393661499,STDK_plus_QLSTM,-1.2569763660430908,-0.552688717842102,0.31728827953338623
43,77,2,-0.2606891393661499,STDK_plus_QConvLSTM,-0.9326969385147095,0.07408919930458069,1.0377904176712036
43,77,3,-0.30912238359451294,STDK,-1.7371342182159424,-1.266263723373413,-0.7062934637069702
43,77,3,-0.30912238359451294,STDK_plus_QLSTM,-1.306952953338623,-0.61423259973526,0.26057666540145874
43,77,3,-0.30912238359451294,STDK_plus_QConvLSTM,-0.9893481731414795,0.03910662978887558,0.9893385171890259
43,77,4,-0.1970553994178772,STDK,-1.9925693273544312,-1.523746371269226,-0.9563691020011902
43,77,4,-0.1970553994178772,STDK_plus_QLSTM,-1.3463122844696045,-0.651114821434021,0.2298564314842224
43,77,4,-0.1970553994178772,STDK_plus_QConvLSTM,-1.2704031467437744,-0.25356197357177734,0.6423584222793579
43,77,5,0.39194270968437195,STDK,-2.17533540725708,-1.7055293321609497,-1.1284775733947754
43,77,5,0.39194270968437195,STDK_plus_QLSTM,-1.371810793876648,-0.6606892347335815,0.22718966007232666
43,77,5,0.39194270968437195,STDK_plus_QConvLSTM,-1.3479256629943848,-0.33179187774658203,0.6564740538597107
43,78,1,0.2014627307653427,STDK,-0.1468943953514099,0.3415758013725281,0.9709132313728333
43,78,1,0.2014627307653427,STDK_plus_QLSTM,-0.3806585371494293,0.40591999888420105,1.329491376876831
43,78,1,0.2014627307653427,STDK_plus_QConvLSTM,-0.5937721133232117,0.3037150502204895,0.9659035801887512
43,78,2,0.34368085861206055,STDK,-0.17105886340141296,0.30708977580070496,0.9403196573257446
43,78,2,0.34368085861206055,STDK_plus_QLSTM,-0.3851056396961212,0.39689818024635315,1.3410896062850952
43,78,2,0.34368085861206055,STDK_plus_QConvLSTM,-0.7321870923042297,0.10311125963926315,0.8122052550315857
43,78,3,0.30076462030410767,STDK,-0.3361051678657532,0.1325773000717163,0.7731647491455078
43,78,3,0.30076462030410767,STDK_plus_QLSTM,-0.38432785868644714,0.39767828583717346,1.3511487245559692
43,78,3,0.30076462030410767,STDK_plus_QConvLSTM,-0.9031705260276794,-0.06748968362808228,0.6484301090240479
43,78,4,-0.40954238176345825,STDK,-0.45528656244277954,0.0068634673953056335,0.658275842666626
43,78,4,-0.40954238176345825,STDK_plus_QLSTM,-0.3799661099910736,0.4069778025150299,1.3569080829620361
43,78,4,-0.40954238176345825,STDK_plus_QConvLSTM,-0.956917405128479,-0.13714537024497986,0.5815550088882446
43,78,5,-0.0811913013458252,STDK,-0.5478272438049316,-0.0891086757183075,0.5747687816619873
43,78,5,-0.0811913013458252,STDK_plus_QLSTM,-0.3718319833278656,0.42099955677986145,1.365070104598999
43,78,5,-0.0811913013458252,STDK_plus_QConvLSTM,-1.1326074600219727,-0.2783210277557373,0.48505836725234985
43,79,1,-0.5461152791976929,STDK,-1.285263180732727,-0.8341892957687378,-0.24528217315673828
43,79,1,-0.5461152791976929,STDK_plus_QLSTM,-1.2428640127182007,-0.44894319772720337,0.38661640882492065
43,79,1,-0.5461152791976929,STDK_plus_QConvLSTM,-1.6605515480041504,-0.786532998085022,-0.0455814003944397
43,79,2,-0.43063414096832275,STDK,-1.5326452255249023,-1.0938457250595093,-0.5032899975776672
43,79,2,-0.43063414096832275,STDK_plus_QLSTM,-1.2132117748260498,-0.42192167043685913,0.4337364435195923
43,79,2,-0.43063414096832275,STDK_plus_QConvLSTM,-1.653620719909668,-0.8071306943893433,-0.0807676911354065
43,79,3,-0.8033344149589539,STDK,-1.720604419708252,-1.290504813194275,-0.6956863403320312
43,79,3,-0.8033344149589539,STDK_plus_QLSTM,-1.2001099586486816,-0.41607457399368286,0.4488157033920288
43,79,3,-0.8033344149589539,STDK_plus_QConvLSTM,-1.7325879335403442,-0.8061326146125793,-0.18566012382507324
43,79,4,-1.705094337463379,STDK,-1.8754462003707886,-1.4504801034927368,-0.849026620388031
43,79,4,-1.705094337463379,STDK_plus_QLSTM,-1.1871082782745361,-0.4056338667869568,0.4584653377532959
43,79,4,-1.705094337463379,STDK_plus_QConvLSTM,-1.688240885734558,-0.7425908446311951,-0.07098662853240967
43,79,5,-0.19114530086517334,STDK,-1.9839482307434082,-1.5606993436813354,-0.9506651163101196
43,79,5,-0.19114530086517334,STDK_plus_QLSTM,-1.1634575128555298,-0.38017237186431885,0.48091864585876465
43,79,5,-0.19114530086517334,STDK_plus_QConvLSTM,-1.620063304901123,-0.6924174427986145,-0.05627846717834473
43,80,1,-2.3645071983337402,STDK,-2.289167881011963,-1.7397743463516235,-1.1156903505325317
43,80,1,-2.3645071983337402,STDK_plus_QLSTM,-2.6088733673095703,-1.7225526571273804,-0.7676692008972168
43,80,1,-2.3645071983337402,STDK_plus_QConvLSTM,-2.651268482208252,-1.67937433719635,-0.8594663143157959
43,80,2,-2.7112462520599365,STDK,-2.3225364685058594,-1.7756829261779785,-1.1519362926483154
43,80,2,-2.7112462520599365,STDK_plus_QLSTM,-2.6394293308258057,-1.7496575117111206,-0.7812895178794861
43,80,2,-2.7112462520599365,STDK_plus_QConvLSTM,-2.6267294883728027,-1.637415885925293,-0.8857919573783875
43,80,3,-2.4770894050598145,STDK,-2.384833574295044,-1.836890697479248,-1.2090165615081787
43,80,3,-2.4770894050598145,STDK_plus_QLSTM,-2.6518325805664062,-1.7675586938858032,-0.7928147912025452
43,80,3,-2.4770894050598145,STDK_plus_QConvLSTM,-2.7159600257873535,-1.6662688255310059,-0.8825633525848389
43,80,4,-2.545055389404297,STDK,-2.4563376903533936,-1.9036718606948853,-1.2671624422073364
43,80,4,-2.545055389404297,STDK_plus_QLSTM,-2.6609883308410645,-1.7817448377609253,-0.8007577657699585
43,80,4,-2.545055389404297,STDK_plus_QConvLSTM,-2.652988910675049,-1.6527767181396484,-0.8133723735809326
43,80,5,-2.253962278366089,STDK,-2.566056251525879,-2.005159378051758,-1.356252908706665
43,80,5,-2.253962278366089,STDK_plus_QLSTM,-2.6664888858795166,-1.7907480001449585,-0.8078970313072205
43,80,5,-2.253962278366089,STDK_plus_QConvLSTM,-2.705662727355957,-1.7322677373886108,-0.79269939661026
43,81,1,-1.5406842231750488,STDK,-2.2575249671936035,-1.7038654088974,-1.1083533763885498
43,81,1,-1.5406842231750488,STDK_plus_QLSTM,-2.5057811737060547,-1.6505603790283203,-0.7528069615364075
43,81,1,-1.5406842231750488,STDK_plus_QConvLSTM,-2.5405125617980957,-1.6061803102493286,-0.7235798239707947
43,81,2,-1.8612651824951172,STDK,-2.296292304992676,-1.7449487447738647,-1.1486845016479492
43,81,2,-1.8612651824951172,STDK_plus_QLSTM,-2.49422025680542,-1.6426177024841309,-0.7501952648162842
43,81,2,-1.8612651824951172,STDK_plus_QConvLSTM,-2.569450855255127,-1.6067230701446533,-0.7730231285095215
43,81,3,-1.4628933668136597,STDK,-2.34550142288208,-1.7931686639785767,-1.1920173168182373
43,81,3,-1.4628933668136597,STDK_plus_QLSTM,-2.4922499656677246,-1.6449551582336426,-0.7530137896537781
43,81,3,-1.4628933668136597,STDK_plus_QConvLSTM,-2.5042269229888916,-1.5916330814361572,-0.7519246935844421
43,81,4,-1.797358512878418,STDK,-2.4138121604919434,-1.857131838798523,-1.2470860481262207
43,81,4,-1.797358512878418,STDK_plus_QLSTM,-2.4966940879821777,-1.6538059711456299,-0.7699806094169617
43,81,4,-1.797358512878418,STDK_plus_QConvLSTM,-2.5242502689361572,-1.641917109489441,-0.8129354119300842
43,81,5,-2.2498912811279297,STDK,-2.470914602279663,-1.9068347215652466,-1.286468267440796
43,81,5,-2.2498912811279297,STDK_plus_QLSTM,-2.5049099922180176,-1.666670322418213,-0.7907965183258057
43,81,5,-2.2498912811279297,STDK_plus_QConvLSTM,-2.523672580718994,-1.5968239307403564,-0.709154486656189
43,82,1,-0.20811526477336884,STDK,-0.117154061794281,0.30914753675460815,0.8590678572654724
43,82,1,-0.20811526477336884,STDK_plus_QLSTM,-0.4405364990234375,0.2602989077568054,1.175365686416626
43,82,1,-0.20811526477336884,STDK_plus_QConvLSTM,-1.1291784048080444,-0.21710330247879028,0.6446166634559631
43,82,2,-0.6631301641464233,STDK,-0.10597339272499084,0.31256139278411865,0.863978385925293
43,82,2,-0.6631301641464233,STDK_plus_QLSTM,-0.41868865489959717,0.29517972469329834,1.2145977020263672
43,82,2,-0.6631301641464233,STDK_plus_QConvLSTM,-0.8409507274627686,0.03714734688401222,0.8654391169548035
43,82,3,0.17451760172843933,STDK,-0.11906030774116516,0.2966005802154541,0.8537675738334656
43,82,3,0.17451760172843933,STDK_plus_QLSTM,-0.40977948904037476,0.31306034326553345,1.2316843271255493
43,82,3,0.17451760172843933,STDK_plus_QConvLSTM,-0.8134481906890869,0.07976642996072769,0.9542211890220642
43,82,4,-0.5294983983039856,STDK,-0.21336424350738525,0.20386195182800293,0.7702906131744385
43,82,4,-0.5294983983039856,STDK_plus_QLSTM,-0.40427422523498535,0.3177604675292969,1.235539436340332
43,82,4,-0.5294983983039856,STDK_plus_QConvLSTM,-0.6731705665588379,0.32192233204841614,1.1863069534301758
43,82,5,0.06872369349002838,STDK,-0.27137666940689087,0.15136906504631042,0.7299977540969849
43,82,5,0.06872369349002838,STDK_plus_QLSTM,-0.40455788373947144,0.30884039402008057,1.22652006149292
43,82,5,0.06872369349002838,STDK_plus_QConvLSTM,-0.5538902282714844,0.4428962469100952,1.2917869091033936
43,83,1,0.08627372980117798,STDK,-1.0359628200531006,-0.6177645325660706,-0.045985519886016846
43,83,1,0.08627372980117798,STDK_plus_QLSTM,-1.3650200366973877,-0.561832845211029,0.39786016941070557
43,83,1,0.08627372980117798,STDK_plus_QConvLSTM,-1.68120276927948,-0.6604647636413574,0.19405460357666016
43,83,2,-0.3668941855430603,STDK,-1.1012216806411743,-0.6905558109283447,-0.11643481254577637
43,83,2,-0.3668941855430603,STDK_plus_QLSTM,-1.3430908918380737,-0.5353587865829468,0.4608474373817444
43,83,2,-0.3668941855430603,STDK_plus_QConvLSTM,-1.6846075057983398,-0.7179339528083801,0.18919211626052856
43,83,3,-0.3246253728866577,STDK,-1.2010321617126465,-0.7931184768676758,-0.21163535118103027
43,83,3,-0.3246253728866577,STDK_plus_QLSTM,-1.3217973709106445,-0.5169315338134766,0.5074831247329712
43,83,3,-0.3246253728866577,STDK_plus_QConvLSTM,-1.6323210000991821,-0.6015579700469971,0.26630765199661255
43,83,4,-0.9933163523674011,STDK,-1.2784209251403809,-0.8686769008636475,-0.2757794260978699
43,83,4,-0.9933163523674011,STDK_plus_QLSTM,-1.307408332824707,-0.50739985704422,0.5337182879447937
43,83,4,-0.9933163523674011,STDK_plus_QConvLSTM,-1.6086177825927734,-0.576206386089325,0.2320951223373413
43,83,5,-0.7626763582229614,STDK,-1.342022180557251,-0.9264586567878723,-0.31911635398864746
43,83,5,-0.7626763582229614,STDK_plus_QLSTM,-1.300002932548523,-0.5045764446258545,0.5316383838653564
43,83,5,-0.7626763582229614,STDK_plus_QConvLSTM,-1.5216612815856934,-0.4835083782672882,0.33561059832572937
43,84,1,-1.039109230041504,STDK,-1.467054843902588,-1.0323086977005005,-0.4776972532272339
43,84,1,-1.039109230041504,STDK_plus_QLSTM,-1.7342464923858643,-0.9763358235359192,-0.15739095211029053
43,84,1,-1.039109230041504,STDK_plus_QConvLSTM,-1.9041239023208618,-0.7353365421295166,-0.1277523636817932
43,84,2,-1.210815191268921,STDK,-1.559215784072876,-1.132171630859375,-0.573809802532196
43,84,2,-1.210815191268921,STDK_plus_QLSTM,-1.7120211124420166,-0.9592308402061462,-0.13400810956954956
43,84,2,-1.210815191268921,STDK_plus_QConvLSTM,-1.9392046928405762,-0.8054577112197876,-0.18001621961593628
43,84,3,-0.7046223878860474,STDK,-1.7208456993103027,-1.2969330549240112,-0.730802595615387
43,84,3,-0.7046223878860474,STDK_plus_QLSTM,-1.6782792806625366,-0.9310429096221924,-0.09778839349746704
43,84,3,-0.7046223878860474,STDK_plus_QConvLSTM,-1.8999226093292236,-0.7971835732460022,-0.020549118518829346
43,84,4,-0.9630463719367981,STDK,-1.8391077518463135,-1.4136279821395874,-0.8361167311668396
43,84,4,-0.9630463719367981,STDK_plus_QLSTM,-1.6308889389038086,-0.8852609992027283,-0.03917741775512695
43,84,4,-0.9630463719367981,STDK_plus_QConvLSTM,-1.9131524562835693,-0.791221559047699,0.014583230018615723
43,84,5,-0.560454249382019,STDK,-1.9073562622070312,-1.4759613275527954,-0.8835678696632385
43,84,5,-0.560454249382019,STDK_plus_QLSTM,-1.5705537796020508,-0.8221089839935303,0.035237669944763184
43,84,5,-0.560454249382019,STDK_plus_QConvLSTM,-2.0251221656799316,-0.8720796704292297,-0.09695577621459961
43,85,1,-0.19216327369213104,STDK,-1.186427354812622,-0.7078865766525269,-0.10759848356246948
43,85,1,-0.19216327369213104,STDK_plus_QLSTM,-1.3758527040481567,-0.6730300188064575,0.17124700546264648
43,85,1,-0.19216327369213104,STDK_plus_QConvLSTM,-0.8706703186035156,-0.0064524076879024506,0.8052856922149658
43,85,2,-0.1286301612854004,STDK,-1.3437042236328125,-0.8671251535415649,-0.26234185695648193
43,85,2,-0.1286301612854004,STDK_plus_QLSTM,-1.4258897304534912,-0.7574955224990845,0.0857725739479065
43,85,2,-0.1286301612854004,STDK_plus_QConvLSTM,-0.8487821221351624,0.0017948993481695652,0.8728467226028442
43,85,3,0.1615425944328308,STDK,-1.4437307119369507,-0.9648194909095764,-0.35201793909072876
43,85,3,0.1615425944328308,STDK_plus_QLSTM,-1.427103042602539,-0.7878035306930542,0.05249941349029541
43,85,3,0.1615425944328308,STDK_plus_QConvLSTM,-0.9408633708953857,-0.02687305398285389,0.8204280138015747
43,85,4,0.41077759861946106,STDK,-1.495958685874939,-1.015015721321106,-0.3903190493583679
43,85,4,0.41077759861946106,STDK_plus_QLSTM,-1.4093295335769653,-0.7834111452102661,0.055241942405700684
43,85,4,0.41077759861946106,STDK_plus_QConvLSTM,-1.0349903106689453,-0.17310231924057007,0.7092422842979431
43,85,5,0.5543386936187744,STDK,-1.5165287256240845,-1.0303593873977661,-0.3905410170555115
43,85,5,0.5543386936187744,STDK_plus_QLSTM,-1.3944742679595947,-0.765473484992981,0.07259345054626465
43,85,5,0.5543386936187744,STDK_plus_QConvLSTM,-1.0885612964630127,-0.2625282108783722,0.5734176635742188
43,86,1,-0.9773922562599182,STDK,-1.9517486095428467,-1.522086262702942,-0.9679552912712097
43,86,1,-0.9773922562599182,STDK_plus_QLSTM,-2.0800979137420654,-1.2760987281799316,-0.4253140687942505
43,86,1,-0.9773922562599182,STDK_plus_QConvLSTM,-1.4153859615325928,-0.49025994539260864,0.601492702960968
43,86,2,-0.8879011273384094,STDK,-2.2681326866149902,-1.8467228412628174,-1.2908002138137817
43,86,2,-0.8879011273384094,STDK_plus_QLSTM,-2.1405887603759766,-1.3353617191314697,-0.466556191444397
43,86,2,-0.8879011273384094,STDK_plus_QConvLSTM,-1.3970556259155273,-0.5192343592643738,0.5515429377555847
43,86,3,-0.9942224025726318,STDK,-2.531235694885254,-2.1132092475891113,-1.5529271364212036
43,86,3,-0.9942224025726318,STDK_plus_QLSTM,-2.1735451221466064,-1.3697367906570435,-0.4965006113052368
43,86,3,-0.9942224025726318,STDK_plus_QConvLSTM,-1.56498384475708,-0.7444139122962952,0.37442392110824585
43,86,4,-1.671905517578125,STDK,-2.732391595840454,-2.314683437347412,-1.747826337814331
43,86,4,-1.671905517578125,STDK_plus_QLSTM,-2.1820569038391113,-1.382196307182312,-0.5084206461906433
43,86,4,-1.671905517578125,STDK_plus_QConvLSTM,-1.7138206958770752,-0.8679146766662598,0.267422080039978
43,86,5,-1.4700373411178589,STDK,-2.862771987915039,-2.4420413970947266,-1.8668394088745117
43,86,5,-1.4700373411178589,STDK_plus_QLSTM,-2.1700267791748047,-1.3766576051712036,-0.5055821537971497
43,86,5,-1.4700373411178589,STDK_plus_QConvLSTM,-1.8716222047805786,-1.0178147554397583,0.12968218326568604
43,87,1,2.0622806549072266,STDK,0.6756035089492798,1.1700178384780884,1.699894666671753
43,87,1,2.0622806549072266,STDK_plus_QLSTM,0.7636675238609314,1.4677152633666992,2.3259048461914062
43,87,1,2.0622806549072266,STDK_plus_QConvLSTM,0.8005168437957764,1.7815217971801758,2.5416688919067383
43,87,2,1.898789882659912,STDK,0.27487611770629883,0.7593992352485657,1.2895923852920532
43,87,2,1.898789882659912,STDK_plus_QLSTM,0.6361252665519714,1.329363465309143,2.1863715648651123
43,87,2,1.898789882659912,STDK_plus_QConvLSTM,0.7847787737846375,1.7728065252304077,2.5271995067596436
43,87,3,2.2536017894744873,STDK,-0.12229305505752563,0.35680022835731506,0.8907248973846436
43,87,3,2.2536017894744873,STDK_plus_QLSTM,0.5481643080711365,1.224404215812683,2.0929694175720215
43,87,3,2.2536017894744873,STDK_plus_QConvLSTM,0.7180237770080566,1.699170708656311,2.5113003253936768
43,87,4,2.4494056701660156,STDK,-0.35377854108810425,0.12447018921375275,0.6648163795471191
43,87,4,2.4494056701660156,STDK_plus_QLSTM,0.4639541506767273,1.139017939567566,2.036733865737915
43,87,4,2.4494056701660156,STDK_plus_QConvLSTM,0.7785804867744446,1.6382153034210205,2.6422667503356934
43,87,5,2.7932496070861816,STDK,-0.4034487009048462,0.07823013514280319,0.6276176571846008
43,87,5,2.7932496070861816,STDK_plus_QLSTM,0.3833974003791809,1.0738352537155151,1.9839293956756592
43,87,5,2.7932496070861816,STDK_plus_QConvLSTM,0.83827805519104,1.7615330219268799,2.742140769958496
43,88,1,0.3230557441711426,STDK,-1.1294002532958984,-0.6069543361663818,-0.018482863903045654
43,88,1,0.3230557441711426,STDK_plus_QLSTM,-1.2788050174713135,-0.46654897928237915,0.4486156702041626
43,88,1,0.3230557441711426,STDK_plus_QConvLSTM,-1.1199408769607544,-0.1300709843635559,0.8687547445297241
43,88,2,-0.10624516010284424,STDK,-1.3205723762512207,-0.8062257766723633,-0.21465247869491577
43,88,2,-0.10624516010284424,STDK_plus_QLSTM,-1.317491054534912,-0.5123646259307861,0.3860434889793396
43,88,2,-0.10624516010284424,STDK_plus_QConvLSTM,-1.3051210641860962,-0.33185550570487976,0.6759560108184814
43,88,3,-0.22464941442012787,STDK,-1.4738788604736328,-0.9651075601577759,-0.367318332195282
43,88,3,-0.22464941442012787,STDK_plus_QLSTM,-1.3057215213775635,-0.5096858143806458,0.3901525139808655
43,88,3,-0.22464941442012787,STDK_plus_QConvLSTM,-1.339953064918518,-0.47178059816360474,0.5815941691398621
43,88,4,-0.9989413619041443,STDK,-1.64528226852417,-1.1383919715881348,-0.5314683318138123
43,88,4,-0.9989413619041443,STDK_plus_QLSTM,-1.2696833610534668,-0.4841526746749878,0.42933064699172974
43,88,4,-0.9989413619041443,STDK_plus_QConvLSTM,-1.6179633140563965,-0.6650956273078918,0.3163989782333374
43,88,5,-0.8507843017578125,STDK,-1.8030500411987305,-1.295595407485962,-0.6771530508995056
43,88,5,-0.8507843017578125,STDK_plus_QLSTM,-1.2233636379241943,-0.4491877555847168,0.47589200735092163
43,88,5,-0.8507843017578125,STDK_plus_QConvLSTM,-1.6386882066726685,-0.7743427157402039,0.293870747089386
43,89,1,0.667191743850708,STDK,-0.27423393726348877,0.28374528884887695,0.8080229163169861
43,89,1,0.667191743850708,STDK_plus_QLSTM,-0.42328816652297974,0.413430392742157,1.3585710525512695
43,89,1,0.667191743850708,STDK_plus_QConvLSTM,-0.21925342082977295,0.7306404113769531,1.563187599182129
43,89,2,0.5702598690986633,STDK,-0.5675367712974548,-0.012405164539813995,0.510388970375061
43,89,2,0.5702598690986633,STDK_plus_QLSTM,-0.4771668314933777,0.3544763922691345,1.3148431777954102
43,89,2,0.5702598690986633,STDK_plus_QConvLSTM,-0.42384231090545654,0.573908805847168,1.28744375705719
43,89,3,0.2069265991449356,STDK,-0.8240816593170166,-0.26801598072052,0.2575604319572449
43,89,3,0.2069265991449356,STDK_plus_QLSTM,-0.5102388262748718,0.3209831118583679,1.2949271202087402
43,89,3,0.2069265991449356,STDK_plus_QConvLSTM,-0.564205527305603,0.47014710307121277,1.2465935945510864
43,89,4,-0.03550440073013306,STDK,-1.1383147239685059,-0.5775084495544434,-0.0446314811706543
43,89,4,-0.03550440073013306,STDK_plus_QLSTM,-0.5329963564872742,0.3003637194633484,1.288275122642517
43,89,4,-0.03550440073013306,STDK_plus_QConvLSTM,-0.7817752957344055,0.17288339138031006,1.0439634323120117
43,89,5,0.9491087198257446,STDK,-1.3227486610412598,-0.7543770670890808,-0.21177464723587036
43,89,5,0.9491087198257446,STDK_plus_QLSTM,-0.5444545149803162,0.2874254584312439,1.2688536643981934
43,89,5,0.9491087198257446,STDK_plus_QConvLSTM,-0.8941237926483154,0.04974772036075592,0.9636339545249939
43,90,1,0.7918997406959534,STDK,-0.376587450504303,0.10867126286029816,0.6839725971221924
43,90,1,0.7918997406959534,STDK_plus_QLSTM,-0.5445458292961121,0.15347421169281006,1.0419236421585083
43,90,1,0.7918997406959534,STDK_plus_QConvLSTM,-1.377500295639038,-0.4156365394592285,0.4338691830635071
43,90,2,-0.19914816319942474,STDK,-0.3933413028717041,0.08924281597137451,0.664149820804596
43,90,2,-0.19914816319942474,STDK_plus_QLSTM,-0.5325667858123779,0.17455735802650452,1.0991333723068237
43,90,2,-0.19914816319942474,STDK_plus_QConvLSTM,-1.1615568399429321,-0.3201981782913208,0.503228485584259
43,90,3,0.2553545832633972,STDK,-0.37346920371055603,0.1100136935710907,0.6885706186294556
43,90,3,0.2553545832633972,STDK_plus_QLSTM,-0.5237917900085449,0.1914137601852417,1.1848902702331543
43,90,3,0.2553545832633972,STDK_plus_QConvLSTM,-1.1592209339141846,-0.2276814579963684,0.5645835399627686
43,90,4,-0.08982940018177032,STDK,-0.37618035078048706,0.11181777715682983,0.6979690790176392
43,90,4,-0.08982940018177032,STDK_plus_QLSTM,-0.5104004144668579,0.2083793580532074,1.2182074785232544
43,90,4,-0.08982940018177032,STDK_plus_QConvLSTM,-1.0039949417114258,-0.08477063477039337,0.720043957233429
43,90,5,-0.3138422966003418,STDK,-0.3836841285228729,0.11163228750228882,0.7080598473548889
43,90,5,-0.3138422966003418,STDK_plus_QLSTM,-0.49527013301849365,0.22371363639831543,1.225332498550415
43,90,5,-0.3138422966003418,STDK_plus_QConvLSTM,-1.010582447052002,-0.07979316264390945,0.7973371744155884
43,91,1,0.6767436861991882,STDK,-0.192825049161911,0.24625790119171143,0.8148494362831116
43,91,1,0.6767436861991882,STDK_plus_QLSTM,-0.3858809769153595,0.304777055978775,1.2179754972457886
43,91,1,0.6767436861991882,STDK_plus_QConvLSTM,-0.1681610345840454,0.6658624410629272,1.4595813751220703
43,91,2,0.2041008472442627,STDK,-0.24885332584381104,0.18802902102470398,0.7576191425323486
43,91,2,0.2041008472442627,STDK_plus_QLSTM,-0.3791750967502594,0.3105446398258209,1.2366400957107544
43,91,2,0.2041008472442627,STDK_plus_QConvLSTM,-0.1720273494720459,0.7063658833503723,1.5635091066360474
43,91,3,0.49093061685562134,STDK,-0.3001421093940735,0.1389317363500595,0.7126457691192627
43,91,3,0.49093061685562134,STDK_plus_QLSTM,-0.3700465261936188,0.31772276759147644,1.2472238540649414
43,91,3,0.49093061685562134,STDK_plus_QConvLSTM,-0.024638473987579346,0.8102240562438965,1.7103991508483887
43,91,4,0.6557546257972717,STDK,-0.34280896186828613,0.09937825053930283,0.6806994080543518
43,91,4,0.6557546257972717,STDK_plus_QLSTM,-0.35717031359672546,0.3288516104221344,1.2564363479614258
43,91,4,0.6557546257972717,STDK_plus_QConvLSTM,-0.028336405754089355,0.8091498613357544,1.6563565731048584
43,91,5,0.6968357563018799,STDK,-0.3772333860397339,0.06978421658277512,0.661795973777771
43,91,5,0.6968357563018799,STDK_plus_QLSTM,-0.3435627520084381,0.3410585820674896,1.2622286081314087
43,91,5,0.6968357563018799,STDK_plus_QConvLSTM,-0.02879387140274048,0.7481719255447388,1.6205286979675293
43,92,1,1.1772347688674927,STDK,0.038119614124298096,0.4170800447463989,0.9607630968093872
43,92,1,1.1772347688674927,STDK_plus_QLSTM,-0.21293222904205322,0.5076637864112854,1.5015523433685303
43,92,1,1.1772347688674927,STDK_plus_QConvLSTM,0.04587054252624512,0.8200998306274414,1.8264809846878052
43,92,2,0.11524683982133865,STDK,0.003886282444000244,0.37606438994407654,0.9233938455581665
43,92,2,0.11524683982133865,STDK_plus_QLSTM,-0.19646787643432617,0.5316956043243408,1.5359841585159302
43,92,2,0.11524683982133865,STDK_plus_QConvLSTM,0.09033888578414917,0.8488882780075073,1.865598201751709
43,92,3,1.5637426376342773,STDK,-0.008985966444015503,0.3604581654071808,0.9148838520050049
43,92,3,1.5637426376342773,STDK_plus_QLSTM,-0.15590113401412964,0.5713893175125122,1.5824871063232422
43,92,3,1.5637426376342773,STDK_plus_QConvLSTM,0.11657387018203735,0.8855143785476685,1.8194139003753662
43,92,4,0.7314655780792236,STDK,-0.009016305208206177,0.36191850900650024,0.9260907769203186
43,92,4,0.7314655780792236,STDK_plus_QLSTM,-0.094818115234375,0.6269873976707458,1.639955997467041
43,92,4,0.7314655780792236,STDK_plus_QConvLSTM,0.15253055095672607,0.9677560329437256,1.8971035480499268
43,92,5,0.9891196489334106,STDK,0.000421375036239624,0.3767277002334595,0.9529278874397278
43,92,5,0.9891196489334106,STDK_plus_QLSTM,-0.024918079376220703,0.6898420453071594,1.6932857036590576
43,92,5,0.9891196489334106,STDK_plus_QConvLSTM,0.1709616780281067,0.9523481726646423,1.8503053188323975
43,93,1,0.3213907480239868,STDK,-0.5026482939720154,-0.12306256592273712,0.39597558975219727
43,93,1,0.3213907480239868,STDK_plus_QLSTM,-0.8428894281387329,-0.10898956656455994,0.7437570095062256
43,93,1,0.3213907480239868,STDK_plus_QConvLSTM,-0.9279564619064331,-0.2794082760810852,0.36394375562667847
43,93,2,-0.519361138343811,STDK,-0.5607926249504089,-0.187993124127388,0.33467400074005127
43,93,2,-0.519361138343811,STDK_plus_QLSTM,-0.8948911428451538,-0.14640763401985168,0.7131842374801636
43,93,2,-0.519361138343811,STDK_plus_QConvLSTM,-0.9598475694656372,-0.3058697283267975,0.3684816062450409
43,93,3,-0.06012339890003204,STDK,-0.6471854448318481,-0.27715545892715454,0.25233590602874756
43,93,3,-0.06012339890003204,STDK_plus_QLSTM,-0.9440759420394897,-0.18527355790138245,0.6768885850906372
43,93,3,-0.06012339890003204,STDK_plus_QConvLSTM,-1.022477626800537,-0.23758092522621155,0.38689032196998596
43,93,4,0.5665085911750793,STDK,-0.7090373039245605,-0.3376320004463196,0.20140302181243896
43,93,4,0.5665085911750793,STDK_plus_QLSTM,-0.992292046546936,-0.22526291012763977,0.6374387741088867
43,93,4,0.5665085911750793,STDK_plus_QConvLSTM,-1.1828829050064087,-0.39630767703056335,0.2665906846523285
43,93,5,0.9728386402130127,STDK,-0.7517120838165283,-0.3748862147331238,0.17606186866760254
43,93,5,0.9728386402130127,STDK_plus_QLSTM,-1.0375034809112549,-0.2658569812774658,0.5932815074920654
43,93,5,0.9728386402130127,STDK_plus_QConvLSTM,-1.4070875644683838,-0.47943195700645447,0.15882018208503723
43,94,1,-1.4052332639694214,STDK,-2.200848340988159,-1.6982606649398804,-1.1111156940460205
43,94,1,-1.4052332639694214,STDK_plus_QLSTM,-2.4160025119781494,-1.7471563816070557,-0.8002475500106812
43,94,1,-1.4052332639694214,STDK_plus_QConvLSTM,-2.119415760040283,-1.0491472482681274,-0.3354427218437195
43,94,2,-1.4676971435546875,STDK,-2.2130799293518066,-1.7120321989059448,-1.1197326183319092
43,94,2,-1.4676971435546875,STDK_plus_QLSTM,-2.4049909114837646,-1.74611496925354,-0.7714804410934448
43,94,2,-1.4676971435546875,STDK_plus_QConvLSTM,-2.227738857269287,-1.146020531654358,-0.5498926639556885
43,94,3,-0.7875193953514099,STDK,-2.2831673622131348,-1.7804657220840454,-1.179682731628418
43,94,3,-0.7875193953514099,STDK_plus_QLSTM,-2.3950843811035156,-1.7428431510925293,-0.7545874714851379
43,94,3,-0.7875193953514099,STDK_plus_QConvLSTM,-2.330188751220703,-1.2456772327423096,-0.6703649163246155
43,94,4,-0.7833433747291565,STDK,-2.401667594909668,-1.8939465284347534,-1.281556248664856
43,94,4,-0.7833433747291565,STDK_plus_QLSTM,-2.3902692794799805,-1.741857647895813,-0.7502695918083191
43,94,4,-0.7833433747291565,STDK_plus_QConvLSTM,-2.512575387954712,-1.4521883726119995,-0.7582813501358032
43,94,5,0.09273869544267654,STDK,-2.495368480682373,-1.9795770645141602,-1.353074312210083
43,94,5,0.09273869544267654,STDK_plus_QLSTM,-2.3927083015441895,-1.745054841041565,-0.7573381662368774
43,94,5,0.09273869544267654,STDK_plus_QConvLSTM,-2.539340019226074,-1.450930118560791,-0.740646481513977
43,95,1,-0.009786270558834076,STDK,-1.1581286191940308,-0.6218850016593933,-0.03846418857574463
43,95,1,-0.009786270558834076,STDK_plus_QLSTM,-1.4692013263702393,-0.5625964999198914,0.3012334108352661
43,95,1,-0.009786270558834076,STDK_plus_QConvLSTM,-0.20548748970031738,0.8228254318237305,1.840185523033142
43,95,2,-0.34045517444610596,STDK,-1.1975274085998535,-0.662236213684082,-0.07451391220092773
43,95,2,-0.34045517444610596,STDK_plus_QLSTM,-1.5389251708984375,-0.6680446863174438,0.24974215030670166
43,95,2,-0.34045517444610596,STDK_plus_QConvLSTM,-0.1497284173965454,0.781804084777832,1.7531163692474365
43,95,3,0.08893760293722153,STDK,-1.2121942043304443,-0.6745498180389404,-0.07906943559646606
43,95,3,0.08893760293722153,STDK_plus_QLSTM,-1.5130414962768555,-0.700320839881897,0.2477729320526123
43,95,3,0.08893760293722153,STDK_plus_QConvLSTM,-0.15145379304885864,0.8133262991905212,1.7510923147201538
43,95,4,-0.4697633981704712,STDK,-1.2227144241333008,-0.6798923015594482,-0.07334941625595093
43,95,4,-0.4697633981704712,STDK_plus_QLSTM,-1.4371131658554077,-0.6911308169364929,0.23223352432250977
43,95,4,-0.4697633981704712,STDK_plus_QConvLSTM,-0.31544196605682373,0.6186875700950623,1.5116825103759766
43,95,5,0.017091698944568634,STDK,-1.22312331199646,-0.6723314523696899,-0.05227440595626831
43,95,5,0.017091698944568634,STDK_plus_QLSTM,-1.3679845333099365,-0.6648558974266052,0.25258105993270874
43,95,5,0.017091698944568634,STDK_plus_QConvLSTM,-0.3296900987625122,0.5690549612045288,1.4921507835388184
43,96,1,0.21528972685337067,STDK,-0.7820608615875244,-0.22507432103157043,0.26931989192962646
43,96,1,0.21528972685337067,STDK_plus_QLSTM,-0.9146151542663574,-0.10527198761701584,0.7065116763114929
43,96,1,0.21528972685337067,STDK_plus_QConvLSTM,-0.2710091471672058,0.8244695067405701,1.6331558227539062
43,96,2,0.558215856552124,STDK,-0.9601138830184937,-0.4055744707584381,0.08894288539886475
43,96,2,0.558215856552124,STDK_plus_QLSTM,-0.9286030530929565,-0.12048619240522385,0.695726752281189
43,96,2,0.558215856552124,STDK_plus_QConvLSTM,-0.27453184127807617,0.8224235773086548,1.693547010421753
43,96,3,1.0669406652450562,STDK,-1.1008144617080688,-0.5451646447181702,-0.04724583029747009
43,96,3,1.0669406652450562,STDK_plus_QLSTM,-0.9061224460601807,-0.10880183428525925,0.7204630970954895
43,96,3,1.0669406652450562,STDK_plus_QConvLSTM,-0.3377372622489929,0.69600909948349,1.493332862854004
43,96,4,0.5008766055107117,STDK,-1.1886717081069946,-0.6283695697784424,-0.12406551837921143
43,96,4,0.5008766055107117,STDK_plus_QLSTM,-0.8664658069610596,-0.08130031079053879,0.7747829556465149
43,96,4,0.5008766055107117,STDK_plus_QConvLSTM,-0.4035531282424927,0.657193660736084,1.4447463750839233
43,96,5,1.1364716291427612,STDK,-1.2122180461883545,-0.6444492936134338,-0.13139641284942627
43,96,5,1.1364716291427612,STDK_plus_QLSTM,-0.8237854242324829,-0.04622524231672287,0.8171030282974243
43,96,5,1.1364716291427612,STDK_plus_QConvLSTM,-0.508049726486206,0.5380618572235107,1.290079116821289
43,97,1,-0.2064562737941742,STDK,-1.341943383216858,-0.7857013940811157,-0.29892751574516296
43,97,1,-0.2064562737941742,STDK_plus_QLSTM,-1.4347748756408691,-0.7043542861938477,0.14302539825439453
43,97,1,-0.2064562737941742,STDK_plus_QConvLSTM,-1.6968905925750732,-0.7285040020942688,0.04852217435836792
43,97,2,0.09700983762741089,STDK,-1.5318431854248047,-0.978303074836731,-0.49097779393196106
43,97,2,0.09700983762741089,STDK_plus_QLSTM,-1.5330724716186523,-0.8009640574455261,0.043898165225982666
43,97,2,0.09700983762741089,STDK_plus_QConvLSTM,-1.8402138948440552,-0.8596135377883911,0.01227647066116333
43,97,3,0.09741359949111938,STDK,-1.7856210470199585,-1.2311266660690308,-0.7404773235321045
43,97,3,0.09741359949111938,STDK_plus_QLSTM,-1.6278412342071533,-0.8864156007766724,-0.049954891204833984
43,97,3,0.09741359949111938,STDK_plus_QConvLSTM,-1.9186391830444336,-1.056013584136963,-0.27090883255004883
43,97,4,-0.11478140950202942,STDK,-1.9208952188491821,-1.3615620136260986,-0.8651658296585083
43,97,4,-0.11478140950202942,STDK_plus_QLSTM,-1.719719648361206,-0.9618987441062927,-0.12133973836898804
43,97,4,-0.11478140950202942,STDK_plus_QConvLSTM,-2.0157759189605713,-1.1159892082214355,-0.3243345618247986
43,97,5,-0.23468729853630066,STDK,-2.0020108222961426,-1.4344173669815063,-0.9304400682449341
43,97,5,-0.23468729853630066,STDK_plus_QLSTM,-1.8057653903961182,-1.0310698747634888,-0.19503992795944214
43,97,5,-0.23468729853630066,STDK_plus_QConvLSTM,-2.0926384925842285,-1.1536800861358643,-0.39427173137664795
43,98,1,-0.8278642892837524,STDK,-2.146408796310425,-1.51093590259552,-0.9768972396850586
43,98,1,-0.8278642892837524,STDK_plus_QLSTM,-2.1947007179260254,-1.3829315900802612,-0.6294906139373779
43,98,1,-0.8278642892837524,STDK_plus_QConvLSTM,-1.3613625764846802,-0.36422407627105713,0.35896462202072144
43,98,2,-0.2648751735687256,STDK,-2.281964063644409,-1.6492371559143066,-1.1151729822158813
43,98,2,-0.2648751735687256,STDK_plus_QLSTM,-2.224022388458252,-1.422419786453247,-0.6422088146209717
43,98,2,-0.2648751735687256,STDK_plus_QConvLSTM,-1.5022536516189575,-0.5051519274711609,0.223127543926239
43,98,3,-0.048809394240379333,STDK,-2.4104926586151123,-1.7743713855743408,-1.2364158630371094
43,98,3,-0.048809394240379333,STDK_plus_QLSTM,-2.2182178497314453,-1.429938554763794,-0.6185238361358643
43,98,3,-0.048809394240379333,STDK_plus_QConvLSTM,-1.4215023517608643,-0.4906526505947113,0.18298712372779846
43,98,4,-0.6186463832855225,STDK,-2.511096954345703,-1.8646670579910278,-1.3190677165985107
43,98,4,-0.6186463832855225,STDK_plus_QLSTM,-2.1910438537597656,-1.4143301248550415,-0.5727460980415344
43,98,4,-0.6186463832855225,STDK_plus_QConvLSTM,-1.4673287868499756,-0.5546332001686096,0.09126126766204834
43,98,5,-0.49482032656669617,STDK,-2.575446605682373,-1.9131032228469849,-1.3568602800369263
43,98,5,-0.49482032656669617,STDK_plus_QLSTM,-2.1517293453216553,-1.3820428848266602,-0.5354154109954834
43,98,5,-0.49482032656669617,STDK_plus_QConvLSTM,-1.4261868000030518,-0.4721410274505615,0.12732458114624023
43,99,1,0.8776637315750122,STDK,0.1982998251914978,0.7824607491493225,1.371166706085205
43,99,1,0.8776637315750122,STDK_plus_QLSTM,0.004171967506408691,0.7812471389770508,1.6954184770584106
43,99,1,0.8776637315750122,STDK_plus_QConvLSTM,-0.11049145460128784,0.8140525221824646,1.795297384262085
43,99,2,1.51007080078125,STDK,0.03033614158630371,0.6116688847541809,1.200662612915039
43,99,2,1.51007080078125,STDK_plus_QLSTM,-0.04837214946746826,0.7278100252151489,1.6544489860534668
43,99,2,1.51007080078125,STDK_plus_QConvLSTM,-0.19712084531784058,0.751028299331665,1.6548207998275757
43,99,3,0.7108045816421509,STDK,-0.2253817319869995,0.3567919135093689,0.9517146348953247
43,99,3,0.7108045816421509,STDK_plus_QLSTM,-0.0799512267112732,0.6972996592521667,1.63546884059906
43,99,3,0.7108045816421509,STDK_plus_QConvLSTM,-0.30793023109436035,0.6851015090942383,1.5186594724655151
43,99,4,0.30321159958839417,STDK,-0.4185866713523865,0.1679086536169052,0.7742592096328735
43,99,4,0.30321159958839417,STDK_plus_QLSTM,-0.09922516345977783,0.682390034198761,1.6236512660980225
43,99,4,0.30321159958839417,STDK_plus_QConvLSTM,-0.2575916647911072,0.6191143989562988,1.5675241947174072
43,99,5,0.8340237140655518,STDK,-0.5706844925880432,0.022459283471107483,0.6438593864440918
43,99,5,0.8340237140655518,STDK_plus_QLSTM,-0.10630112886428833,0.676727294921875,1.6153321266174316
43,99,5,0.8340237140655518,STDK_plus_QConvLSTM,-0.37344369292259216,0.39239123463630676,1.3389248847961426
