seed,target_index,lead,truth,model,q05,q50,q95
45,0,1,-0.6697542667388916,STDK,-0.8842076063156128,-0.33093708753585815,0.33228522539138794
45,0,1,-0.6697542667388916,STDK_plus_QLSTM,-1.1045994758605957,-0.23034824430942535,0.5881295800209045
45,0,1,-0.6697542667388916,STDK_plus_QConvLSTM,-0.7007157206535339,-0.012520911172032356,0.8227323889732361
45,0,2,-0.4212431311607361,STDK,-0.9556130170822144,-0.4063684642314911,0.2603735029697418
45,0,2,-0.4212431311607361,STDK_plus_QLSTM,-1.1643142700195312,-0.29123377799987793,0.5275037884712219
45,0,2,-0.4212431311607361,STDK_plus_QConvLSTM,-0.5718064308166504,0.16330234706401825,1.0004549026489258
45,0,3,-0.4399983882904053,STDK,-1.0648186206817627,-0.514587938785553,0.1558564305305481
45,0,3,-0.4399983882904053,STDK_plus_QLSTM,-1.1952877044677734,-0.33233529329299927,0.48650598526000977
45,0,3,-0.4399983882904053,STDK_plus_QConvLSTM,-0.4403643012046814,0.2939828634262085,1.0802884101867676
45,0,4,-0.7533544301986694,STDK,-1.1551861763000488,-0.5988469123840332,0.07553654909133911
45,0,4,-0.7533544301986694,STDK_plus_QLSTM,-1.2109923362731934,-0.36077141761779785,0.4621332287788391
45,0,4,-0.7533544301986694,STDK_plus_QConvLSTM,-0.4738738536834717,0.3200541138648987,1.1779053211212158
45,0,5,-0.5526423454284668,STDK,-1.2579782009124756,-0.690155029296875,-0.011484801769256592
45,0,5,-0.5526423454284668,STDK_plus_QLSTM,-1.213857889175415,-0.3799160122871399,0.4449918866157532
45,0,5,-0.5526423454284668,STDK_plus_QConvLSTM,-0.30987101793289185,0.41681259870529175,1.2359106540679932
45,1,1,-0.7838003039360046,STDK,-1.7494208812713623,-1.172692894935608,-0.4955750107765198
45,1,1,-0.7838003039360046,STDK_plus_QLSTM,-1.8798680305480957,-1.007523536682129,-0.04638803005218506
45,1,1,-0.7838003039360046,STDK_plus_QConvLSTM,-1.8987805843353271,-1.0071715116500854,-0.16248905658721924
45,1,2,-0.9655381441116333,STDK,-1.846065640449524,-1.2734735012054443,-0.5927425622940063
45,1,2,-0.9655381441116333,STDK_plus_QLSTM,-1.9477152824401855,-1.06409752368927,-0.07608020305633545
45,1,2,-0.9655381441116333,STDK_plus_QConvLSTM,-1.691953182220459,-0.8365016579627991,-0.019433259963989258
45,1,3,-0.633173406124115,STDK,-1.9620437622070312,-1.3883265256881714,-0.703890323638916
45,1,3,-0.633173406124115,STDK_plus_QLSTM,-1.9867651462554932,-1.0968339443206787,-0.10135358572006226
45,1,3,-0.633173406124115,STDK_plus_QConvLSTM,-1.4714237451553345,-0.667190432548523,0.06223559379577637
45,1,4,-0.7860773801803589,STDK,-2.042527437210083,-1.4623299837112427,-0.7739762663841248
45,1,4,-0.7860773801803589,STDK_plus_QLSTM,-2.017632484436035,-1.1268138885498047,-0.13193631172180176
45,1,4,-0.7860773801803589,STDK_plus_QConvLSTM,-1.4342601299285889,-0.615563690662384,0.22839683294296265
45,1,5,-0.7598663568496704,STDK,-2.161231517791748,-1.5697399377822876,-0.8773320317268372
45,1,5,-0.7598663568496704,STDK_plus_QLSTM,-2.037200450897217,-1.150516390800476,-0.157335102558136
45,1,5,-0.7598663568496704,STDK_plus_QConvLSTM,-1.249094009399414,-0.5058368444442749,0.33163517713546753
45,2,1,-0.6339322924613953,STDK,-1.1129406690597534,-0.5266099572181702,0.13892453908920288
45,2,1,-0.6339322924613953,STDK_plus_QLSTM,-1.393244743347168,-0.5712916254997253,0.26847606897354126
45,2,1,-0.6339322924613953,STDK_plus_QConvLSTM,-1.3653686046600342,-0.4070412516593933,0.32797420024871826
45,2,2,-0.5530821681022644,STDK,-1.137359380722046,-0.5546897649765015,0.11457771062850952
45,2,2,-0.5530821681022644,STDK_plus_QLSTM,-1.409191608428955,-0.5884336233139038,0.25509780645370483
45,2,2,-0.5530821681022644,STDK_plus_QConvLSTM,-1.2386586666107178,-0.34783852100372314,0.5010507106781006
45,2,3,-0.15030840039253235,STDK,-1.185002326965332,-0.6009891033172607,0.0721287727355957
45,2,3,-0.15030840039253235,STDK_plus_QLSTM,-1.4204609394073486,-0.6052901744842529,0.24200236797332764
45,2,3,-0.15030840039253235,STDK_plus_QConvLSTM,-1.1638827323913574,-0.21380016207695007,0.5657260417938232
45,2,4,-0.40319740772247314,STDK,-1.2052234411239624,-0.6147249341011047,0.06231456995010376
45,2,4,-0.40319740772247314,STDK_plus_QLSTM,-1.4301714897155762,-0.619626522064209,0.23038315773010254
45,2,4,-0.40319740772247314,STDK_plus_QConvLSTM,-1.0063141584396362,-0.1747497022151947,0.6485769748687744
45,2,5,-0.46498432755470276,STDK,-1.219294548034668,-0.617877185344696,0.06330370903015137
45,2,5,-0.46498432755470276,STDK_plus_QLSTM,-1.4391343593597412,-0.6318761110305786,0.21911662817001343
45,2,5,-0.46498432755470276,STDK_plus_QConvLSTM,-1.0014662742614746,-0.13172604143619537,0.6758615970611572
45,3,1,0.23013873398303986,STDK,-0.5540300011634827,0.027180982753634453,0.6517968773841858
45,3,1,0.23013873398303986,STDK_plus_QLSTM,-0.7474615573883057,0.0663369745016098,0.8977631330490112
45,3,1,0.23013873398303986,STDK_plus_QConvLSTM,-1.4350059032440186,-0.6077646613121033,0.3792763948440552
45,3,2,0.21062083542346954,STDK,-0.5894182920455933,-0.010854678228497505,0.6175923347473145
45,3,2,0.21062083542346954,STDK_plus_QLSTM,-0.7428117394447327,0.07164619863033295,0.8969188928604126
45,3,2,0.21062083542346954,STDK_plus_QConvLSTM,-1.2704041004180908,-0.5334930419921875,0.45782309770584106
45,3,3,1.0631916522979736,STDK,-0.6229909062385559,-0.04192805290222168,0.590435802936554
45,3,3,1.0631916522979736,STDK_plus_QLSTM,-0.742907702922821,0.07325594127178192,0.8951097130775452
45,3,3,1.0631916522979736,STDK_plus_QConvLSTM,-1.2627626657485962,-0.4759495258331299,0.39935243129730225
45,3,4,0.23617559671401978,STDK,-0.6573098301887512,-0.06832684576511383,0.5682722330093384
45,3,4,0.23617559671401978,STDK_plus_QLSTM,-0.7440683245658875,0.07346270978450775,0.8971940875053406
45,3,4,0.23617559671401978,STDK_plus_QConvLSTM,-1.2395288944244385,-0.4302659034729004,0.4916641116142273
45,3,5,0.8970106840133667,STDK,-0.7886648178100586,-0.18720731139183044,0.4538833796977997
45,3,5,0.8970106840133667,STDK_plus_QLSTM,-0.7425455451011658,0.07361333072185516,0.9083105325698853
45,3,5,0.8970106840133667,STDK_plus_QConvLSTM,-1.1403546333312988,-0.37597671151161194,0.5315004587173462
45,4,1,0.2253907322883606,STDK,0.22928112745285034,0.7652338743209839,1.411301851272583
45,4,1,0.2253907322883606,STDK_plus_QLSTM,-0.001917123794555664,0.8044141530990601,1.6432816982269287
45,4,1,0.2253907322883606,STDK_plus_QConvLSTM,-0.5839423537254333,0.272902250289917,1.2054169178009033
45,4,2,0.3261488676071167,STDK,0.19495218992233276,0.7262611985206604,1.375964879989624
45,4,2,0.3261488676071167,STDK_plus_QLSTM,0.04859119653701782,0.8560031652450562,1.6784896850585938
45,4,2,0.3261488676071167,STDK_plus_QConvLSTM,-0.7613779902458191,0.113685742020607,1.0889019966125488
45,4,3,0.2398546040058136,STDK,0.15020954608917236,0.6820273399353027,1.3355984687805176
45,4,3,0.2398546040058136,STDK_plus_QLSTM,0.08881974220275879,0.8964366912841797,1.7029926776885986
45,4,3,0.2398546040058136,STDK_plus_QConvLSTM,-0.6445651054382324,0.2234307825565338,1.101626992225647
45,4,4,0.03422759473323822,STDK,0.07807093858718872,0.6155894994735718,1.2733604907989502
45,4,4,0.03422759473323822,STDK_plus_QLSTM,0.1265321969985962,0.9346927404403687,1.7257351875305176
45,4,4,0.03422759473323822,STDK_plus_QConvLSTM,-0.6976966261863708,0.128843292593956,1.0620086193084717
45,4,5,0.3639217019081116,STDK,-0.037574946880340576,0.5104877948760986,1.1727172136306763
45,4,5,0.3639217019081116,STDK_plus_QLSTM,0.16583961248397827,0.9738761186599731,1.7545177936553955
45,4,5,0.3639217019081116,STDK_plus_QConvLSTM,-0.5606273412704468,0.1709679663181305,1.1559799909591675
45,5,1,-0.7688862681388855,STDK,-1.0163350105285645,-0.46636971831321716,0.19362875819206238
45,5,1,-0.7688862681388855,STDK_plus_QLSTM,-1.2828104496002197,-0.46134597063064575,0.426213800907135
45,5,1,-0.7688862681388855,STDK_plus_QConvLSTM,-1.3807777166366577,-0.4967705011367798,0.43363553285598755
45,5,2,-0.8929081559181213,STDK,-1.0260990858078003,-0.4806447923183441,0.18297681212425232
45,5,2,-0.8929081559181213,STDK_plus_QLSTM,-1.3001863956451416,-0.48271632194519043,0.4047853350639343
45,5,2,-0.8929081559181213,STDK_plus_QConvLSTM,-1.3628811836242676,-0.5353084802627563,0.47077322006225586
45,5,3,-0.6190394163131714,STDK,-1.0705128908157349,-0.524350106716156,0.14310717582702637
45,5,3,-0.6190394163131714,STDK_plus_QLSTM,-1.327021837234497,-0.5101236701011658,0.3791956305503845
45,5,3,-0.6190394163131714,STDK_plus_QConvLSTM,-1.3192150592803955,-0.4542441964149475,0.436062216758728
45,5,4,-0.5452433824539185,STDK,-1.1655430793762207,-0.6132587790489197,0.058251798152923584
45,5,4,-0.5452433824539185,STDK_plus_QLSTM,-1.3621951341629028,-0.5416839122772217,0.3492916226387024
45,5,4,-0.5452433824539185,STDK_plus_QConvLSTM,-1.4237980842590332,-0.47424936294555664,0.21692371368408203
45,5,5,0.17907769978046417,STDK,-1.2895427942276,-0.7261561155319214,-0.050180792808532715
45,5,5,0.17907769978046417,STDK_plus_QLSTM,-1.3975937366485596,-0.5735704302787781,0.3192429542541504
45,5,5,0.17907769978046417,STDK_plus_QConvLSTM,-1.5449068546295166,-0.62471604347229,0.22483325004577637
45,6,1,-0.02514827251434326,STDK,-0.0017694830894470215,0.5895470976829529,1.2501277923583984
45,6,1,-0.02514827251434326,STDK_plus_QLSTM,-0.14742952585220337,0.67510586977005,1.4746291637420654
45,6,1,-0.02514827251434326,STDK_plus_QConvLSTM,-0.3785726726055145,0.37375155091285706,1.4215600490570068
45,6,2,0.6735158562660217,STDK,-0.18240776658058167,0.40430882573127747,1.0687259435653687
45,6,2,0.6735158562660217,STDK_plus_QLSTM,-0.1659609079360962,0.6575568914413452,1.4615188837051392
45,6,2,0.6735158562660217,STDK_plus_QConvLSTM,-0.48837578296661377,0.2991628646850586,1.3050003051757812
45,6,3,0.2509346008300781,STDK,-0.33550798892974854,0.2520585060119629,0.9202858209609985
45,6,3,0.2509346008300781,STDK_plus_QLSTM,-0.17383813858032227,0.6499525904655457,1.4600919485092163
45,6,3,0.2509346008300781,STDK_plus_QConvLSTM,-0.47639232873916626,0.3243138790130615,1.3619177341461182
45,6,4,-0.19113540649414062,STDK,-0.43796592950820923,0.15597252547740936,0.8283975124359131
45,6,4,-0.19113540649414062,STDK_plus_QLSTM,-0.1832364797592163,0.6406136155128479,1.4493281841278076
45,6,4,-0.19113540649414062,STDK_plus_QConvLSTM,-0.5813807249069214,0.22412264347076416,1.2558563947677612
45,6,5,0.9091757535934448,STDK,-0.5455793142318726,0.05980529636144638,0.736734926700592
45,6,5,0.9091757535934448,STDK_plus_QLSTM,-0.18817144632339478,0.6348201632499695,1.4425523281097412
45,6,5,0.9091757535934448,STDK_plus_QConvLSTM,-0.6386216878890991,0.1997455507516861,1.2310172319412231
45,7,1,0.1731487363576889,STDK,-1.2046780586242676,-0.5885412096977234,0.09043973684310913
45,7,1,0.1731487363576889,STDK_plus_QLSTM,-1.40412437915802,-0.5271480679512024,0.3347291350364685
45,7,1,0.1731487363576889,STDK_plus_QConvLSTM,-1.0854763984680176,-0.371593177318573,0.5187774300575256
45,7,2,-0.00894215703010559,STDK,-1.2995538711547852,-0.6871476173400879,-0.004711270332336426
45,7,2,-0.00894215703010559,STDK_plus_QLSTM,-1.4391789436340332,-0.549555242061615,0.3138834238052368
45,7,2,-0.00894215703010559,STDK_plus_QConvLSTM,-1.3020038604736328,-0.6241934895515442,0.31845009326934814
45,7,3,0.09722959995269775,STDK,-1.3398258686065674,-0.7259998321533203,-0.03980380296707153
45,7,3,0.09722959995269775,STDK_plus_QLSTM,-1.4577388763427734,-0.570664644241333,0.2931329011917114
45,7,3,0.09722959995269775,STDK_plus_QConvLSTM,-1.3750815391540527,-0.5916810631752014,0.2633930444717407
45,7,4,-0.34593039751052856,STDK,-1.3570537567138672,-0.7366380095481873,-0.046402931213378906
45,7,4,-0.34593039751052856,STDK_plus_QLSTM,-1.467468500137329,-0.5912780165672302,0.2731497883796692
45,7,4,-0.34593039751052856,STDK_plus_QConvLSTM,-1.4353113174438477,-0.600104570388794,0.27566981315612793
45,7,5,-0.2524462938308716,STDK,-1.4244135618209839,-0.7919353246688843,-0.09739923477172852
45,7,5,-0.2524462938308716,STDK_plus_QLSTM,-1.4714514017105103,-0.6068708896636963,0.25794386863708496
45,7,5,-0.2524462938308716,STDK_plus_QConvLSTM,-1.5079200267791748,-0.6929152011871338,0.22433674335479736
45,8,1,-1.5317602157592773,STDK,-1.9387643337249756,-1.3370189666748047,-0.6671416163444519
45,8,1,-1.5317602157592773,STDK_plus_QLSTM,-2.1017374992370605,-1.2829142808914185,-0.4596588611602783
45,8,1,-1.5317602157592773,STDK_plus_QConvLSTM,-2.1852331161499023,-1.4780616760253906,-0.4845084547996521
45,8,2,-1.9629191160202026,STDK,-2.0636935234069824,-1.465488314628601,-0.7921745181083679
45,8,2,-1.9629191160202026,STDK_plus_QLSTM,-2.1154606342315674,-1.2946463823318481,-0.47306960821151733
45,8,2,-1.9629191160202026,STDK_plus_QConvLSTM,-2.148803234100342,-1.4061472415924072,-0.39639532566070557
45,8,3,-1.8912633657455444,STDK,-2.158550500869751,-1.558937430381775,-0.881798505783081
45,8,3,-1.8912633657455444,STDK_plus_QLSTM,-2.123764991760254,-1.3030357360839844,-0.4816588759422302
45,8,3,-1.8912633657455444,STDK_plus_QConvLSTM,-2.1358556747436523,-1.387033224105835,-0.460051953792572
45,8,4,-1.95904541015625,STDK,-2.2338881492614746,-1.6278611421585083,-0.9465346932411194
45,8,4,-1.95904541015625,STDK_plus_QLSTM,-2.1280605792999268,-1.3086525201797485,-0.4869840741157532
45,8,4,-1.95904541015625,STDK_plus_QConvLSTM,-2.0998382568359375,-1.2019124031066895,-0.2273845672607422
45,8,5,-1.7234493494033813,STDK,-2.392089366912842,-1.7753093242645264,-1.0892815589904785
45,8,5,-1.7234493494033813,STDK_plus_QLSTM,-2.1306540966033936,-1.3126219511032104,-0.4903690218925476
45,8,5,-1.7234493494033813,STDK_plus_QConvLSTM,-2.0421977043151855,-1.176244854927063,-0.23515266180038452
45,9,1,-0.879096269607544,STDK,-1.7235503196716309,-1.170937418937683,-0.5033771991729736
45,9,1,-0.879096269607544,STDK_plus_QLSTM,-1.831123948097229,-1.0554317235946655,-0.24607789516448975
45,9,1,-0.879096269607544,STDK_plus_QConvLSTM,-1.929394006729126,-1.117428183555603,-0.2877606153488159
45,9,2,-1.2273341417312622,STDK,-1.7984142303466797,-1.250672459602356,-0.5794973969459534
45,9,2,-1.2273341417312622,STDK_plus_QLSTM,-1.8546804189682007,-1.071542739868164,-0.2613418698310852
45,9,2,-1.2273341417312622,STDK_plus_QConvLSTM,-1.8490122556686401,-1.0995794534683228,-0.23278969526290894
45,9,3,-1.0588264465332031,STDK,-1.8525404930114746,-1.3044800758361816,-0.6293933391571045
45,9,3,-1.0588264465332031,STDK_plus_QLSTM,-1.8662831783294678,-1.0842063426971436,-0.27519410848617554
45,9,3,-1.0588264465332031,STDK_plus_QConvLSTM,-1.8112484216690063,-0.9545024633407593,-0.10942018032073975
45,9,4,-1.1872084140777588,STDK,-1.8640027046203613,-1.3101179599761963,-0.6308113932609558
45,9,4,-1.1872084140777588,STDK_plus_QLSTM,-1.8697359561920166,-1.0885114669799805,-0.2791280150413513
45,9,4,-1.1872084140777588,STDK_plus_QConvLSTM,-1.8444408178329468,-0.9655175805091858,-0.14025384187698364
45,9,5,-0.7869553565979004,STDK,-1.907500982284546,-1.3428419828414917,-0.6588401794433594
45,9,5,-0.7869553565979004,STDK_plus_QLSTM,-1.869140386581421,-1.0866981744766235,-0.27598750591278076
45,9,5,-0.7869553565979004,STDK_plus_QConvLSTM,-1.821912407875061,-0.9497510194778442,-0.08975046873092651
45,10,1,-1.9662842750549316,STDK,-2.1582043170928955,-1.6058212518692017,-0.9520485401153564
45,10,1,-1.9662842750549316,STDK_plus_QLSTM,-2.418663740158081,-1.5861754417419434,-0.7193570733070374
45,10,1,-1.9662842750549316,STDK_plus_QConvLSTM,-1.4596939086914062,-0.48821955919265747,0.27913832664489746
45,10,2,-1.7661120891571045,STDK,-2.2152798175811768,-1.6671522855758667,-1.0097147226333618
45,10,2,-1.7661120891571045,STDK_plus_QLSTM,-2.4654359817504883,-1.6244556903839111,-0.762926459312439
45,10,2,-1.7661120891571045,STDK_plus_QConvLSTM,-1.4123296737670898,-0.44054532051086426,0.24321520328521729
45,10,3,-1.3823493719100952,STDK,-2.2550461292266846,-1.7058159112930298,-1.0444726943969727
45,10,3,-1.3823493719100952,STDK_plus_QLSTM,-2.4758429527282715,-1.6470894813537598,-0.7943710684776306
45,10,3,-1.3823493719100952,STDK_plus_QConvLSTM,-1.4617919921875,-0.4438057839870453,0.2513546645641327
45,10,4,-0.9659784436225891,STDK,-2.3175454139709473,-1.7621128559112549,-1.0967133045196533
45,10,4,-0.9659784436225891,STDK_plus_QLSTM,-2.473503828048706,-1.6585907936096191,-0.8110969066619873
45,10,4,-0.9659784436225891,STDK_plus_QConvLSTM,-1.5030556917190552,-0.473506897687912,0.2391456663608551
45,10,5,-0.9855853319168091,STDK,-2.4118824005126953,-1.8455216884613037,-1.1756614446640015
45,10,5,-0.9855853319168091,STDK_plus_QLSTM,-2.462202548980713,-1.6620874404907227,-0.813950777053833
45,10,5,-0.9855853319168091,STDK_plus_QConvLSTM,-1.5494650602340698,-0.5214418172836304,0.23678863048553467
45,11,1,0.5093067288398743,STDK,-0.5767180323600769,-0.005716437473893166,0.664348840713501
45,11,1,0.5093067288398743,STDK_plus_QLSTM,-0.7521093487739563,0.04735521972179413,0.9317428469657898
45,11,1,0.5093067288398743,STDK_plus_QConvLSTM,-1.0419021844863892,0.013688626699149609,0.9304971694946289
45,11,2,1.1339848041534424,STDK,-0.6258719563484192,-0.05895005911588669,0.6146814823150635
45,11,2,1.1339848041534424,STDK_plus_QLSTM,-0.7031456232070923,0.08494715392589569,0.9737229347229004
45,11,2,1.1339848041534424,STDK_plus_QConvLSTM,-0.9957317113876343,0.011698968708515167,0.9478453993797302
45,11,3,1.2079066038131714,STDK,-0.6692720651626587,-0.10123085230588913,0.5760831236839294
45,11,3,1.2079066038131714,STDK_plus_QLSTM,-0.6498277187347412,0.1316305249929428,1.0196248292922974
45,11,3,1.2079066038131714,STDK_plus_QConvLSTM,-0.9011260867118835,0.09723319113254547,0.9996424317359924
45,11,4,1.1851716041564941,STDK,-0.735228419303894,-0.16078191995620728,0.5204512476921082
45,11,4,1.1851716041564941,STDK_plus_QLSTM,-0.5925703644752502,0.18665115535259247,1.0719444751739502
45,11,4,1.1851716041564941,STDK_plus_QConvLSTM,-1.0551576614379883,0.0028144223615527153,0.9280229806900024
45,11,5,0.6115306615829468,STDK,-0.8375406265258789,-0.25186628103256226,0.4333840012550354
45,11,5,0.6115306615829468,STDK_plus_QLSTM,-0.5314106345176697,0.24938027560710907,1.1298884153366089
45,11,5,0.6115306615829468,STDK_plus_QConvLSTM,-1.0431797504425049,-0.05271333456039429,0.9017083644866943
45,12,1,0.4475647211074829,STDK,-0.43384799361228943,0.149737149477005,0.8080557584762573
45,12,1,0.4475647211074829,STDK_plus_QLSTM,-0.5112254023551941,0.28237593173980713,1.2233591079711914
45,12,1,0.4475647211074829,STDK_plus_QConvLSTM,-1.0193140506744385,-0.21097460389137268,0.6444904804229736
45,12,2,0.370999813079834,STDK,-0.47326046228408813,0.10659723728895187,0.7687327861785889
45,12,2,0.370999813079834,STDK_plus_QLSTM,-0.5489352941513062,0.25288528203964233,1.185636043548584
45,12,2,0.370999813079834,STDK_plus_QConvLSTM,-0.9411395788192749,-0.12627877295017242,0.7412809133529663
45,12,3,0.551715612411499,STDK,-0.4052455425262451,0.1759350746870041,0.8418987989425659
45,12,3,0.551715612411499,STDK_plus_QLSTM,-0.5924970507621765,0.21534068882465363,1.1414729356765747
45,12,3,0.551715612411499,STDK_plus_QConvLSTM,-0.7776798009872437,0.031183570623397827,0.9206244945526123
45,12,4,0.5125595927238464,STDK,-0.45295000076293945,0.13463343679904938,0.8045773506164551
45,12,4,0.5125595927238464,STDK_plus_QLSTM,-0.6396875977516174,0.17281241714954376,1.094578742980957
45,12,4,0.5125595927238464,STDK_plus_QConvLSTM,-0.6255050301551819,0.13901680707931519,1.0497312545776367
45,12,5,0.2704806923866272,STDK,-0.558212399482727,0.040249526500701904,0.7143975496292114
45,12,5,0.2704806923866272,STDK_plus_QLSTM,-0.687120258808136,0.12753136456012726,1.0474183559417725
45,12,5,0.2704806923866272,STDK_plus_QConvLSTM,-0.4849579632282257,0.2808445394039154,1.1733051538467407
45,13,1,0.4268757104873657,STDK,-0.5882923603057861,-0.0078078825026750565,0.6339219212532043
45,13,1,0.4268757104873657,STDK_plus_QLSTM,-0.8382927775382996,0.010706305503845215,0.7746609449386597
45,13,1,0.4268757104873657,STDK_plus_QConvLSTM,-1.2506740093231201,-0.3481380045413971,0.46233734488487244
45,13,2,0.31335681676864624,STDK,-0.5689258575439453,0.007759978994727135,0.6534228324890137
45,13,2,0.31335681676864624,STDK_plus_QLSTM,-0.8232507705688477,0.04543757438659668,0.8120302557945251
45,13,2,0.31335681676864624,STDK_plus_QConvLSTM,-1.1983424425125122,-0.33481863141059875,0.4605560600757599
45,13,3,0.3680785894393921,STDK,-0.5942062735557556,-0.015092568472027779,0.6345751285552979
45,13,3,0.3680785894393921,STDK_plus_QLSTM,-0.7954268455505371,0.08011841773986816,0.8607414960861206
45,13,3,0.3680785894393921,STDK_plus_QConvLSTM,-1.1594103574752808,-0.2986738383769989,0.4538247287273407
45,13,4,0.044160597026348114,STDK,-0.6338009834289551,-0.04672536253929138,0.6070128679275513
45,13,4,0.044160597026348114,STDK_plus_QLSTM,-0.7552408576011658,0.1174536943435669,0.9046574831008911
45,13,4,0.044160597026348114,STDK_plus_QConvLSTM,-0.9393443465232849,-0.13454556465148926,0.6393601894378662
45,13,5,0.005186699330806732,STDK,-0.7098230719566345,-0.11021623760461807,0.5477030277252197
45,13,5,0.005186699330806732,STDK_plus_QLSTM,-0.7088423371315002,0.15857577323913574,0.9500522613525391
45,13,5,0.005186699330806732,STDK_plus_QConvLSTM,-0.9730004668235779,-0.1698240488767624,0.6469845175743103
45,14,1,-1.0902222394943237,STDK,-1.6533889770507812,-1.125907063484192,-0.48433125019073486
45,14,1,-1.0902222394943237,STDK_plus_QLSTM,-2.0675933361053467,-1.1405925750732422,-0.18318897485733032
45,14,1,-1.0902222394943237,STDK_plus_QConvLSTM,-1.9602601528167725,-1.1777162551879883,-0.202892005443573
45,14,2,-1.203801155090332,STDK,-1.6438093185424805,-1.1204885244369507,-0.474809467792511
45,14,2,-1.203801155090332,STDK_plus_QLSTM,-2.123721122741699,-1.1997817754745483,-0.2194054126739502
45,14,2,-1.203801155090332,STDK_plus_QConvLSTM,-2.1733431816101074,-1.357546091079712,-0.3475388288497925
45,14,3,-0.4751453995704651,STDK,-1.6315847635269165,-1.1077007055282593,-0.4578755497932434
45,14,3,-0.4751453995704651,STDK_plus_QLSTM,-2.1589882373809814,-1.252377986907959,-0.2741643786430359
45,14,3,-0.4751453995704651,STDK_plus_QConvLSTM,-2.2127246856689453,-1.3661353588104248,-0.5044549107551575
45,14,4,-0.5605664253234863,STDK,-1.6411265134811401,-1.1119697093963623,-0.4579610228538513
45,14,4,-0.5605664253234863,STDK_plus_QLSTM,-2.192548990249634,-1.3007824420928955,-0.32886970043182373
45,14,4,-0.5605664253234863,STDK_plus_QConvLSTM,-2.2908105850219727,-1.4035533666610718,-0.5683116316795349
45,14,5,-0.34483930468559265,STDK,-1.6770623922348022,-1.138323187828064,-0.480008602142334
45,14,5,-0.34483930468559265,STDK_plus_QLSTM,-2.2253994941711426,-1.3449323177337646,-0.37756597995758057
45,14,5,-0.34483930468559265,STDK_plus_QConvLSTM,-2.33522891998291,-1.3730167150497437,-0.45280903577804565
45,15,1,0.37692970037460327,STDK,0.022644340991973877,0.5895542502403259,1.2293967008590698
45,15,1,0.37692970037460327,STDK_plus_QLSTM,-0.15388357639312744,0.6143624186515808,1.4423768520355225
45,15,1,0.37692970037460327,STDK_plus_QConvLSTM,-0.4715697169303894,0.494686484336853,1.281700849533081
45,15,2,0.8658748269081116,STDK,-0.04262930154800415,0.5201859474182129,1.1639604568481445
45,15,2,0.8658748269081116,STDK_plus_QLSTM,-0.17189335823059082,0.6295571327209473,1.45823073387146
45,15,2,0.8658748269081116,STDK_plus_QConvLSTM,-0.3264274597167969,0.6142740845680237,1.41778564453125
45,15,3,0.9942925572395325,STDK,-0.21195310354232788,0.3519901633262634,0.9998708367347717
45,15,3,0.9942925572395325,STDK_plus_QLSTM,-0.2005680799484253,0.6183987259864807,1.4463822841644287
45,15,3,0.9942925572395325,STDK_plus_QConvLSTM,-0.26312631368637085,0.7031795382499695,1.5253463983535767
45,15,4,0.45602360367774963,STDK,-0.3435852527618408,0.22676418721675873,0.8790007829666138
45,15,4,0.45602360367774963,STDK_plus_QLSTM,-0.23550444841384888,0.5895057916641235,1.4159045219421387
45,15,4,0.45602360367774963,STDK_plus_QConvLSTM,-0.20379185676574707,0.7699618935585022,1.5608329772949219
45,15,5,0.7434216737747192,STDK,-0.4276543855667114,0.15374265611171722,0.8105880618095398
45,15,5,0.7434216737747192,STDK_plus_QLSTM,-0.2792811989784241,0.5456811189651489,1.3733799457550049
45,15,5,0.7434216737747192,STDK_plus_QConvLSTM,-0.19724810123443604,0.8579176664352417,1.6170251369476318
45,16,1,0.4581567049026489,STDK,-0.22306013107299805,0.3635486364364624,1.0057356357574463
45,16,1,0.4581567049026489,STDK_plus_QLSTM,-0.42553552985191345,0.32657650113105774,1.1674209833145142
45,16,1,0.4581567049026489,STDK_plus_QConvLSTM,-0.7682055830955505,0.15432821214199066,1.106036901473999
45,16,2,0.8772748708724976,STDK,-0.27580761909484863,0.30680233240127563,0.9529299736022949
45,16,2,0.8772748708724976,STDK_plus_QLSTM,-0.45371755957603455,0.29923388361930847,1.1470789909362793
45,16,2,0.8772748708724976,STDK_plus_QConvLSTM,-0.5790610313415527,0.29772716760635376,1.2529655694961548
45,16,3,0.09221360087394714,STDK,-0.35293495655059814,0.23080871999263763,0.8811746835708618
45,16,3,0.09221360087394714,STDK_plus_QLSTM,-0.49228033423423767,0.26139339804649353,1.1107741594314575
45,16,3,0.09221360087394714,STDK_plus_QConvLSTM,-0.5051525235176086,0.3545317053794861,1.2677850723266602
45,16,4,-0.09569640457630157,STDK,-0.4246237277984619,0.16554300487041473,0.8205015659332275
45,16,4,-0.09569640457630157,STDK_plus_QLSTM,-0.5353787541389465,0.21792902052402496,1.068231225013733
45,16,4,-0.09569640457630157,STDK_plus_QConvLSTM,-0.4453907310962677,0.387241393327713,1.366078495979309
45,16,5,-0.3612203001976013,STDK,-0.5657126903533936,0.03550204634666443,0.6953424215316772
45,16,5,-0.3612203001976013,STDK_plus_QLSTM,-0.5820576548576355,0.17175443470478058,1.0235044956207275
45,16,5,-0.3612203001976013,STDK_plus_QConvLSTM,-0.40757930278778076,0.5019079446792603,1.340749979019165
45,17,1,0.6458536982536316,STDK,-0.7865540385246277,-0.17952944338321686,0.49075138568878174
45,17,1,0.6458536982536316,STDK_plus_QLSTM,-1.0066516399383545,-0.1276913285255432,0.7345589995384216
45,17,1,0.6458536982536316,STDK_plus_QConvLSTM,-0.6095244288444519,0.2666359543800354,1.0288569927215576
45,17,2,0.4658878445625305,STDK,-0.9492952823638916,-0.3458844721317291,0.32822903990745544
45,17,2,0.4658878445625305,STDK_plus_QLSTM,-1.0185662508010864,-0.13995176553726196,0.7239851355552673
45,17,2,0.4658878445625305,STDK_plus_QConvLSTM,-0.5294065475463867,0.283307284116745,1.1116050481796265
45,17,3,0.03824460133910179,STDK,-1.0652791261672974,-0.4604632556438446,0.21753761172294617
45,17,3,0.03824460133910179,STDK_plus_QLSTM,-1.0460729598999023,-0.17003661394119263,0.693950891494751
45,17,3,0.03824460133910179,STDK_plus_QConvLSTM,-0.46779587864875793,0.4756774604320526,1.3186043500900269
45,17,4,-0.1723293960094452,STDK,-1.1923408508300781,-0.5810798406600952,0.10080158710479736
45,17,4,-0.1723293960094452,STDK_plus_QLSTM,-1.0843636989593506,-0.21009963750839233,0.6557393074035645
45,17,4,-0.1723293960094452,STDK_plus_QConvLSTM,-0.38345158100128174,0.4922347664833069,1.4280364513397217
45,17,5,0.030932694673538208,STDK,-1.3106220960617065,-0.6884618997573853,-0.0024326443672180176
45,17,5,0.030932694673538208,STDK_plus_QLSTM,-1.124403953552246,-0.25302332639694214,0.6197152733802795
45,17,5,0.030932694673538208,STDK_plus_QConvLSTM,-0.4282567799091339,0.46748605370521545,1.3423048257827759
45,18,1,-0.3482202887535095,STDK,-0.9205873012542725,-0.3177521228790283,0.3500216007232666
45,18,1,-0.3482202887535095,STDK_plus_QLSTM,-1.1499274969100952,-0.2682502865791321,0.5649248957633972
45,18,1,-0.3482202887535095,STDK_plus_QConvLSTM,-0.4499247968196869,0.4628813564777374,1.3364547491073608
45,18,2,0.21363283693790436,STDK,-0.9330580234527588,-0.33372262120246887,0.3374800384044647
45,18,2,0.21363283693790436,STDK_plus_QLSTM,-1.2420589923858643,-0.3596826195716858,0.4715610146522522
45,18,2,0.21363283693790436,STDK_plus_QConvLSTM,-0.49074670672416687,0.42164894938468933,1.313657522201538
45,18,3,0.2615526020526886,STDK,-0.9286675453186035,-0.32809820771217346,0.34690889716148376
45,18,3,0.2615526020526886,STDK_plus_QLSTM,-1.259556531906128,-0.38762980699539185,0.4392238259315491
45,18,3,0.2615526020526886,STDK_plus_QConvLSTM,-0.4086589217185974,0.4990296959877014,1.40621817111969
45,18,4,-0.14390040934085846,STDK,-0.9383000731468201,-0.3316776156425476,0.34755146503448486
45,18,4,-0.14390040934085846,STDK_plus_QLSTM,-1.234912395477295,-0.3787146210670471,0.44511425495147705
45,18,4,-0.14390040934085846,STDK_plus_QConvLSTM,-0.38826847076416016,0.44231706857681274,1.4192107915878296
45,18,5,0.49481669068336487,STDK,-0.9541304111480713,-0.3365798890590668,0.3471519649028778
45,18,5,0.49481669068336487,STDK_plus_QLSTM,-1.2044155597686768,-0.36182957887649536,0.4589001536369324
45,18,5,0.49481669068336487,STDK_plus_QConvLSTM,-0.5847090482711792,0.33882570266723633,1.3024976253509521
45,19,1,-0.4195302724838257,STDK,-1.2102324962615967,-0.6269346475601196,0.034513890743255615
45,19,1,-0.4195302724838257,STDK_plus_QLSTM,-1.5426530838012695,-0.6891133189201355,0.16448241472244263
45,19,1,-0.4195302724838257,STDK_plus_QConvLSTM,-1.4674773216247559,-0.6331661343574524,0.3098192811012268
45,19,2,-0.7141981720924377,STDK,-1.2146124839782715,-0.6348884105682373,0.030223727226257324
45,19,2,-0.7141981720924377,STDK_plus_QLSTM,-1.6010806560516357,-0.7496079802513123,0.09183686971664429
45,19,2,-0.7141981720924377,STDK_plus_QConvLSTM,-1.3523268699645996,-0.42234286665916443,0.4310222566127777
45,19,3,-0.6438934206962585,STDK,-1.1985580921173096,-0.6174463629722595,0.05139976739883423
45,19,3,-0.6438934206962585,STDK_plus_QLSTM,-1.6416126489639282,-0.7995491027832031,0.027052640914916992
45,19,3,-0.6438934206962585,STDK_plus_QConvLSTM,-1.2890467643737793,-0.3720828890800476,0.5119242668151855
45,19,4,-0.7763224244117737,STDK,-1.204923391342163,-0.6173349618911743,0.055568039417266846
45,19,4,-0.7763224244117737,STDK_plus_QLSTM,-1.6691465377807617,-0.8378140926361084,-0.02036452293395996
45,19,4,-0.7763224244117737,STDK_plus_QConvLSTM,-1.3035260438919067,-0.3575119078159332,0.6175874471664429
45,19,5,-0.4491312801837921,STDK,-1.209655523300171,-0.6112775206565857,0.0660867691040039
45,19,5,-0.4491312801837921,STDK_plus_QLSTM,-1.6859744787216187,-0.8655440807342529,-0.05246478319168091
45,19,5,-0.4491312801837921,STDK_plus_QConvLSTM,-1.2711048126220703,-0.3433966636657715,0.6046167612075806
45,20,1,0.5568687319755554,STDK,-0.6531493663787842,-0.09561946243047714,0.5290549993515015
45,20,1,0.5568687319755554,STDK_plus_QLSTM,-0.8276419043540955,0.016560692340135574,0.8778921961784363
45,20,1,0.5568687319755554,STDK_plus_QConvLSTM,-0.6185235381126404,0.123886838555336,0.9791409373283386
45,20,2,0.26640182733535767,STDK,-0.9791719913482666,-0.4256933629512787,0.20299038290977478
45,20,2,0.26640182733535767,STDK_plus_QLSTM,-0.9028642773628235,-0.0544494204223156,0.8087053298950195
45,20,2,0.26640182733535767,STDK_plus_QConvLSTM,-0.6068176031112671,0.10107576847076416,0.8616719841957092
45,20,3,0.6440696120262146,STDK,-1.089494228363037,-0.5351225137710571,0.09774172306060791
45,20,3,0.6440696120262146,STDK_plus_QLSTM,-0.963214099407196,-0.11289094388484955,0.7492774724960327
45,20,3,0.6440696120262146,STDK_plus_QConvLSTM,-0.6340393424034119,0.11797924339771271,0.8901664018630981
45,20,4,0.4341796040534973,STDK,-1.1579010486602783,-0.5975505709648132,0.039772212505340576
45,20,4,0.4341796040534973,STDK_plus_QLSTM,-1.0154308080673218,-0.16337554156780243,0.6935187578201294
45,20,4,0.4341796040534973,STDK_plus_QConvLSTM,-0.7523753046989441,0.037076354026794434,0.8233038187026978
45,20,5,0.019214697182178497,STDK,-1.1733620166778564,-0.6024028062820435,0.03966832160949707
45,20,5,0.019214697182178497,STDK_plus_QLSTM,-1.0629955530166626,-0.21093259751796722,0.6406885385513306
45,20,5,0.019214697182178497,STDK_plus_QConvLSTM,-0.9303945302963257,-0.045393817126750946,0.8021990656852722
45,21,1,-0.5623652935028076,STDK,-0.759026050567627,-0.19335651397705078,0.4497668743133545
45,21,1,-0.5623652935028076,STDK_plus_QLSTM,-1.1044220924377441,-0.2617693245410919,0.5764241218566895
45,21,1,-0.5623652935028076,STDK_plus_QConvLSTM,-0.9436776638031006,-0.0634998306632042,0.7613000273704529
45,21,2,-0.01810915768146515,STDK,-0.6524218916893005,-0.09059643745422363,0.5566420555114746
45,21,2,-0.01810915768146515,STDK_plus_QLSTM,-1.0885469913482666,-0.24631860852241516,0.5867663621902466
45,21,2,-0.01810915768146515,STDK_plus_QConvLSTM,-0.9775945544242859,-0.1812351495027542,0.5708786845207214
45,21,3,-0.076870396733284,STDK,-0.5883485078811646,-0.025469297543168068,0.6260161995887756
45,21,3,-0.076870396733284,STDK_plus_QLSTM,-1.0804352760314941,-0.23983576893806458,0.5890886783599854
45,21,3,-0.076870396733284,STDK_plus_QConvLSTM,-0.9798140525817871,-0.23715387284755707,0.4704399108886719
45,21,4,-0.4726123809814453,STDK,-0.5167637467384338,0.05239913612604141,0.7083020806312561
45,21,4,-0.4726123809814453,STDK_plus_QLSTM,-1.0806149244308472,-0.23956862092018127,0.5853592157363892
45,21,4,-0.4726123809814453,STDK_plus_QConvLSTM,-0.9960514307022095,-0.23622633516788483,0.5542973875999451
45,21,5,-0.8135873079299927,STDK,-0.48760786652565,0.09235343337059021,0.7527757883071899
45,21,5,-0.8135873079299927,STDK_plus_QLSTM,-1.0847634077072144,-0.24258282780647278,0.5807545185089111
45,21,5,-0.8135873079299927,STDK_plus_QConvLSTM,-0.8603094220161438,-0.16482172906398773,0.6502957344055176
45,22,1,-1.122042179107666,STDK,-1.3129796981811523,-0.7415240406990051,-0.09408295154571533
45,22,1,-1.122042179107666,STDK_plus_QLSTM,-1.676915168762207,-0.8697595596313477,-0.0024042725563049316
45,22,1,-1.122042179107666,STDK_plus_QConvLSTM,-1.551499605178833,-0.7747581601142883,0.006958067417144775
45,22,2,-0.8793201446533203,STDK,-1.2824952602386475,-0.7145517468452454,-0.06297832727432251
45,22,2,-0.8793201446533203,STDK_plus_QLSTM,-1.6869471073150635,-0.8804817199707031,-0.008647680282592773
45,22,2,-0.8793201446533203,STDK_plus_QConvLSTM,-1.6819992065429688,-0.8250299096107483,-0.11142730712890625
45,22,3,-0.2572264075279236,STDK,-1.3414313793182373,-0.7722620964050293,-0.11651390790939331
45,22,3,-0.2572264075279236,STDK_plus_QLSTM,-1.7016767263412476,-0.8954786062240601,-0.01816701889038086
45,22,3,-0.2572264075279236,STDK_plus_QConvLSTM,-1.7103180885314941,-0.906029999256134,-0.12652230262756348
45,22,4,-0.5168384313583374,STDK,-1.3100085258483887,-0.7346505522727966,-0.07458430528640747
45,22,4,-0.5168384313583374,STDK_plus_QLSTM,-1.7213621139526367,-0.9130233526229858,-0.030560433864593506
45,22,4,-0.5168384313583374,STDK_plus_QConvLSTM,-1.7127110958099365,-0.927335798740387,-0.15958809852600098
45,22,5,-0.4059012830257416,STDK,-1.268796682357788,-0.6831067800521851,-0.018550634384155273
45,22,5,-0.4059012830257416,STDK_plus_QLSTM,-1.7415802478790283,-0.9313604831695557,-0.044786691665649414
45,22,5,-0.4059012830257416,STDK_plus_QConvLSTM,-1.578713297843933,-0.7890860438346863,-0.05198389291763306
45,23,1,-0.28438329696655273,STDK,-1.2578628063201904,-0.7299528121948242,-0.0945095419883728
45,23,1,-0.28438329696655273,STDK_plus_QLSTM,-1.5977014303207397,-0.7554248571395874,0.02396237850189209
45,23,1,-0.28438329696655273,STDK_plus_QConvLSTM,-1.645777702331543,-0.5591360330581665,0.3017579913139343
45,23,2,0.4461328387260437,STDK,-1.229973316192627,-0.7070434093475342,-0.06757032871246338
45,23,2,0.4461328387260437,STDK_plus_QLSTM,-1.6028716564178467,-0.7592525482177734,0.018263518810272217
45,23,2,0.4461328387260437,STDK_plus_QConvLSTM,-1.4753422737121582,-0.31118541955947876,0.569776713848114
45,23,3,0.3229445815086365,STDK,-1.1831893920898438,-0.6601481437683105,-0.016511082649230957
45,23,3,0.3229445815086365,STDK_plus_QLSTM,-1.6077641248703003,-0.7622697353363037,0.013986945152282715
45,23,3,0.3229445815086365,STDK_plus_QConvLSTM,-1.296081304550171,-0.18302227556705475,0.6863781809806824
45,23,4,0.34593459963798523,STDK,-1.201538324356079,-0.6732009649276733,-0.025259733200073242
45,23,4,0.34593459963798523,STDK_plus_QLSTM,-1.6138960123062134,-0.7670248746871948,0.008321285247802734
45,23,4,0.34593459963798523,STDK_plus_QConvLSTM,-1.2532399892807007,-0.18924975395202637,0.7329478859901428
45,23,5,0.2846056818962097,STDK,-1.2810943126678467,-0.7423465251922607,-0.08984363079071045
45,23,5,0.2846056818962097,STDK_plus_QLSTM,-1.620930790901184,-0.7689067125320435,0.006090939044952393
45,23,5,0.2846056818962097,STDK_plus_QConvLSTM,-1.0049004554748535,0.032753292471170425,0.9718073010444641
45,24,1,-1.4106552600860596,STDK,-2.222088098526001,-1.7037338018417358,-1.07381010055542
45,24,1,-1.4106552600860596,STDK_plus_QLSTM,-2.4204423427581787,-1.6674562692642212,-0.8153635263442993
45,24,1,-1.4106552600860596,STDK_plus_QConvLSTM,-2.4582934379577637,-1.671553134918213,-0.6815592050552368
45,24,2,-1.4081060886383057,STDK,-2.293272018432617,-1.7791496515274048,-1.145185112953186
45,24,2,-1.4081060886383057,STDK_plus_QLSTM,-2.463075876235962,-1.7100589275360107,-0.8525300025939941
45,24,2,-1.4081060886383057,STDK_plus_QConvLSTM,-2.341595411300659,-1.5447107553482056,-0.5771189332008362
45,24,3,-1.4680674076080322,STDK,-2.3892741203308105,-1.8745839595794678,-1.2364373207092285
45,24,3,-1.4680674076080322,STDK_plus_QLSTM,-2.493372917175293,-1.7452200651168823,-0.8851683735847473
45,24,3,-1.4680674076080322,STDK_plus_QConvLSTM,-2.215620994567871,-1.5028420686721802,-0.5772303938865662
45,24,4,-1.4708232879638672,STDK,-2.490509033203125,-1.9704183340072632,-1.3278727531433105
45,24,4,-1.4708232879638672,STDK_plus_QLSTM,-2.521482229232788,-1.7783098220825195,-0.9178013801574707
45,24,4,-1.4708232879638672,STDK_plus_QConvLSTM,-2.317521572113037,-1.4940319061279297,-0.5191957950592041
45,24,5,-0.7148952484130859,STDK,-2.568195343017578,-2.038243532180786,-1.3910653591156006
45,24,5,-0.7148952484130859,STDK_plus_QLSTM,-2.548154830932617,-1.8089182376861572,-0.9511702656745911
45,24,5,-0.7148952484130859,STDK_plus_QConvLSTM,-2.335289239883423,-1.5232722759246826,-0.5512555241584778
45,25,1,-2.2517261505126953,STDK,-3.2008702754974365,-2.680701494216919,-2.050292730331421
45,25,1,-2.2517261505126953,STDK_plus_QLSTM,-3.341269016265869,-2.4751110076904297,-1.718656063079834
45,25,1,-2.2517261505126953,STDK_plus_QConvLSTM,-2.368509531021118,-1.5918848514556885,-0.6728505492210388
45,25,2,-1.6119121313095093,STDK,-3.336364269256592,-2.8203556537628174,-2.185915470123291
45,25,2,-1.6119121313095093,STDK_plus_QLSTM,-3.3677399158477783,-2.506564140319824,-1.7421793937683105
45,25,2,-1.6119121313095093,STDK_plus_QConvLSTM,-2.336200475692749,-1.4359312057495117,-0.5732013583183289
45,25,3,-1.8752413988113403,STDK,-3.431786060333252,-2.9151337146759033,-2.2765281200408936
45,25,3,-1.8752413988113403,STDK_plus_QLSTM,-3.3369524478912354,-2.476881980895996,-1.7190662622451782
45,25,3,-1.8752413988113403,STDK_plus_QConvLSTM,-2.1776318550109863,-1.3162120580673218,-0.553612470626831
45,25,4,-2.429882287979126,STDK,-3.528144598007202,-3.0059754848480225,-2.3629937171936035
45,25,4,-2.429882287979126,STDK_plus_QLSTM,-3.2892913818359375,-2.424250602722168,-1.6745234727859497
45,25,4,-2.429882287979126,STDK_plus_QConvLSTM,-2.2208588123321533,-1.3899509906768799,-0.5240967273712158
45,25,5,-1.8726112842559814,STDK,-3.6261825561523438,-3.0940325260162354,-2.4464659690856934
45,25,5,-1.8726112842559814,STDK_plus_QLSTM,-3.2158138751983643,-2.3435206413269043,-1.5957043170928955
45,25,5,-1.8726112842559814,STDK_plus_QConvLSTM,-2.309926748275757,-1.4053082466125488,-0.42051440477371216
45,26,1,1.3544437885284424,STDK,-0.3648208975791931,0.20430465042591095,0.847893476486206
45,26,1,1.3544437885284424,STDK_plus_QLSTM,-0.6503227949142456,0.2160237729549408,1.026478886604309
45,26,1,1.3544437885284424,STDK_plus_QConvLSTM,-0.9132203459739685,-0.07711298018693924,0.700031042098999
45,26,2,1.1196318864822388,STDK,-0.3663489818572998,0.1987103968858719,0.846495509147644
45,26,2,1.1196318864822388,STDK_plus_QLSTM,-0.6364657878875732,0.22836309671401978,1.0483466386795044
45,26,2,1.1196318864822388,STDK_plus_QConvLSTM,-0.7933670282363892,-0.00659029558300972,0.7549005746841431
45,26,3,0.9189456105232239,STDK,-0.38963019847869873,0.17649178206920624,0.8286471962928772
45,26,3,0.9189456105232239,STDK_plus_QLSTM,-0.6344525814056396,0.23189514875411987,1.0606951713562012
45,26,3,0.9189456105232239,STDK_plus_QConvLSTM,-0.6486954092979431,0.055961791425943375,0.8633301258087158
45,26,4,0.5929166078567505,STDK,-0.4368032217025757,0.13561134040355682,0.7923657298088074
45,26,4,0.5929166078567505,STDK_plus_QLSTM,-0.6418840885162354,0.22840017080307007,1.063328504562378
45,26,4,0.5929166078567505,STDK_plus_QConvLSTM,-0.5970460176467896,0.03670595586299896,0.9172058701515198
45,26,5,0.9380687475204468,STDK,-0.5324869751930237,0.05099151283502579,0.712587296962738
45,26,5,0.9380687475204468,STDK_plus_QLSTM,-0.6569488644599915,0.21708089113235474,1.0527373552322388
45,26,5,0.9380687475204468,STDK_plus_QConvLSTM,-0.5368143916130066,0.12543094158172607,1.0237536430358887
45,27,1,1.9304198026657104,STDK,0.4870947003364563,1.0631099939346313,1.7229334115982056
45,27,1,1.9304198026657104,STDK_plus_QLSTM,0.1849544644355774,1.0662965774536133,1.824970006942749
45,27,1,1.9304198026657104,STDK_plus_QConvLSTM,-0.6664742231369019,0.1934029906988144,0.8714299201965332
45,27,2,1.2813758850097656,STDK,0.450595498085022,1.0227915048599243,1.686798334121704
45,27,2,1.2813758850097656,STDK_plus_QLSTM,0.2614050507545471,1.1385445594787598,1.9006788730621338
45,27,2,1.2813758850097656,STDK_plus_QConvLSTM,-0.5129173994064331,0.28929057717323303,1.0667790174484253
45,27,3,1.5780545473098755,STDK,0.2972029447555542,0.8703858852386475,1.5387108325958252
45,27,3,1.5780545473098755,STDK_plus_QLSTM,0.33216696977615356,1.1988242864608765,1.9665489196777344
45,27,3,1.5780545473098755,STDK_plus_QConvLSTM,-0.5384018421173096,0.27000680565834045,0.9768368005752563
45,27,4,0.7839096188545227,STDK,0.16420626640319824,0.743249237537384,1.4160401821136475
45,27,4,0.7839096188545227,STDK_plus_QLSTM,0.40170979499816895,1.254975438117981,2.0276572704315186
45,27,4,0.7839096188545227,STDK_plus_QConvLSTM,-0.4434336721897125,0.3694537580013275,0.9965497255325317
45,27,5,1.0097336769104004,STDK,0.11175847053527832,0.7011173963546753,1.3784431219100952
45,27,5,1.0097336769104004,STDK_plus_QLSTM,0.46975183486938477,1.3156977891921997,2.0925261974334717
45,27,5,1.0097336769104004,STDK_plus_QConvLSTM,-0.4739134907722473,0.4120410084724426,1.160826325416565
45,28,1,2.0422568321228027,STDK,1.3716397285461426,1.972598671913147,2.637631416320801
45,28,1,2.0422568321228027,STDK_plus_QLSTM,1.3236920833587646,2.153559684753418,2.9497196674346924
45,28,1,2.0422568321228027,STDK_plus_QConvLSTM,0.4358237385749817,1.2158758640289307,2.0686416625976562
45,28,2,1.9178928136825562,STDK,1.1407803297042847,1.738237977027893,2.407076358795166
45,28,2,1.9178928136825562,STDK_plus_QLSTM,1.3235902786254883,2.150716781616211,2.944749355316162
45,28,2,1.9178928136825562,STDK_plus_QConvLSTM,0.40286827087402344,1.1003440618515015,2.025390625
45,28,3,1.6457725763320923,STDK,0.9554954767227173,1.5543371438980103,2.226979970932007
45,28,3,1.6457725763320923,STDK_plus_QLSTM,1.35488760471344,2.1681952476501465,2.960937738418579
45,28,3,1.6457725763320923,STDK_plus_QConvLSTM,0.5982334017753601,1.2544550895690918,2.1285555362701416
45,28,4,0.8761786222457886,STDK,0.8219261169433594,1.42831552028656,2.105025053024292
45,28,4,0.8761786222457886,STDK_plus_QLSTM,1.3923707008361816,2.200460195541382,2.992644786834717
45,28,4,0.8761786222457886,STDK_plus_QConvLSTM,0.7296127080917358,1.3779164552688599,2.2544543743133545
45,28,5,1.5176646709442139,STDK,0.7513914108276367,1.3700084686279297,2.050901412963867
45,28,5,1.5176646709442139,STDK_plus_QLSTM,1.4206016063690186,2.23852276802063,3.0280203819274902
45,28,5,1.5176646709442139,STDK_plus_QConvLSTM,0.7369077205657959,1.481318473815918,2.3251874446868896
45,29,1,-1.2351702451705933,STDK,-2.192228078842163,-1.599714756011963,-0.9372630715370178
45,29,1,-1.2351702451705933,STDK_plus_QLSTM,-2.4802350997924805,-1.6190619468688965,-0.7237941026687622
45,29,1,-1.2351702451705933,STDK_plus_QConvLSTM,-2.0667238235473633,-1.3063642978668213,-0.2516123056411743
45,29,2,-2.0214133262634277,STDK,-2.2206344604492188,-1.6304926872253418,-0.9640255570411682
45,29,2,-2.0214133262634277,STDK_plus_QLSTM,-2.5179941654205322,-1.6589388847351074,-0.7617279291152954
45,29,2,-2.0214133262634277,STDK_plus_QConvLSTM,-2.043428421020508,-1.2036542892456055,-0.28933650255203247
45,29,3,-1.3653804063796997,STDK,-2.2784886360168457,-1.6857157945632935,-1.0154248476028442
45,29,3,-1.3653804063796997,STDK_plus_QLSTM,-2.5516915321350098,-1.6963497400283813,-0.8028891682624817
45,29,3,-1.3653804063796997,STDK_plus_QConvLSTM,-2.0493526458740234,-1.1620287895202637,-0.36131101846694946
45,29,4,-1.9574432373046875,STDK,-2.3288538455963135,-1.7284071445465088,-1.0542030334472656
45,29,4,-1.9574432373046875,STDK_plus_QLSTM,-2.5853633880615234,-1.7338727712631226,-0.8458573222160339
45,29,4,-1.9574432373046875,STDK_plus_QConvLSTM,-1.9578485488891602,-1.2793413400650024,-0.3327454924583435
45,29,5,-1.5067332983016968,STDK,-2.4504270553588867,-1.8377866744995117,-1.1594334840774536
45,29,5,-1.5067332983016968,STDK_plus_QLSTM,-2.618028163909912,-1.7702699899673462,-0.8847597241401672
45,29,5,-1.5067332983016968,STDK_plus_QConvLSTM,-1.9572808742523193,-1.1276930570602417,-0.2777000665664673
45,30,1,-1.1576921939849854,STDK,-1.8073590993881226,-1.2454476356506348,-0.6273460984230042
45,30,1,-1.1576921939849854,STDK_plus_QLSTM,-1.9694609642028809,-1.163975715637207,-0.3304290771484375
45,30,1,-1.1576921939849854,STDK_plus_QConvLSTM,-2.421818971633911,-1.6777552366256714,-0.8083781003952026
45,30,2,-1.1339231729507446,STDK,-1.9534780979156494,-1.3952140808105469,-0.7731924057006836
45,30,2,-1.1339231729507446,STDK_plus_QLSTM,-2.0564727783203125,-1.2324291467666626,-0.3769131302833557
45,30,2,-1.1339231729507446,STDK_plus_QConvLSTM,-2.405322551727295,-1.6857831478118896,-0.7662287950515747
45,30,3,-1.3975473642349243,STDK,-2.117096185684204,-1.5578030347824097,-0.9315969944000244
45,30,3,-1.3975473642349243,STDK_plus_QLSTM,-2.1340792179107666,-1.299443006515503,-0.43971580266952515
45,30,3,-1.3975473642349243,STDK_plus_QConvLSTM,-2.2036147117614746,-1.4535071849822998,-0.5750956535339355
45,30,4,-1.340017318725586,STDK,-2.2014639377593994,-1.6363478899002075,-1.0056287050247192
45,30,4,-1.340017318725586,STDK_plus_QLSTM,-2.206890106201172,-1.3671022653579712,-0.5125642418861389
45,30,4,-1.340017318725586,STDK_plus_QConvLSTM,-2.0369043350219727,-1.2785826921463013,-0.38471513986587524
45,30,5,-1.300856351852417,STDK,-2.2995617389678955,-1.724212646484375,-1.0886633396148682
45,30,5,-1.300856351852417,STDK_plus_QLSTM,-2.2715091705322266,-1.4328488111495972,-0.5817657709121704
45,30,5,-1.300856351852417,STDK_plus_QConvLSTM,-1.8674488067626953,-1.0829850435256958,-0.1629725694656372
45,31,1,1.5531117916107178,STDK,0.05584681034088135,0.5984855890274048,1.2278132438659668
45,31,1,1.5531117916107178,STDK_plus_QLSTM,-0.17320162057876587,0.6617538928985596,1.4363675117492676
45,31,1,1.5531117916107178,STDK_plus_QConvLSTM,-0.9709364771842957,-0.017976894974708557,0.7452479600906372
45,31,2,0.4968988299369812,STDK,0.02621251344680786,0.5646535158157349,1.1982215642929077
45,31,2,0.4968988299369812,STDK_plus_QLSTM,-0.13441699743270874,0.7131791710853577,1.4813878536224365
45,31,2,0.4968988299369812,STDK_plus_QConvLSTM,-0.8857808113098145,-0.017046120017766953,0.7960899472236633
45,31,3,0.3469095826148987,STDK,-0.08686885237693787,0.4520839750766754,1.0898892879486084
45,31,3,0.3469095826148987,STDK_plus_QLSTM,-0.10427945852279663,0.7505412101745605,1.5150456428527832
45,31,3,0.3469095826148987,STDK_plus_QConvLSTM,-0.8033509850502014,0.028431091457605362,0.811000645160675
45,31,4,0.5594565868377686,STDK,-0.21272972226142883,0.3316223919391632,0.9739274978637695
45,31,4,0.5594565868377686,STDK_plus_QLSTM,-0.07815730571746826,0.7782931327819824,1.5404322147369385
45,31,4,0.5594565868377686,STDK_plus_QConvLSTM,-0.8858211040496826,-0.03161792829632759,0.8203901052474976
45,31,5,0.16648370027542114,STDK,-0.2684127390384674,0.28584662079811096,0.9328329563140869
45,31,5,0.16648370027542114,STDK_plus_QLSTM,-0.051324307918548584,0.8021254539489746,1.5631235837936401
45,31,5,0.16648370027542114,STDK_plus_QConvLSTM,-0.7514021396636963,0.13253925740718842,0.9275790452957153
45,32,1,-0.0013642720878124237,STDK,-1.0564517974853516,-0.49326419830322266,0.14678406715393066
45,32,1,-0.0013642720878124237,STDK_plus_QLSTM,-1.3067865371704102,-0.45268553495407104,0.316180944442749
45,32,1,-0.0013642720878124237,STDK_plus_QConvLSTM,-1.043953776359558,-0.31661152839660645,0.5372260212898254
45,32,2,0.4521218538284302,STDK,-1.0764870643615723,-0.5176427960395813,0.12653714418411255
45,32,2,0.4521218538284302,STDK_plus_QLSTM,-1.2868335247039795,-0.42825043201446533,0.3416014313697815
45,32,2,0.4521218538284302,STDK_plus_QConvLSTM,-1.0073978900909424,-0.2971268892288208,0.5572535991668701
45,32,3,0.23407460749149323,STDK,-1.0858473777770996,-0.5261762738227844,0.12224352359771729
45,32,3,0.23407460749149323,STDK_plus_QLSTM,-1.262937307357788,-0.40105557441711426,0.3697633743286133
45,32,3,0.23407460749149323,STDK_plus_QConvLSTM,-0.9940112829208374,-0.21253767609596252,0.5926157236099243
45,32,4,0.7012866139411926,STDK,-1.1245207786560059,-0.5586792230606079,0.09412544965744019
45,32,4,0.7012866139411926,STDK_plus_QLSTM,-1.2369959354400635,-0.3723945617675781,0.3991966247558594
45,32,4,0.7012866139411926,STDK_plus_QConvLSTM,-0.9254606366157532,-0.1745588183403015,0.6879629492759705
45,32,5,1.1851747035980225,STDK,-1.2004112005233765,-0.6234660148620605,0.0340152382850647
45,32,5,1.1851747035980225,STDK_plus_QLSTM,-1.205736756324768,-0.3431987762451172,0.42953723669052124
45,32,5,1.1851747035980225,STDK_plus_QConvLSTM,-0.7534456849098206,-0.020644791424274445,0.8975920677185059
45,33,1,-0.13107527792453766,STDK,-0.9994339942932129,-0.4562470614910126,0.18027964234352112
45,33,1,-0.13107527792453766,STDK_plus_QLSTM,-1.2134901285171509,-0.3380899429321289,0.6418395638465881
45,33,1,-0.13107527792453766,STDK_plus_QConvLSTM,-1.490441918373108,-0.5850702524185181,0.3587039113044739
45,33,2,-0.025883160531520844,STDK,-1.1404380798339844,-0.6022648215293884,0.038555145263671875
45,33,2,-0.025883160531520844,STDK_plus_QLSTM,-1.2792243957519531,-0.3959522843360901,0.6097347140312195
45,33,2,-0.025883160531520844,STDK_plus_QConvLSTM,-1.4514744281768799,-0.5711367726325989,0.21658754348754883
45,33,3,0.5052915811538696,STDK,-1.2732410430908203,-0.734917163848877,-0.0899125337600708
45,33,3,0.5052915811538696,STDK_plus_QLSTM,-1.348541021347046,-0.45771104097366333,0.5504282116889954
45,33,3,0.5052915811538696,STDK_plus_QConvLSTM,-1.341092586517334,-0.4785804748535156,0.3663267493247986
45,33,4,-0.22920340299606323,STDK,-1.3390488624572754,-0.7951788306236267,-0.14584827423095703
45,33,4,-0.22920340299606323,STDK_plus_QLSTM,-1.4022210836410522,-0.5053861737251282,0.49616533517837524
45,33,4,-0.22920340299606323,STDK_plus_QConvLSTM,-1.1774842739105225,-0.33628788590431213,0.5296775102615356
45,33,5,-0.6143852472305298,STDK,-1.3362103700637817,-0.7816725373268127,-0.12781167030334473
45,33,5,-0.6143852472305298,STDK_plus_QLSTM,-1.446727991104126,-0.5457191467285156,0.44993871450424194
45,33,5,-0.6143852472305298,STDK_plus_QConvLSTM,-1.2340008020401,-0.4311280846595764,0.4928087592124939
45,34,1,-0.9950652718544006,STDK,-2.0891928672790527,-1.5589905977249146,-0.9017365574836731
45,34,1,-0.9950652718544006,STDK_plus_QLSTM,-2.1934430599212646,-1.3471758365631104,-0.5689557194709778
45,34,1,-0.9950652718544006,STDK_plus_QConvLSTM,-1.495771884918213,-0.5613784193992615,0.19380134344100952
45,34,2,-0.018255159258842468,STDK,-2.241239070892334,-1.715744972229004,-1.0542590618133545
45,34,2,-0.018255159258842468,STDK_plus_QLSTM,-2.205517292022705,-1.3636651039123535,-0.5822668671607971
45,34,2,-0.018255159258842468,STDK_plus_QConvLSTM,-1.4658679962158203,-0.6505498886108398,0.09252732992172241
45,34,3,-0.027823403477668762,STDK,-2.443490505218506,-1.917643666267395,-1.251878023147583
45,34,3,-0.027823403477668762,STDK_plus_QLSTM,-2.1865925788879395,-1.3538326025009155,-0.5706841945648193
45,34,3,-0.027823403477668762,STDK_plus_QConvLSTM,-1.4100886583328247,-0.6033766269683838,0.23264795541763306
45,34,4,0.09475159645080566,STDK,-2.578516960144043,-2.0471677780151367,-1.377029299736023
45,34,4,0.09475159645080566,STDK_plus_QLSTM,-2.1450953483581543,-1.3221858739852905,-0.53721022605896
45,34,4,0.09475159645080566,STDK_plus_QConvLSTM,-1.2708019018173218,-0.4606272280216217,0.32021865248680115
45,34,5,-0.0022653043270111084,STDK,-2.6423304080963135,-2.1008219718933105,-1.426185131072998
45,34,5,-0.0022653043270111084,STDK_plus_QLSTM,-2.0938920974731445,-1.2810930013656616,-0.49619877338409424
45,34,5,-0.0022653043270111084,STDK_plus_QConvLSTM,-1.1522674560546875,-0.2864994406700134,0.4576922059059143
45,35,1,-1.1108752489089966,STDK,-2.3393969535827637,-1.8082780838012695,-1.1418707370758057
45,35,1,-1.1108752489089966,STDK_plus_QLSTM,-2.5339913368225098,-1.7378287315368652,-0.8778071999549866
45,35,1,-1.1108752489089966,STDK_plus_QConvLSTM,-1.6282680034637451,-0.8193454146385193,0.07658475637435913
45,35,2,-0.9500551223754883,STDK,-2.4506454467773438,-1.924244999885559,-1.2535977363586426
45,35,2,-0.9500551223754883,STDK_plus_QLSTM,-2.569197177886963,-1.7713508605957031,-0.9072192311286926
45,35,2,-0.9500551223754883,STDK_plus_QConvLSTM,-1.5750250816345215,-0.778958797454834,0.03498852252960205
45,35,3,-0.8779544234275818,STDK,-2.557412624359131,-2.030651330947876,-1.3556773662567139
45,35,3,-0.8779544234275818,STDK_plus_QLSTM,-2.5773632526397705,-1.7910197973251343,-0.9263253808021545
45,35,3,-0.8779544234275818,STDK_plus_QConvLSTM,-1.521909236907959,-0.7454841732978821,0.05889618396759033
45,35,4,-1.2064495086669922,STDK,-2.665705680847168,-2.1334352493286133,-1.4540481567382812
45,35,4,-1.2064495086669922,STDK_plus_QLSTM,-2.5789196491241455,-1.8059182167053223,-0.939887285232544
45,35,4,-1.2064495086669922,STDK_plus_QConvLSTM,-1.3348748683929443,-0.5501399636268616,0.23285669088363647
45,35,5,-0.5396592617034912,STDK,-2.7381296157836914,-2.1956169605255127,-1.511962652206421
45,35,5,-0.5396592617034912,STDK_plus_QLSTM,-2.581549644470215,-1.821192979812622,-0.955251157283783
45,35,5,-0.5396592617034912,STDK_plus_QConvLSTM,-1.1644642353057861,-0.3475577235221863,0.4240826964378357
45,36,1,0.46140074729919434,STDK,-0.007150113582611084,0.549385666847229,1.2093735933303833
45,36,1,0.46140074729919434,STDK_plus_QLSTM,-0.22921937704086304,0.6057761311531067,1.4234752655029297
45,36,1,0.46140074729919434,STDK_plus_QConvLSTM,-0.3531908690929413,0.47044017910957336,1.3322700262069702
45,36,2,0.5749948620796204,STDK,-0.002880871295928955,0.5494881868362427,1.2134222984313965
45,36,2,0.5749948620796204,STDK_plus_QLSTM,-0.2195255160331726,0.6156759858131409,1.431035041809082
45,36,2,0.5749948620796204,STDK_plus_QConvLSTM,-0.28602135181427,0.5526303648948669,1.4182960987091064
45,36,3,0.7856705784797668,STDK,-0.006037712097167969,0.5471518039703369,1.2150684595108032
45,36,3,0.7856705784797668,STDK_plus_QLSTM,-0.22764378786087036,0.6091026663780212,1.4216943979263306
45,36,3,0.7856705784797668,STDK_plus_QConvLSTM,-0.10728687047958374,0.7216153740882874,1.5815293788909912
45,36,4,0.7930375933647156,STDK,-0.004191279411315918,0.5548946857452393,1.2268855571746826
45,36,4,0.7930375933647156,STDK_plus_QLSTM,-0.24104279279708862,0.5957109332084656,1.4062026739120483
45,36,4,0.7930375933647156,STDK_plus_QConvLSTM,-0.1304330825805664,0.6343668699264526,1.572940468788147
45,36,5,0.8057336807250977,STDK,-0.05218327045440674,0.5172064304351807,1.1933833360671997
45,36,5,0.8057336807250977,STDK_plus_QLSTM,-0.2567911744117737,0.5792956948280334,1.387500286102295
45,36,5,0.8057336807250977,STDK_plus_QConvLSTM,-0.32132065296173096,0.500225841999054,1.470747947692871
45,37,1,1.2472918033599854,STDK,0.5070703029632568,1.07142174243927,1.732521414756775
45,37,1,1.2472918033599854,STDK_plus_QLSTM,0.33826035261154175,1.132158875465393,1.9511277675628662
45,37,1,1.2472918033599854,STDK_plus_QConvLSTM,0.13279306888580322,0.8275419473648071,1.7027337551116943
45,37,2,1.2784258127212524,STDK,0.30844324827194214,0.8688126802444458,1.5337738990783691
45,37,2,1.2784258127212524,STDK_plus_QLSTM,0.29756760597229004,1.0807663202285767,1.9102799892425537
45,37,2,1.2784258127212524,STDK_plus_QConvLSTM,0.21409016847610474,0.9707637429237366,1.7996747493743896
45,37,3,1.2541565895080566,STDK,0.11717087030410767,0.6784279346466064,1.347140908241272
45,37,3,1.2541565895080566,STDK_plus_QLSTM,0.2533528208732605,1.0294374227523804,1.874226689338684
45,37,3,1.2541565895080566,STDK_plus_QConvLSTM,0.045582711696624756,0.826717734336853,1.501613974571228
45,37,4,0.2919386029243469,STDK,-0.08841213583946228,0.47869446873664856,1.151312232017517
45,37,4,0.2919386029243469,STDK_plus_QLSTM,0.21561896800994873,0.9906641244888306,1.84310781955719
45,37,4,0.2919386029243469,STDK_plus_QConvLSTM,0.07342630624771118,0.8793073296546936,1.599280834197998
45,37,5,1.3225736618041992,STDK,-0.2418307662010193,0.3355392813682556,1.012300968170166
45,37,5,1.3225736618041992,STDK_plus_QLSTM,0.16675257682800293,0.9527894258499146,1.8071303367614746
45,37,5,1.3225736618041992,STDK_plus_QConvLSTM,-0.10594069957733154,0.8217231631278992,1.5927050113677979
45,38,1,-0.5932852625846863,STDK,-1.6161818504333496,-1.0401214361190796,-0.3747425675392151
45,38,1,-0.5932852625846863,STDK_plus_QLSTM,-2.0494675636291504,-1.0853427648544312,-0.20343971252441406
45,38,1,-0.5932852625846863,STDK_plus_QConvLSTM,-1.8818199634552002,-1.0171910524368286,0.004929304122924805
45,38,2,-0.5438061356544495,STDK,-1.6758159399032593,-1.1022192239761353,-0.4327314496040344
45,38,2,-0.5438061356544495,STDK_plus_QLSTM,-2.129335403442383,-1.1302553415298462,-0.2405329942703247
45,38,2,-0.5438061356544495,STDK_plus_QConvLSTM,-1.7771364450454712,-0.981962263584137,-0.09724247455596924
45,38,3,-1.111964464187622,STDK,-1.7279744148254395,-1.151999592781067,-0.4783807396888733
45,38,3,-1.111964464187622,STDK_plus_QLSTM,-2.1782875061035156,-1.1797184944152832,-0.3047710657119751
45,38,3,-1.111964464187622,STDK_plus_QConvLSTM,-1.681915044784546,-0.8610408902168274,0.013794124126434326
45,38,4,-1.9250054359436035,STDK,-1.7892405986785889,-1.2058610916137695,-0.5279107093811035
45,38,4,-1.9250054359436035,STDK_plus_QLSTM,-2.213498592376709,-1.2260017395019531,-0.3600485920906067
45,38,4,-1.9250054359436035,STDK_plus_QConvLSTM,-1.6289517879486084,-0.8311672806739807,0.05934041738510132
45,38,5,-0.6886782646179199,STDK,-1.837895154953003,-1.2425404787063599,-0.5603610873222351
45,38,5,-0.6886782646179199,STDK_plus_QLSTM,-2.2420103549957275,-1.2699825763702393,-0.4044247269630432
45,38,5,-0.6886782646179199,STDK_plus_QConvLSTM,-1.7566444873809814,-0.872630774974823,-0.005620002746582031
45,39,1,-1.1608582735061646,STDK,-1.9724434614181519,-1.3919755220413208,-0.7270235419273376
45,39,1,-1.1608582735061646,STDK_plus_QLSTM,-2.215667724609375,-1.3281731605529785,-0.3919406533241272
45,39,1,-1.1608582735061646,STDK_plus_QConvLSTM,-1.832155466079712,-0.7572383880615234,0.2809234857559204
45,39,2,-0.9793471097946167,STDK,-2.047639846801758,-1.4694756269454956,-0.8003973364830017
45,39,2,-0.9793471097946167,STDK_plus_QLSTM,-2.2671077251434326,-1.3689332008361816,-0.4286752939224243
45,39,2,-0.9793471097946167,STDK_plus_QConvLSTM,-1.833930492401123,-0.7056132555007935,0.3535047769546509
45,39,3,-1.5525743961334229,STDK,-2.129235029220581,-1.5486316680908203,-0.8752725720405579
45,39,3,-1.5525743961334229,STDK_plus_QLSTM,-2.305664539337158,-1.4070481061935425,-0.4704640507698059
45,39,3,-1.5525743961334229,STDK_plus_QConvLSTM,-1.716374397277832,-0.6816508173942566,0.426832377910614
45,39,4,-2.0695152282714844,STDK,-2.1754844188690186,-1.5871351957321167,-0.9092326760292053
45,39,4,-2.0695152282714844,STDK_plus_QLSTM,-2.33762788772583,-1.4409962892532349,-0.514610230922699
45,39,4,-2.0695152282714844,STDK_plus_QConvLSTM,-1.603729486465454,-0.5281602740287781,0.5598397850990295
45,39,5,-1.270309329032898,STDK,-2.1922590732574463,-1.591518521308899,-0.9090976715087891
45,39,5,-1.270309329032898,STDK_plus_QLSTM,-2.3668606281280518,-1.4719706773757935,-0.550126850605011
45,39,5,-1.270309329032898,STDK_plus_QConvLSTM,-1.6349363327026367,-0.5918213129043579,0.5207110643386841
45,40,1,0.4784057140350342,STDK,-0.8952147960662842,-0.30524781346321106,0.3331480920314789
45,40,1,0.4784057140350342,STDK_plus_QLSTM,-1.0866434574127197,-0.27666082978248596,0.5403575897216797
45,40,1,0.4784057140350342,STDK_plus_QConvLSTM,-0.8197176456451416,-0.036813534796237946,0.80036860704422
45,40,2,0.15471184253692627,STDK,-1.0142923593521118,-0.4281209111213684,0.2140253186225891
45,40,2,0.15471184253692627,STDK_plus_QLSTM,-1.1316901445388794,-0.3280737102031708,0.4944697916507721
45,40,2,0.15471184253692627,STDK_plus_QConvLSTM,-0.7959522604942322,0.0006339401006698608,0.8215830326080322
45,40,3,-0.24035640060901642,STDK,-1.089931607246399,-0.5023780465126038,0.14367491006851196
45,40,3,-0.24035640060901642,STDK_plus_QLSTM,-1.1583303213119507,-0.3605698049068451,0.46521422266960144
45,40,3,-0.24035640060901642,STDK_plus_QConvLSTM,-0.7200698256492615,0.057808347046375275,0.8510662317276001
45,40,4,0.005551598966121674,STDK,-1.143188714981079,-0.5490861535072327,0.10107451677322388
45,40,4,0.005551598966121674,STDK_plus_QLSTM,-1.1751999855041504,-0.3815954625606537,0.4454812705516815
45,40,4,0.005551598966121674,STDK_plus_QConvLSTM,-0.7463714480400085,0.06751731783151627,0.8606948256492615
45,40,5,0.1501016914844513,STDK,-1.1944730281829834,-0.5893808603286743,0.06499266624450684
45,40,5,0.1501016914844513,STDK_plus_QLSTM,-1.187851071357727,-0.39464184641838074,0.4318592846393585
45,40,5,0.1501016914844513,STDK_plus_QConvLSTM,-0.759309709072113,0.10079135745763779,0.9060028195381165
45,41,1,-0.26870524883270264,STDK,-0.9601067304611206,-0.4263693392276764,0.20375344157218933
45,41,1,-0.26870524883270264,STDK_plus_QLSTM,-0.9139183163642883,-0.17292384803295135,0.658308744430542
45,41,1,-0.26870524883270264,STDK_plus_QConvLSTM,-1.066972255706787,-0.31508612632751465,0.49277573823928833
45,41,2,-0.5952481627464294,STDK,-1.1178263425827026,-0.5886906385421753,0.04562687873840332
45,41,2,-0.5952481627464294,STDK_plus_QLSTM,-0.9244500398635864,-0.17960692942142487,0.6568861603736877
45,41,2,-0.5952481627464294,STDK_plus_QConvLSTM,-1.0937343835830688,-0.3475053608417511,0.46749284863471985
45,41,3,-0.21402539312839508,STDK,-1.2704882621765137,-0.7410003542900085,-0.10268193483352661
45,41,3,-0.21402539312839508,STDK_plus_QLSTM,-0.9449251890182495,-0.1979767233133316,0.6430472135543823
45,41,3,-0.21402539312839508,STDK_plus_QConvLSTM,-1.0816431045532227,-0.3246527314186096,0.492973268032074
45,41,4,-0.42235642671585083,STDK,-1.4409306049346924,-0.9059244394302368,-0.26340407133102417
45,41,4,-0.42235642671585083,STDK_plus_QLSTM,-0.9753551483154297,-0.22659991681575775,0.6204043626785278
45,41,4,-0.42235642671585083,STDK_plus_QConvLSTM,-1.177384376525879,-0.4327349066734314,0.41860753297805786
45,41,5,-0.20727631449699402,STDK,-1.5858850479125977,-1.040762186050415,-0.39382874965667725
45,41,5,-0.20727631449699402,STDK_plus_QLSTM,-1.0103212594985962,-0.26127123832702637,0.5882067680358887
45,41,5,-0.20727631449699402,STDK_plus_QConvLSTM,-1.2231833934783936,-0.491481214761734,0.38147613406181335
45,42,1,0.8725706934928894,STDK,-0.14094045758247375,0.4031248986721039,1.036622405052185
45,42,1,0.8725706934928894,STDK_plus_QLSTM,-0.36087700724601746,0.39363327622413635,1.2461719512939453
45,42,1,0.8725706934928894,STDK_plus_QConvLSTM,0.0018143057823181152,0.8363958597183228,1.660860538482666
45,42,2,1.0843368768692017,STDK,-0.12453505396842957,0.4145859181880951,1.0519548654556274
45,42,2,1.0843368768692017,STDK_plus_QLSTM,-0.38560226559638977,0.36909404397010803,1.2245608568191528
45,42,2,1.0843368768692017,STDK_plus_QConvLSTM,0.042446255683898926,0.8939335346221924,1.7698111534118652
45,42,3,1.2259745597839355,STDK,-0.14457258582115173,0.39484915137290955,1.036210060119629
45,42,3,1.2259745597839355,STDK_plus_QLSTM,-0.4104565680027008,0.34257403016090393,1.1937739849090576
45,42,3,1.2259745597839355,STDK_plus_QConvLSTM,0.06538254022598267,0.9664899706840515,1.7278857231140137
45,42,4,0.8945925831794739,STDK,-0.18127545714378357,0.36380115151405334,1.0093516111373901
45,42,4,0.8945925831794739,STDK_plus_QLSTM,-0.4420180022716522,0.3107578456401825,1.156253695487976
45,42,4,0.8945925831794739,STDK_plus_QConvLSTM,0.039418578147888184,0.8843483328819275,1.6913015842437744
45,42,5,1.3117096424102783,STDK,-0.2491254210472107,0.30652642250061035,0.9563463926315308
45,42,5,1.3117096424102783,STDK_plus_QLSTM,-0.47862765192985535,0.2766534984111786,1.1191507577896118
45,42,5,1.3117096424102783,STDK_plus_QConvLSTM,-0.048509299755096436,0.8079127669334412,1.6254459619522095
45,43,1,-0.5960263013839722,STDK,-1.4225112199783325,-0.8657754063606262,-0.2137797474861145
45,43,1,-0.5960263013839722,STDK_plus_QLSTM,-1.6935031414031982,-0.9409092664718628,-0.11090618371963501
45,43,1,-0.5960263013839722,STDK_plus_QConvLSTM,-1.2714284658432007,-0.4556833803653717,0.3048194348812103
45,43,2,-0.40803617238998413,STDK,-1.379162073135376,-0.8274039626121521,-0.17109692096710205
45,43,2,-0.40803617238998413,STDK_plus_QLSTM,-1.735283374786377,-0.9872918128967285,-0.15483170747756958
45,43,2,-0.40803617238998413,STDK_plus_QConvLSTM,-1.2611287832260132,-0.4712962210178375,0.3087010085582733
45,43,3,-0.4883784055709839,STDK,-1.3754394054412842,-0.8234584331512451,-0.16315877437591553
45,43,3,-0.4883784055709839,STDK_plus_QLSTM,-1.7621476650238037,-1.0094106197357178,-0.1840822696685791
45,43,3,-0.4883784055709839,STDK_plus_QConvLSTM,-1.2529479265213013,-0.41979196667671204,0.4090372622013092
45,43,4,-0.6051893830299377,STDK,-1.397197961807251,-0.8392077684402466,-0.1749500036239624
45,43,4,-0.6051893830299377,STDK_plus_QLSTM,-1.7888727188110352,-1.0235753059387207,-0.2096816897392273
45,43,4,-0.6051893830299377,STDK_plus_QConvLSTM,-1.2414608001708984,-0.4674881100654602,0.36250245571136475
45,43,5,-0.2734493017196655,STDK,-1.4328312873840332,-0.8639415502548218,-0.19564861059188843
45,43,5,-0.2734493017196655,STDK_plus_QLSTM,-1.8023386001586914,-1.032731056213379,-0.2200755476951599
45,43,5,-0.2734493017196655,STDK_plus_QConvLSTM,-1.2384023666381836,-0.5353841185569763,0.362057626247406
45,44,1,-1.4389442205429077,STDK,-2.4251348972320557,-1.8897608518600464,-1.209840178489685
45,44,1,-1.4389442205429077,STDK_plus_QLSTM,-2.624622344970703,-1.866546392440796,-1.0283610820770264
45,44,1,-1.4389442205429077,STDK_plus_QConvLSTM,-2.5392558574676514,-1.7023605108261108,-0.9225903153419495
45,44,2,-1.0757660865783691,STDK,-2.514946460723877,-1.9844180345535278,-1.301126480102539
45,44,2,-1.0757660865783691,STDK_plus_QLSTM,-2.692314624786377,-1.937736988067627,-1.095350980758667
45,44,2,-1.0757660865783691,STDK_plus_QConvLSTM,-2.4144465923309326,-1.5650728940963745,-0.9058443903923035
45,44,3,-0.6282253861427307,STDK,-2.5701303482055664,-2.0394515991210938,-1.3525865077972412
45,44,3,-0.6282253861427307,STDK_plus_QLSTM,-2.7536349296569824,-2.0033273696899414,-1.1570024490356445
45,44,3,-0.6282253861427307,STDK_plus_QConvLSTM,-2.310075044631958,-1.488338828086853,-0.761428713798523
45,44,4,-0.7199844121932983,STDK,-2.6507909297943115,-2.1143996715545654,-1.4238038063049316
45,44,4,-0.7199844121932983,STDK_plus_QLSTM,-2.812786340713501,-2.0677454471588135,-1.219301462173462
45,44,4,-0.7199844121932983,STDK_plus_QConvLSTM,-2.2203922271728516,-1.3714910745620728,-0.6540498733520508
45,44,5,-0.6126272678375244,STDK,-2.7226309776306152,-2.1757328510284424,-1.4811092615127563
45,44,5,-0.6126272678375244,STDK_plus_QLSTM,-2.8726987838745117,-2.1329915523529053,-1.2845675945281982
45,44,5,-0.6126272678375244,STDK_plus_QConvLSTM,-2.162550687789917,-1.2889862060546875,-0.6848198771476746
45,45,1,-0.7712442874908447,STDK,-1.632925271987915,-1.1042022705078125,-0.42453956604003906
45,45,1,-0.7712442874908447,STDK_plus_QLSTM,-1.7093205451965332,-0.9248132109642029,-0.03627651929855347
45,45,1,-0.7712442874908447,STDK_plus_QConvLSTM,-1.3222736120224,-0.49841979146003723,0.3010524809360504
45,45,2,-0.7550941705703735,STDK,-1.7227354049682617,-1.1987782716751099,-0.5157522559165955
45,45,2,-0.7550941705703735,STDK_plus_QLSTM,-1.779450535774231,-0.9947562217712402,-0.0984506607055664
45,45,2,-0.7550941705703735,STDK_plus_QConvLSTM,-1.2187457084655762,-0.42942145466804504,0.28506091237068176
45,45,3,-0.5365174412727356,STDK,-1.8162078857421875,-1.2916358709335327,-0.6049824953079224
45,45,3,-0.5365174412727356,STDK_plus_QLSTM,-1.828230857849121,-1.045346736907959,-0.14534276723861694
45,45,3,-0.5365174412727356,STDK_plus_QConvLSTM,-1.1222435235977173,-0.3529866635799408,0.36458292603492737
45,45,4,-0.11288340389728546,STDK,-1.885920524597168,-1.3553682565689087,-0.6647216081619263
45,45,4,-0.11288340389728546,STDK_plus_QLSTM,-1.849092721939087,-1.0755882263183594,-0.17577773332595825
45,45,4,-0.11288340389728546,STDK_plus_QConvLSTM,-1.0964194536209106,-0.35379210114479065,0.46742770075798035
45,45,5,0.15106169879436493,STDK,-1.8957853317260742,-1.3547028303146362,-0.6597468256950378
45,45,5,0.15106169879436493,STDK_plus_QLSTM,-1.8590986728668213,-1.0964077711105347,-0.19695192575454712
45,45,5,0.15106169879436493,STDK_plus_QConvLSTM,-1.181509256362915,-0.4485836923122406,0.4015900790691376
45,46,1,0.6796076893806458,STDK,0.023456335067749023,0.5862985849380493,1.2465916872024536
45,46,1,0.6796076893806458,STDK_plus_QLSTM,-0.2575364112854004,0.6296517252922058,1.43316650390625
45,46,1,0.6796076893806458,STDK_plus_QConvLSTM,-0.44902992248535156,0.47146010398864746,1.3159180879592896
45,46,2,0.3482598662376404,STDK,-0.0011571645736694336,0.5580059885978699,1.2221202850341797
45,46,2,0.3482598662376404,STDK_plus_QLSTM,-0.22244352102279663,0.6602181792259216,1.4627680778503418
45,46,2,0.3482598662376404,STDK_plus_QConvLSTM,-0.516517162322998,0.4465160667896271,1.2637733221054077
45,46,3,0.6477015614509583,STDK,-0.02500629425048828,0.5350961089134216,1.2031214237213135
45,46,3,0.6477015614509583,STDK_plus_QLSTM,-0.1906985640525818,0.6902533173561096,1.4902019500732422
45,46,3,0.6477015614509583,STDK_plus_QConvLSTM,-0.6559585928916931,0.24394835531711578,1.1044517755508423
45,46,4,0.19783559441566467,STDK,-0.08266225457191467,0.4833665192127228,1.1554410457611084
45,46,4,0.19783559441566467,STDK_plus_QLSTM,-0.1600344181060791,0.7198249101638794,1.5180509090423584
45,46,4,0.19783559441566467,STDK_plus_QConvLSTM,-0.7229688167572021,0.21420970559120178,1.0558085441589355
45,46,5,0.7028946876525879,STDK,-0.14658436179161072,0.4298788011074066,1.1060940027236938
45,46,5,0.7028946876525879,STDK_plus_QLSTM,-0.13105785846710205,0.7483685612678528,1.5452165603637695
45,46,5,0.7028946876525879,STDK_plus_QConvLSTM,-0.7845084071159363,0.22013944387435913,1.0390210151672363
45,47,1,-1.3778811693191528,STDK,-2.4061567783355713,-1.8349040746688843,-1.1748266220092773
45,47,1,-1.3778811693191528,STDK_plus_QLSTM,-2.4773755073547363,-1.6007566452026367,-0.6204162240028381
45,47,1,-1.3778811693191528,STDK_plus_QConvLSTM,-2.346499443054199,-1.2508893013000488,-0.4852275848388672
45,47,2,-1.514557123184204,STDK,-2.59511399269104,-2.02748703956604,-1.3638927936553955
45,47,2,-1.514557123184204,STDK_plus_QLSTM,-2.567694664001465,-1.6423931121826172,-0.6468201875686646
45,47,2,-1.514557123184204,STDK_plus_QConvLSTM,-2.155858278274536,-1.087091088294983,-0.37410998344421387
45,47,3,-1.426668405532837,STDK,-2.70060133934021,-2.1318447589874268,-1.4646447896957397
45,47,3,-1.426668405532837,STDK_plus_QLSTM,-2.5888586044311523,-1.6455122232437134,-0.6665593981742859
45,47,3,-1.426668405532837,STDK_plus_QConvLSTM,-2.175149440765381,-1.1489921808242798,-0.42105162143707275
45,47,4,-1.873577356338501,STDK,-2.7874085903167725,-2.212785243988037,-1.5417680740356445
45,47,4,-1.873577356338501,STDK_plus_QLSTM,-2.608583450317383,-1.6771268844604492,-0.7221190333366394
45,47,4,-1.873577356338501,STDK_plus_QConvLSTM,-2.252324104309082,-1.196521282196045,-0.38832151889801025
45,47,5,-1.7311782836914062,STDK,-2.90291690826416,-2.318091630935669,-1.6430174112319946
45,47,5,-1.7311782836914062,STDK_plus_QLSTM,-2.6083755493164062,-1.6936864852905273,-0.7657237648963928
45,47,5,-1.7311782836914062,STDK_plus_QConvLSTM,-2.3513755798339844,-1.1930952072143555,-0.42772823572158813
45,48,1,-0.11770026385784149,STDK,-0.37115010619163513,0.1855025589466095,0.8526971340179443
45,48,1,-0.11770026385784149,STDK_plus_QLSTM,-0.6170117855072021,0.20182529091835022,0.9984420537948608
45,48,1,-0.11770026385784149,STDK_plus_QConvLSTM,-1.035975456237793,-0.39232298731803894,0.5210827589035034
45,48,2,0.31466084718704224,STDK,-0.2948364019393921,0.2581329345703125,0.9293025135993958
45,48,2,0.31466084718704224,STDK_plus_QLSTM,-0.5358179807662964,0.2921227514743805,1.0956707000732422
45,48,2,0.31466084718704224,STDK_plus_QConvLSTM,-0.9688265323638916,-0.2454213798046112,0.6206895112991333
45,48,3,-0.31486737728118896,STDK,-0.2879638075828552,0.2661498188972473,0.9411273002624512
45,48,3,-0.31486737728118896,STDK_plus_QLSTM,-0.4609281122684479,0.37196388840675354,1.2065818309783936
45,48,3,-0.31486737728118896,STDK_plus_QConvLSTM,-0.9575147032737732,-0.23959852755069733,0.5447103977203369
45,48,4,-1.4764244556427002,STDK,-0.3126031756401062,0.2488468736410141,0.9276138544082642
45,48,4,-1.4764244556427002,STDK_plus_QLSTM,-0.39392587542533875,0.44262900948524475,1.3148777484893799
45,48,4,-1.4764244556427002,STDK_plus_QConvLSTM,-1.0690312385559082,-0.25070446729660034,0.6533176302909851
45,48,5,-0.9367283582687378,STDK,-0.41918206214904785,0.15412427484989166,0.836902379989624
45,48,5,-0.9367283582687378,STDK_plus_QLSTM,-0.3314294219017029,0.5047252178192139,1.3771106004714966
45,48,5,-0.9367283582687378,STDK_plus_QConvLSTM,-1.1083531379699707,-0.27656275033950806,0.7353755831718445
45,49,1,0.5240137577056885,STDK,-0.46373289823532104,0.09479232132434845,0.7402001619338989
45,49,1,0.5240137577056885,STDK_plus_QLSTM,-0.720102071762085,0.1328810155391693,0.9291523694992065
45,49,1,0.5240137577056885,STDK_plus_QConvLSTM,-0.16952788829803467,0.767139196395874,1.4907445907592773
45,49,2,0.6040488481521606,STDK,-0.5778516530990601,-0.022325241938233376,0.6271896958351135
45,49,2,0.6040488481521606,STDK_plus_QLSTM,-0.6997402906417847,0.15697726607322693,0.9490764141082764
45,49,2,0.6040488481521606,STDK_plus_QConvLSTM,-0.0889548659324646,0.8683947324752808,1.5672447681427002
45,49,3,0.19077859818935394,STDK,-0.5733577013015747,-0.015793660655617714,0.6378689408302307
45,49,3,0.19077859818935394,STDK_plus_QLSTM,-0.669737696647644,0.18429109454154968,0.9647784233093262
45,49,3,0.19077859818935394,STDK_plus_QConvLSTM,-0.10341930389404297,0.761620044708252,1.6327509880065918
45,49,4,-0.24947339296340942,STDK,-0.5724913477897644,-0.00730733759701252,0.6507487893104553
45,49,4,-0.24947339296340942,STDK_plus_QLSTM,-0.6377538442611694,0.21310082077980042,0.9918814897537231
45,49,4,-0.24947339296340942,STDK_plus_QConvLSTM,-0.18882036209106445,0.69049471616745,1.5204344987869263
45,49,5,0.2678256928920746,STDK,-0.6075543761253357,-0.02989058382809162,0.6326122283935547
45,49,5,0.2678256928920746,STDK_plus_QLSTM,-0.6049598455429077,0.24228248000144958,1.02169668674469
45,49,5,0.2678256928920746,STDK_plus_QConvLSTM,-0.28170233964920044,0.5854294300079346,1.4711612462997437
45,50,1,0.6568686962127686,STDK,-0.4694942831993103,0.11184375733137131,0.7539504170417786
45,50,1,0.6568686962127686,STDK_plus_QLSTM,-0.5852498412132263,0.1796523481607437,1.0344774723052979
45,50,1,0.6568686962127686,STDK_plus_QConvLSTM,-0.7583945989608765,0.062067661434412,1.0001368522644043
45,50,2,-0.21514515578746796,STDK,-0.526973307132721,0.050081051886081696,0.6959264874458313
45,50,2,-0.21514515578746796,STDK_plus_QLSTM,-0.6273109316825867,0.13703300058841705,1.0190422534942627
45,50,2,-0.21514515578746796,STDK_plus_QConvLSTM,-0.7297524213790894,0.11776632815599442,0.9955132603645325
45,50,3,0.211680606007576,STDK,-0.5338099598884583,0.044348783791065216,0.6939566731452942
45,50,3,0.211680606007576,STDK_plus_QLSTM,-0.6774454116821289,0.08639521896839142,0.9799975752830505
45,50,3,0.211680606007576,STDK_plus_QConvLSTM,-0.7464209198951721,0.11916665732860565,0.9780632257461548
45,50,4,0.4882775843143463,STDK,-0.5327293276786804,0.05175464600324631,0.7052348852157593
45,50,4,0.4882775843143463,STDK_plus_QLSTM,-0.7328363060951233,0.036001935601234436,0.9305105209350586
45,50,4,0.4882775843143463,STDK_plus_QConvLSTM,-0.6748471260070801,0.16782960295677185,1.017552375793457
45,50,5,0.4982476830482483,STDK,-0.5463423132896423,0.04915774613618851,0.7066490650177002
45,50,5,0.4982476830482483,STDK_plus_QLSTM,-0.7884833216667175,-0.010450286790728569,0.8839410543441772
45,50,5,0.4982476830482483,STDK_plus_QConvLSTM,-0.6732903718948364,0.16886308789253235,1.0904884338378906
45,51,1,0.13720372319221497,STDK,-0.6638429760932922,-0.11422251909971237,0.5209470987319946
45,51,1,0.13720372319221497,STDK_plus_QLSTM,-0.7661230564117432,-0.01646304875612259,0.8305283784866333
45,51,1,0.13720372319221497,STDK_plus_QConvLSTM,-0.844422459602356,0.018723031505942345,0.9315620064735413
45,51,2,0.046259842813014984,STDK,-0.8977710008621216,-0.353000670671463,0.2858777344226837
45,51,2,0.046259842813014984,STDK_plus_QLSTM,-0.8786342740058899,-0.12160361558198929,0.7231341600418091
45,51,2,0.046259842813014984,STDK_plus_QConvLSTM,-0.7922675609588623,-0.00907878577709198,0.8384445309638977
45,51,3,0.21701160073280334,STDK,-1.0055952072143555,-0.46052882075309753,0.18196305632591248
45,51,3,0.21701160073280334,STDK_plus_QLSTM,-0.9449564814567566,-0.17511910200119019,0.6675538420677185
45,51,3,0.21701160073280334,STDK_plus_QConvLSTM,-0.7242628931999207,0.022734766826033592,0.9250442981719971
45,51,4,0.7090585827827454,STDK,-1.0542019605636597,-0.5035709142684937,0.14264452457427979
45,51,4,0.7090585827827454,STDK_plus_QLSTM,-0.9867677688598633,-0.19723236560821533,0.642808198928833
45,51,4,0.7090585827827454,STDK_plus_QConvLSTM,-0.7577066421508789,0.08811835944652557,0.909716784954071
45,51,5,0.5613386631011963,STDK,-1.0524598360061646,-0.4914131462574005,0.1586831510066986
45,51,5,0.5613386631011963,STDK_plus_QLSTM,-1.0043387413024902,-0.20455586910247803,0.6304271817207336
45,51,5,0.5613386631011963,STDK_plus_QConvLSTM,-0.7500905394554138,0.09979067742824554,1.0186529159545898
45,52,1,-0.011028271168470383,STDK,0.001008152961730957,0.5640944242477417,1.1961681842803955
45,52,1,-0.011028271168470383,STDK_plus_QLSTM,-0.17916768789291382,0.5751994252204895,1.3803210258483887
45,52,1,-0.011028271168470383,STDK_plus_QConvLSTM,-0.052196204662323,0.7028723955154419,1.4759671688079834
45,52,2,-0.08707715570926666,STDK,-0.01675325632095337,0.5412062406539917,1.1769628524780273
45,52,2,-0.08707715570926666,STDK_plus_QLSTM,-0.17688250541687012,0.5799129605293274,1.3831926584243774
45,52,2,-0.08707715570926666,STDK_plus_QConvLSTM,-0.06342577934265137,0.6693412065505981,1.4167835712432861
45,52,3,0.10867159813642502,STDK,-0.036162376403808594,0.5220158100128174,1.1614383459091187
45,52,3,0.10867159813642502,STDK_plus_QLSTM,-0.17029738426208496,0.5870187878608704,1.3890020847320557
45,52,3,0.10867159813642502,STDK_plus_QConvLSTM,-0.1410732865333557,0.5835040211677551,1.3957105875015259
45,52,4,-0.4028434157371521,STDK,-0.07228812575340271,0.49151769280433655,1.1347566843032837
45,52,4,-0.4028434157371521,STDK_plus_QLSTM,-0.164118230342865,0.5949710011482239,1.395737886428833
45,52,4,-0.4028434157371521,STDK_plus_QConvLSTM,-0.17919707298278809,0.4735056757926941,1.3138256072998047
45,52,5,0.1881936937570572,STDK,-0.0973120629787445,0.47713443636894226,1.1244208812713623
45,52,5,0.1881936937570572,STDK_plus_QLSTM,-0.15647941827774048,0.6034401655197144,1.4037706851959229
45,52,5,0.1881936937570572,STDK_plus_QConvLSTM,-0.17755481600761414,0.44541892409324646,1.2917284965515137
45,53,1,-0.6123572587966919,STDK,-2.103975534439087,-1.5344035625457764,-0.8972532749176025
45,53,1,-0.6123572587966919,STDK_plus_QLSTM,-2.339846134185791,-1.5232620239257812,-0.7203260660171509
45,53,1,-0.6123572587966919,STDK_plus_QConvLSTM,-2.4044268131256104,-1.4574551582336426,-0.44011378288269043
45,53,2,-1.2321771383285522,STDK,-2.1240997314453125,-1.5581806898117065,-0.9172462821006775
45,53,2,-1.2321771383285522,STDK_plus_QLSTM,-2.342252016067505,-1.5269031524658203,-0.7151550054550171
45,53,2,-1.2321771383285522,STDK_plus_QConvLSTM,-2.467853546142578,-1.458449125289917,-0.41233110427856445
45,53,3,-1.2341864109039307,STDK,-2.149923324584961,-1.5831242799758911,-0.9385055303573608
45,53,3,-1.2341864109039307,STDK_plus_QLSTM,-2.3505961894989014,-1.537907361984253,-0.7202095985412598
45,53,3,-1.2341864109039307,STDK_plus_QConvLSTM,-2.419689178466797,-1.4247024059295654,-0.4410216212272644
45,53,4,-1.1680314540863037,STDK,-2.265652656555176,-1.6928799152374268,-1.044392466545105
45,53,4,-1.1680314540863037,STDK_plus_QLSTM,-2.361771821975708,-1.5509910583496094,-0.7299632430076599
45,53,4,-1.1680314540863037,STDK_plus_QConvLSTM,-2.517388105392456,-1.4696086645126343,-0.3949381113052368
45,53,5,-0.5821113586425781,STDK,-2.4267656803131104,-1.8432857990264893,-1.190781831741333
45,53,5,-0.5821113586425781,STDK_plus_QLSTM,-2.3733668327331543,-1.5630395412445068,-0.7407338619232178
45,53,5,-0.5821113586425781,STDK_plus_QConvLSTM,-2.511261224746704,-1.4245983362197876,-0.4289610981941223
45,54,1,-0.7754513025283813,STDK,-1.8913123607635498,-1.3367928266525269,-0.6727017164230347
45,54,1,-0.7754513025283813,STDK_plus_QLSTM,-2.0896782875061035,-1.2890690565109253,-0.4566027522087097
45,54,1,-0.7754513025283813,STDK_plus_QConvLSTM,-1.8795197010040283,-1.1310464143753052,-0.2780603766441345
45,54,2,-0.7747571468353271,STDK,-1.8906488418579102,-1.339864730834961,-0.6721765398979187
45,54,2,-0.7747571468353271,STDK_plus_QLSTM,-2.0350046157836914,-1.2372483015060425,-0.3979647755622864
45,54,2,-0.7747571468353271,STDK_plus_QConvLSTM,-1.9181100130081177,-1.1877763271331787,-0.34619903564453125
45,54,3,0.09304659813642502,STDK,-1.9133301973342896,-1.3615776300430298,-0.6902096271514893
45,54,3,0.09304659813642502,STDK_plus_QLSTM,-1.9843847751617432,-1.1923609972000122,-0.35218048095703125
45,54,3,0.09304659813642502,STDK_plus_QConvLSTM,-2.026308536529541,-1.2058539390563965,-0.4681317210197449
45,54,4,-0.7333623766899109,STDK,-1.943664789199829,-1.385989785194397,-0.7108311057090759
45,54,4,-0.7333623766899109,STDK_plus_QLSTM,-1.9358630180358887,-1.148874044418335,-0.31007421016693115
45,54,4,-0.7333623766899109,STDK_plus_QConvLSTM,-2.0120298862457275,-1.1919375658035278,-0.4671931862831116
45,54,5,-0.8802493810653687,STDK,-2.0010132789611816,-1.432845950126648,-0.753656804561615
45,54,5,-0.8802493810653687,STDK_plus_QLSTM,-1.8923699855804443,-1.1061433553695679,-0.2681072950363159
45,54,5,-0.8802493810653687,STDK_plus_QConvLSTM,-1.9979186058044434,-1.1762663125991821,-0.3871239423751831
45,55,1,-1.3538051843643188,STDK,-2.1855642795562744,-1.64175283908844,-0.9689298868179321
45,55,1,-1.3538051843643188,STDK_plus_QLSTM,-2.372354745864868,-1.536042332649231,-0.7420897483825684
45,55,1,-1.3538051843643188,STDK_plus_QConvLSTM,-1.6241402626037598,-0.7875497341156006,-0.11436641216278076
45,55,2,-0.9102461338043213,STDK,-2.2658934593200684,-1.726594090461731,-1.0501368045806885
45,55,2,-0.9102461338043213,STDK_plus_QLSTM,-2.3684306144714355,-1.5270869731903076,-0.7370628714561462
45,55,2,-0.9102461338043213,STDK_plus_QConvLSTM,-1.692154884338379,-0.8642516136169434,-0.22403961420059204
45,55,3,-1.0705914497375488,STDK,-2.3140087127685547,-1.7739683389663696,-1.0937979221343994
45,55,3,-1.0705914497375488,STDK_plus_QLSTM,-2.3271851539611816,-1.4840525388717651,-0.6977531313896179
45,55,3,-1.0705914497375488,STDK_plus_QConvLSTM,-1.7951867580413818,-0.9368857145309448,-0.19029057025909424
45,55,4,-1.472637414932251,STDK,-2.343214273452759,-1.7972452640533447,-1.1131638288497925
45,55,4,-1.472637414932251,STDK_plus_QLSTM,-2.263315200805664,-1.4224698543548584,-0.64426189661026
45,55,4,-1.472637414932251,STDK_plus_QConvLSTM,-1.9240459203720093,-1.0202349424362183,-0.2623913288116455
45,55,5,-0.9215003252029419,STDK,-2.364163875579834,-1.8076971769332886,-1.1194427013397217
45,55,5,-0.9215003252029419,STDK_plus_QLSTM,-2.1868443489074707,-1.3509706258773804,-0.575944721698761
45,55,5,-0.9215003252029419,STDK_plus_QConvLSTM,-1.923487901687622,-0.96270751953125,-0.2833922505378723
45,56,1,-0.3661312460899353,STDK,-1.4518715143203735,-0.9014304280281067,-0.23709982633590698
45,56,1,-0.3661312460899353,STDK_plus_QLSTM,-1.798102617263794,-0.9064574837684631,-0.10531461238861084
45,56,1,-0.3661312460899353,STDK_plus_QConvLSTM,-1.002349853515625,-0.17121310532093048,0.6758489608764648
45,56,2,-0.3995491862297058,STDK,-1.4249032735824585,-0.8787693977355957,-0.2107372283935547
45,56,2,-0.3995491862297058,STDK_plus_QLSTM,-1.6875966787338257,-0.8168676495552063,-0.011885344982147217
45,56,2,-0.3995491862297058,STDK_plus_QConvLSTM,-0.8401405811309814,-0.05035025626420975,0.7414157390594482
45,56,3,-0.8915613889694214,STDK,-1.4129934310913086,-0.8658534288406372,-0.19404006004333496
45,56,3,-0.8915613889694214,STDK_plus_QLSTM,-1.56320321559906,-0.6960048079490662,0.11200064420700073
45,56,3,-0.8915613889694214,STDK_plus_QConvLSTM,-0.8910244107246399,-0.028616471216082573,0.7755159139633179
45,56,4,-0.6829394102096558,STDK,-1.4593729972839355,-0.9062100648880005,-0.23043185472488403
45,56,4,-0.6829394102096558,STDK_plus_QLSTM,-1.438194990158081,-0.5597508549690247,0.25178879499435425
45,56,4,-0.6829394102096558,STDK_plus_QConvLSTM,-0.7385804653167725,0.021754425019025803,0.8906064033508301
45,56,5,-0.19320529699325562,STDK,-1.5392903089523315,-0.9757388830184937,-0.29578709602355957
45,56,5,-0.19320529699325562,STDK_plus_QLSTM,-1.3156397342681885,-0.4202972948551178,0.39861300587654114
45,56,5,-0.19320529699325562,STDK_plus_QConvLSTM,-0.7807582020759583,-0.02599496766924858,0.839756429195404
45,57,1,0.7277337312698364,STDK,-0.4991398751735687,0.07750513404607773,0.735063910484314
45,57,1,0.7277337312698364,STDK_plus_QLSTM,-0.5428285598754883,0.2732453942298889,1.0690314769744873
45,57,1,0.7277337312698364,STDK_plus_QConvLSTM,-1.2105791568756104,-0.31678640842437744,0.3321978449821472
45,57,2,0.632287859916687,STDK,-0.6769898533821106,-0.10395665466785431,0.5574780106544495
45,57,2,0.632287859916687,STDK_plus_QLSTM,-0.5051501989364624,0.2967372238636017,1.1183834075927734
45,57,2,0.632287859916687,STDK_plus_QConvLSTM,-1.2626019716262817,-0.33472850918769836,0.2764541804790497
45,57,3,0.5403655767440796,STDK,-0.9924569129943848,-0.418293297290802,0.2468680739402771
45,57,3,0.5403655767440796,STDK_plus_QLSTM,-0.4894895553588867,0.30435895919799805,1.150151252746582
45,57,3,0.5403655767440796,STDK_plus_QConvLSTM,-1.2217028141021729,-0.3231249153614044,0.34945783019065857
45,57,4,0.4136536121368408,STDK,-1.1831645965576172,-0.6031156182289124,0.06572109460830688
45,57,4,0.4136536121368408,STDK_plus_QLSTM,-0.4859549403190613,0.30766618251800537,1.16041898727417
45,57,4,0.4136536121368408,STDK_plus_QConvLSTM,-1.0921014547348022,-0.18887344002723694,0.38538578152656555
45,57,5,-0.10522030293941498,STDK,-1.3537261486053467,-0.7635791301727295,-0.09078693389892578
45,57,5,-0.10522030293941498,STDK_plus_QLSTM,-0.4890707731246948,0.30846500396728516,1.1638023853302002
45,57,5,-0.10522030293941498,STDK_plus_QConvLSTM,-1.219538927078247,-0.26173263788223267,0.3809114098548889
45,58,1,-0.1352122724056244,STDK,-0.608517587184906,-0.03674652427434921,0.6223028302192688
45,58,1,-0.1352122724056244,STDK_plus_QLSTM,-0.8527717590332031,-0.05051596090197563,0.8012833595275879
45,58,1,-0.1352122724056244,STDK_plus_QConvLSTM,-1.2339518070220947,-0.3158012330532074,0.46939465403556824
45,58,2,0.36774885654449463,STDK,-0.5438993573188782,0.023997565731406212,0.6867949962615967
45,58,2,0.36774885654449463,STDK_plus_QLSTM,-0.8175770044326782,-0.02163757011294365,0.7990261912345886
45,58,2,0.36774885654449463,STDK_plus_QConvLSTM,-1.2653559446334839,-0.3991825580596924,0.5566442608833313
45,58,3,-0.23744840919971466,STDK,-0.5774132013320923,-0.008514249697327614,0.6577247977256775
45,58,3,-0.23744840919971466,STDK_plus_QLSTM,-0.8329261541366577,-0.03750563785433769,0.7591331601142883
45,58,3,-0.23744840919971466,STDK_plus_QConvLSTM,-1.2127935886383057,-0.3420998454093933,0.4782177805900574
45,58,4,-1.457545518875122,STDK,-0.5377306938171387,0.03716835379600525,0.7070739269256592
45,58,4,-1.457545518875122,STDK_plus_QLSTM,-0.8707351684570312,-0.06821174919605255,0.7295681238174438
45,58,4,-1.457545518875122,STDK_plus_QConvLSTM,-1.1479374170303345,-0.2905800938606262,0.5708435773849487
45,58,5,-0.9061623811721802,STDK,-0.5015261173248291,0.083683080971241,0.7574865818023682
45,58,5,-0.9061623811721802,STDK_plus_QLSTM,-0.9173533320426941,-0.10459341108798981,0.7220897078514099
45,58,5,-0.9061623811721802,STDK_plus_QConvLSTM,-1.1358062028884888,-0.19798961281776428,0.5848488807678223
45,59,1,0.38370275497436523,STDK,-0.15332302451133728,0.39747074246406555,1.0329550504684448
45,59,1,0.38370275497436523,STDK_plus_QLSTM,-0.4404831528663635,0.4559391140937805,1.2588884830474854
45,59,1,0.38370275497436523,STDK_plus_QConvLSTM,-0.9643964767456055,-0.1831580102443695,0.6506963968276978
45,59,2,0.8432798385620117,STDK,-0.2064037024974823,0.33996936678886414,0.9793375730514526
45,59,2,0.8432798385620117,STDK_plus_QLSTM,-0.44911402463912964,0.4584816098213196,1.2674226760864258
45,59,2,0.8432798385620117,STDK_plus_QConvLSTM,-0.8128557205200195,-0.15495118498802185,0.7257933616638184
45,59,3,0.07681159675121307,STDK,-0.30317384004592896,0.24385328590869904,0.8873035907745361
45,59,3,0.07681159675121307,STDK_plus_QLSTM,-0.42419177293777466,0.468130886554718,1.279956579208374
45,59,3,0.07681159675121307,STDK_plus_QConvLSTM,-0.7066545486450195,-0.08362169563770294,0.7583228349685669
45,59,4,-0.12215040624141693,STDK,-0.38835468888282776,0.16440340876579285,0.8121166229248047
45,59,4,-0.12215040624141693,STDK_plus_QLSTM,-0.40262937545776367,0.483373761177063,1.2956037521362305
45,59,4,-0.12215040624141693,STDK_plus_QConvLSTM,-0.6366708278656006,0.026973575353622437,0.9019933938980103
45,59,5,0.41967469453811646,STDK,-0.509734570980072,0.05444768816232681,0.7065150141716003
45,59,5,0.41967469453811646,STDK_plus_QLSTM,-0.37880194187164307,0.5030530095100403,1.3142399787902832
45,59,5,0.41967469453811646,STDK_plus_QConvLSTM,-0.6613954901695251,0.043458446860313416,0.9506015777587891
45,60,1,-0.5179652571678162,STDK,-1.3961033821105957,-0.8169399499893188,-0.1727440357208252
45,60,1,-0.5179652571678162,STDK_plus_QLSTM,-1.5805964469909668,-0.8084322214126587,0.07052510976791382
45,60,1,-0.5179652571678162,STDK_plus_QConvLSTM,-1.4025315046310425,-0.6130902767181396,0.3137974143028259
45,60,2,-0.7903721332550049,STDK,-1.4567985534667969,-0.8815834522247314,-0.23375701904296875
45,60,2,-0.7903721332550049,STDK_plus_QLSTM,-1.6501100063323975,-0.8768941760063171,0.0035488009452819824
45,60,2,-0.7903721332550049,STDK_plus_QConvLSTM,-1.301004409790039,-0.4945421814918518,0.35781973600387573
45,60,3,-0.8285384178161621,STDK,-1.4852596521377563,-0.9088628888130188,-0.25740402936935425
45,60,3,-0.8285384178161621,STDK_plus_QLSTM,-1.712478756904602,-0.9442603588104248,-0.06368482112884521
45,60,3,-0.8285384178161621,STDK_plus_QConvLSTM,-1.2574961185455322,-0.41535770893096924,0.3729626536369324
45,60,4,-0.20588940382003784,STDK,-1.5222208499908447,-0.9394684433937073,-0.2842186689376831
45,60,4,-0.20588940382003784,STDK_plus_QLSTM,-1.7705528736114502,-1.0085850954055786,-0.12788784503936768
45,60,4,-0.20588940382003784,STDK_plus_QConvLSTM,-1.1645586490631104,-0.29422616958618164,0.4786947965621948
45,60,5,-0.22210630774497986,STDK,-1.587740182876587,-0.9938357472419739,-0.3345595598220825
45,60,5,-0.22210630774497986,STDK_plus_QLSTM,-1.8242146968841553,-1.0687377452850342,-0.1881411075592041
45,60,5,-0.22210630774497986,STDK_plus_QConvLSTM,-1.1740734577178955,-0.32534855604171753,0.48374277353286743
45,61,1,-1.3995912075042725,STDK,-1.5037338733673096,-0.9397873878479004,-0.29003822803497314
45,61,1,-1.3995912075042725,STDK_plus_QLSTM,-1.774646282196045,-0.9437608122825623,-0.09992408752441406
45,61,1,-1.3995912075042725,STDK_plus_QConvLSTM,-1.8494164943695068,-0.9650004506111145,-0.19380897283554077
45,61,2,-1.4851680994033813,STDK,-1.5096161365509033,-0.9503259658813477,-0.29716116189956665
45,61,2,-1.4851680994033813,STDK_plus_QLSTM,-1.7787517309188843,-0.9429431557655334,-0.10030704736709595
45,61,2,-1.4851680994033813,STDK_plus_QConvLSTM,-1.9053633213043213,-1.0448893308639526,-0.2771814465522766
45,61,3,-0.7112864255905151,STDK,-1.5468111038208008,-0.9871805310249329,-0.330527126789093
45,61,3,-0.7112864255905151,STDK_plus_QLSTM,-1.771522045135498,-0.9310995936393738,-0.09243428707122803
45,61,3,-0.7112864255905151,STDK_plus_QConvLSTM,-1.9404269456863403,-1.0735608339309692,-0.3012077808380127
45,61,4,-0.3972983956336975,STDK,-1.586237907409668,-1.0211236476898193,-0.3607693910598755
45,61,4,-0.3972983956336975,STDK_plus_QLSTM,-1.7627564668655396,-0.9151681065559387,-0.08267807960510254
45,61,4,-0.3972983956336975,STDK_plus_QConvLSTM,-2.041473627090454,-1.1577531099319458,-0.3100816607475281
45,61,5,-0.10104130208492279,STDK,-1.6282159090042114,-1.0530036687850952,-0.38872307538986206
45,61,5,-0.10104130208492279,STDK_plus_QLSTM,-1.7513408660888672,-0.8971268534660339,-0.06667041778564453
45,61,5,-0.10104130208492279,STDK_plus_QConvLSTM,-2.05137300491333,-1.1665899753570557,-0.277678906917572
45,62,1,0.01734272949397564,STDK,-0.639788031578064,-0.07431619614362717,0.5568468570709229
45,62,1,0.01734272949397564,STDK_plus_QLSTM,-0.922992467880249,-0.036575209349393845,0.8203458786010742
45,62,1,0.01734272949397564,STDK_plus_QConvLSTM,-1.102578043937683,-0.32840386033058167,0.5170785188674927
45,62,2,-0.27525514364242554,STDK,-0.722223162651062,-0.16105489432811737,0.4736834764480591
45,62,2,-0.27525514364242554,STDK_plus_QLSTM,-0.9324954152107239,-0.04616266116499901,0.815009355545044
45,62,2,-0.27525514364242554,STDK_plus_QConvLSTM,-1.0603723526000977,-0.3433662950992584,0.44227054715156555
45,62,3,-0.03379339724779129,STDK,-0.8046340346336365,-0.24308185279369354,0.3952162265777588
45,62,3,-0.03379339724779129,STDK_plus_QLSTM,-0.9400816559791565,-0.057255860418081284,0.8057318329811096
45,62,3,-0.03379339724779129,STDK_plus_QConvLSTM,-1.0719558000564575,-0.38685908913612366,0.5057710409164429
45,62,4,-0.24843540787696838,STDK,-0.8683433532714844,-0.3013326823711395,0.34061065316200256
45,62,4,-0.24843540787696838,STDK_plus_QLSTM,-0.9462440013885498,-0.06852492690086365,0.795624852180481
45,62,4,-0.24843540787696838,STDK_plus_QConvLSTM,-1.199973702430725,-0.48026710748672485,0.4815250635147095
45,62,5,-0.12834429740905762,STDK,-0.855015754699707,-0.27799680829048157,0.3677898347377777
45,62,5,-0.12834429740905762,STDK_plus_QLSTM,-0.9539846181869507,-0.07959380745887756,0.7849711179733276
45,62,5,-0.12834429740905762,STDK_plus_QConvLSTM,-1.1970274448394775,-0.442715048789978,0.4902777671813965
45,63,1,-0.7395002841949463,STDK,-0.9927555918693542,-0.42797672748565674,0.20013916492462158
45,63,1,-0.7395002841949463,STDK_plus_QLSTM,-1.2963917255401611,-0.49712932109832764,0.3552159070968628
45,63,1,-0.7395002841949463,STDK_plus_QConvLSTM,-1.767397165298462,-0.8886014223098755,-0.04063671827316284
45,63,2,-0.22784815728664398,STDK,-1.0688121318817139,-0.5086293816566467,0.12325119972229004
45,63,2,-0.22784815728664398,STDK_plus_QLSTM,-1.4158486127853394,-0.6040002107620239,0.23584198951721191
45,63,2,-0.22784815728664398,STDK_plus_QConvLSTM,-1.7917311191558838,-0.9480282068252563,-0.019326508045196533
45,63,3,-0.8751733899116516,STDK,-1.1342380046844482,-0.573627233505249,0.062079668045043945
45,63,3,-0.8751733899116516,STDK_plus_QLSTM,-1.5195362567901611,-0.7046101689338684,0.13562172651290894
45,63,3,-0.8751733899116516,STDK_plus_QConvLSTM,-1.7441632747650146,-0.9407231211662292,-0.0052509307861328125
45,63,4,-0.8859894275665283,STDK,-1.1797665357589722,-0.6131813526153564,0.02648550271987915
45,63,4,-0.8859894275665283,STDK_plus_QLSTM,-1.6058857440948486,-0.7935744524002075,0.044817328453063965
45,63,4,-0.8859894275665283,STDK_plus_QConvLSTM,-1.6114871501922607,-0.8103421330451965,0.12568938732147217
45,63,5,-0.5754443407058716,STDK,-1.1436975002288818,-0.5666131973266602,0.07717770338058472
45,63,5,-0.5754443407058716,STDK_plus_QLSTM,-1.674971580505371,-0.8683694005012512,-0.03282976150512695
45,63,5,-0.5754443407058716,STDK_plus_QConvLSTM,-1.4385120868682861,-0.5544494390487671,0.32351720333099365
45,64,1,-1.057044267654419,STDK,-2.4080142974853516,-1.8463505506515503,-1.1969058513641357
45,64,1,-1.057044267654419,STDK_plus_QLSTM,-2.5790441036224365,-1.7062820196151733,-0.7591195702552795
45,64,1,-1.057044267654419,STDK_plus_QConvLSTM,-2.525360584259033,-1.7976709604263306,-0.9809403419494629
45,64,2,-0.8812401294708252,STDK,-2.5340538024902344,-1.9763940572738647,-1.3233940601348877
45,64,2,-0.8812401294708252,STDK_plus_QLSTM,-2.630079746246338,-1.7499891519546509,-0.7895904779434204
45,64,2,-0.8812401294708252,STDK_plus_QConvLSTM,-2.5213088989257812,-1.8712078332901,-0.9948490262031555
45,64,3,-1.0298854112625122,STDK,-2.6404504776000977,-2.0816919803619385,-1.425039291381836
45,64,3,-1.0298854112625122,STDK_plus_QLSTM,-2.657278537750244,-1.7747503519058228,-0.8094834089279175
45,64,3,-1.0298854112625122,STDK_plus_QConvLSTM,-2.5827136039733887,-1.9825294017791748,-1.0533652305603027
45,64,4,-1.4112334251403809,STDK,-2.72715425491333,-2.162280559539795,-1.5017662048339844
45,64,4,-1.4112334251403809,STDK_plus_QLSTM,-2.691490888595581,-1.80879545211792,-0.8416681289672852
45,64,4,-1.4112334251403809,STDK_plus_QConvLSTM,-2.6048598289489746,-1.9150502681732178,-1.1049635410308838
45,64,5,-1.3539162874221802,STDK,-2.8282735347747803,-2.253068208694458,-1.5884218215942383
45,64,5,-1.3539162874221802,STDK_plus_QLSTM,-2.720792293548584,-1.8391987085342407,-0.8750646710395813
45,64,5,-1.3539162874221802,STDK_plus_QConvLSTM,-2.7426416873931885,-2.0346193313598633,-1.1969788074493408
45,65,1,-0.3767092823982239,STDK,-1.895003080368042,-1.338537573814392,-0.6774985194206238
45,65,1,-0.3767092823982239,STDK_plus_QLSTM,-2.167217969894409,-1.3995507955551147,-0.5717207789421082
45,65,1,-0.3767092823982239,STDK_plus_QConvLSTM,-1.3632631301879883,-0.6411730647087097,0.241010844707489
45,65,2,-0.25041013956069946,STDK,-1.8501372337341309,-1.2977824211120605,-0.6332277059555054
45,65,2,-0.25041013956069946,STDK_plus_QLSTM,-2.1926610469818115,-1.428218960762024,-0.6052546501159668
45,65,2,-0.25041013956069946,STDK_plus_QConvLSTM,-1.3976305723190308,-0.7123541235923767,0.12919193506240845
45,65,3,-0.8371354341506958,STDK,-1.7780017852783203,-1.2249881029129028,-0.5568274259567261
45,65,3,-0.8371354341506958,STDK_plus_QLSTM,-2.2074103355407715,-1.4425665140151978,-0.6277375817298889
45,65,3,-0.8371354341506958,STDK_plus_QConvLSTM,-1.4293934106826782,-0.6458876729011536,0.15432506799697876
45,65,4,-0.7615823745727539,STDK,-1.7653186321258545,-1.206307291984558,-0.5342956185340881
45,65,4,-0.7615823745727539,STDK_plus_QLSTM,-2.2132861614227295,-1.4485801458358765,-0.6371729969978333
45,65,4,-0.7615823745727539,STDK_plus_QConvLSTM,-1.5562400817871094,-0.7338584065437317,0.08421766757965088
45,65,5,-0.8447773456573486,STDK,-1.8308651447296143,-1.2610989809036255,-0.5849412679672241
45,65,5,-0.8447773456573486,STDK_plus_QLSTM,-2.2160494327545166,-1.4499754905700684,-0.6362124085426331
45,65,5,-0.8447773456573486,STDK_plus_QConvLSTM,-1.6581313610076904,-0.8676124811172485,0.014771044254302979
45,66,1,0.2583237290382385,STDK,-0.5483580827713013,0.002455970272421837,0.6484400629997253
45,66,1,0.2583237290382385,STDK_plus_QLSTM,-0.7007366418838501,0.10513047873973846,0.9576549530029297
45,66,1,0.2583237290382385,STDK_plus_QConvLSTM,-0.8838238716125488,-0.13033106923103333,0.5085841417312622
45,66,2,0.3755638599395752,STDK,-0.6862949132919312,-0.13976576924324036,0.5098395347595215
45,66,2,0.3755638599395752,STDK_plus_QLSTM,-0.7206605672836304,0.06598050892353058,0.9144418239593506
45,66,2,0.3755638599395752,STDK_plus_QConvLSTM,-0.8331121206283569,-0.11912404000759125,0.5290241837501526
45,66,3,0.31341761350631714,STDK,-0.7445427179336548,-0.19752231240272522,0.45571914315223694
45,66,3,0.31341761350631714,STDK_plus_QLSTM,-0.740697979927063,0.031334713101387024,0.8715742230415344
45,66,3,0.31341761350631714,STDK_plus_QConvLSTM,-0.6943998336791992,0.018792955204844475,0.6817381978034973
45,66,4,-0.22958439588546753,STDK,-0.8074347972869873,-0.2546170949935913,0.4024878144264221
45,66,4,-0.22958439588546753,STDK_plus_QLSTM,-0.7650917172431946,-0.0020372718572616577,0.8348944187164307
45,66,4,-0.22958439588546753,STDK_plus_QConvLSTM,-0.6226226091384888,0.11666341125965118,0.7981606721878052
45,66,5,-0.3487333059310913,STDK,-0.8628429174423218,-0.29906612634658813,0.3621724247932434
45,66,5,-0.3487333059310913,STDK_plus_QLSTM,-0.8019389510154724,-0.03522445261478424,0.8015815019607544
45,66,5,-0.3487333059310913,STDK_plus_QConvLSTM,-0.6520349979400635,0.09345638006925583,0.6921057105064392
45,67,1,0.5109087228775024,STDK,0.49174582958221436,1.058693289756775,1.7165443897247314
45,67,1,0.5109087228775024,STDK_plus_QLSTM,0.2711496949195862,1.1107158660888672,1.9239223003387451
45,67,1,0.5109087228775024,STDK_plus_QConvLSTM,-0.23246467113494873,0.7609604597091675,1.5940759181976318
45,67,2,0.38678282499313354,STDK,0.3661736845970154,0.9291430711746216,1.590517282485962
45,67,2,0.38678282499313354,STDK_plus_QLSTM,0.28433525562286377,1.1159565448760986,1.9275503158569336
45,67,2,0.38678282499313354,STDK_plus_QConvLSTM,-0.3088301420211792,0.6472532153129578,1.5032804012298584
45,67,3,0.35800057649612427,STDK,0.2697780132293701,0.8336375951766968,1.4986164569854736
45,67,3,0.35800057649612427,STDK_plus_QLSTM,0.2978479266166687,1.1258305311203003,1.9362103939056396
45,67,3,0.35800057649612427,STDK_plus_QConvLSTM,-0.3954017162322998,0.5392599701881409,1.3986127376556396
45,67,4,0.12585559487342834,STDK,0.2017880082130432,0.771561861038208,1.4403533935546875
45,67,4,0.12585559487342834,STDK_plus_QLSTM,0.3088073134422302,1.1385496854782104,1.9489490985870361
45,67,4,0.12585559487342834,STDK_plus_QConvLSTM,-0.6152161359786987,0.335364431142807,1.1921952962875366
45,67,5,0.8302847146987915,STDK,0.13956785202026367,0.7196683883666992,1.392539143562317
45,67,5,0.8302847146987915,STDK_plus_QLSTM,0.3175317049026489,1.1527183055877686,1.963468313217163
45,67,5,0.8302847146987915,STDK_plus_QConvLSTM,-0.7748339772224426,0.20877015590667725,1.024552583694458
45,68,1,0.19490273296833038,STDK,-0.311122328042984,0.26224640011787415,0.9159510135650635
45,68,1,0.19490273296833038,STDK_plus_QLSTM,-0.5524882078170776,0.2566692531108856,1.0777658224105835
45,68,1,0.19490273296833038,STDK_plus_QConvLSTM,-0.5877135992050171,0.38317278027534485,1.361167550086975
45,68,2,0.4298558235168457,STDK,-0.30615854263305664,0.26322489976882935,0.9206604957580566
45,68,2,0.4298558235168457,STDK_plus_QLSTM,-0.532448410987854,0.28142043948173523,1.0964609384536743
45,68,2,0.4298558235168457,STDK_plus_QConvLSTM,-0.5266703963279724,0.4267381429672241,1.3399277925491333
45,68,3,-0.15054039657115936,STDK,-0.3148125112056732,0.2551220953464508,0.9163353443145752
45,68,3,-0.15054039657115936,STDK_plus_QLSTM,-0.5011249780654907,0.31439176201820374,1.1265429258346558
45,68,3,-0.15054039657115936,STDK_plus_QConvLSTM,-0.5795208811759949,0.39328819513320923,1.3176329135894775
45,68,4,-0.6392304301261902,STDK,-0.29914650321006775,0.2761656939983368,0.9412713050842285
45,68,4,-0.6392304301261902,STDK_plus_QLSTM,-0.4645037353038788,0.35123321413993835,1.159842848777771
45,68,4,-0.6392304301261902,STDK_plus_QConvLSTM,-0.6450901031494141,0.26869574189186096,1.194751501083374
45,68,5,-0.12309630215167999,STDK,-0.33029553294181824,0.25522080063819885,0.9243513345718384
45,68,5,-0.12309630215167999,STDK_plus_QLSTM,-0.4265277087688446,0.3884558379650116,1.1957131624221802
45,68,5,-0.12309630215167999,STDK_plus_QConvLSTM,-0.7583500146865845,0.19488918781280518,1.2449183464050293
45,69,1,-0.7242932915687561,STDK,-0.10576736927032471,0.4529958963394165,1.0840821266174316
45,69,1,-0.7242932915687561,STDK_plus_QLSTM,-0.3072154223918915,0.4614538252353668,1.2808260917663574
45,69,1,-0.7242932915687561,STDK_plus_QConvLSTM,-0.8879400491714478,-0.03688449785113335,0.7800360918045044
45,69,2,0.21747983992099762,STDK,-0.12924358248710632,0.42488929629325867,1.059596061706543
45,69,2,0.21747983992099762,STDK_plus_QLSTM,-0.32921233773231506,0.4297410547733307,1.2614026069641113
45,69,2,0.21747983992099762,STDK_plus_QConvLSTM,-0.9141263961791992,-0.11299591511487961,0.699263870716095
45,69,3,-0.5506663918495178,STDK,-0.175508052110672,0.3789130747318268,1.0174297094345093
45,69,3,-0.5506663918495178,STDK_plus_QLSTM,-0.3854081332683563,0.3608013689517975,1.2053641080856323
45,69,3,-0.5506663918495178,STDK_plus_QConvLSTM,-1.0516412258148193,-0.18767918646335602,0.7194287776947021
45,69,4,-1.019606351852417,STDK,-0.19023773074150085,0.36991086602211,1.012544870376587
45,69,4,-1.019606351852417,STDK_plus_QLSTM,-0.46494391560554504,0.27092406153678894,1.120131254196167
45,69,4,-1.019606351852417,STDK_plus_QConvLSTM,-1.0790878534317017,-0.30234622955322266,0.5465908646583557
45,69,5,-0.4933592975139618,STDK,-0.2122352421283722,0.35814914107322693,1.0052478313446045
45,69,5,-0.4933592975139618,STDK_plus_QLSTM,-0.5658867359161377,0.16922590136528015,1.02399742603302
45,69,5,-0.4933592975139618,STDK_plus_QConvLSTM,-1.1719838380813599,-0.4535558819770813,0.4126453995704651
45,70,1,-1.3282452821731567,STDK,-2.318206787109375,-1.7237147092819214,-1.058046817779541
45,70,1,-1.3282452821731567,STDK_plus_QLSTM,-2.560196876525879,-1.66097891330719,-0.8171706199645996
45,70,1,-1.3282452821731567,STDK_plus_QConvLSTM,-2.6027369499206543,-1.881385326385498,-0.8308438062667847
45,70,2,-1.9321331977844238,STDK,-2.315107822418213,-1.7239997386932373,-1.0547419786453247
45,70,2,-1.9321331977844238,STDK_plus_QLSTM,-2.5524702072143555,-1.645215392112732,-0.7873344421386719
45,70,2,-1.9321331977844238,STDK_plus_QConvLSTM,-2.563015937805176,-1.7356953620910645,-0.7847315073013306
45,70,3,-1.1873314380645752,STDK,-2.3366661071777344,-1.7441868782043457,-1.0714268684387207
45,70,3,-1.1873314380645752,STDK_plus_QLSTM,-2.5294814109802246,-1.6205626726150513,-0.7695425152778625
45,70,3,-1.1873314380645752,STDK_plus_QConvLSTM,-2.566985845565796,-1.6870613098144531,-0.8336969017982483
45,70,4,-1.495349407196045,STDK,-2.38338303565979,-1.785080909729004,-1.108557939529419
45,70,4,-1.495349407196045,STDK_plus_QLSTM,-2.496164560317993,-1.5913981199264526,-0.7525053024291992
45,70,4,-1.495349407196045,STDK_plus_QConvLSTM,-2.595029354095459,-1.6749027967453003,-0.7994908094406128
45,70,5,-1.8193793296813965,STDK,-2.517915964126587,-1.909722924232483,-1.229129672050476
45,70,5,-1.8193793296813965,STDK_plus_QLSTM,-2.46160888671875,-1.5602643489837646,-0.7166256308555603
45,70,5,-1.8193793296813965,STDK_plus_QConvLSTM,-2.5488226413726807,-1.7235990762710571,-0.7738422155380249
45,71,1,-0.45768725872039795,STDK,-2.1067237854003906,-1.5274628400802612,-0.8612302541732788
45,71,1,-0.45768725872039795,STDK_plus_QLSTM,-2.2082223892211914,-1.3227912187576294,-0.4758680462837219
45,71,1,-0.45768725872039795,STDK_plus_QConvLSTM,-2.3958399295806885,-1.570387601852417,-0.5475964546203613
45,71,2,-1.0775021314620972,STDK,-2.2003159523010254,-1.6244722604751587,-0.9548648595809937
45,71,2,-1.0775021314620972,STDK_plus_QLSTM,-2.240691661834717,-1.3526666164398193,-0.5042322874069214
45,71,2,-1.0775021314620972,STDK_plus_QConvLSTM,-2.3926868438720703,-1.5375856161117554,-0.547756016254425
45,71,3,-0.8964493870735168,STDK,-2.3199238777160645,-1.7433384656906128,-1.0702474117279053
45,71,3,-0.8964493870735168,STDK_plus_QLSTM,-2.2458419799804688,-1.358738660812378,-0.5094888210296631
45,71,3,-0.8964493870735168,STDK_plus_QConvLSTM,-2.493255138397217,-1.600030779838562,-0.5744510889053345
45,71,4,-0.8002914190292358,STDK,-2.4096083641052246,-1.827357292175293,-1.150531530380249
45,71,4,-0.8002914190292358,STDK_plus_QLSTM,-2.246648073196411,-1.3628339767456055,-0.5120665431022644
45,71,4,-0.8002914190292358,STDK_plus_QConvLSTM,-2.395211935043335,-1.4462589025497437,-0.45502305030822754
45,71,5,-0.9913873672485352,STDK,-2.402719736099243,-1.8110047578811646,-1.1301870346069336
45,71,5,-0.9913873672485352,STDK_plus_QLSTM,-2.2409021854400635,-1.3610738515853882,-0.5109308362007141
45,71,5,-0.9913873672485352,STDK_plus_QConvLSTM,-2.4160420894622803,-1.440047264099121,-0.4988204836845398
45,72,1,0.7109476923942566,STDK,-0.09984195232391357,0.4680049419403076,1.1222169399261475
45,72,1,0.7109476923942566,STDK_plus_QLSTM,-0.29471033811569214,0.5363311171531677,1.372204303741455
45,72,1,0.7109476923942566,STDK_plus_QConvLSTM,-0.6569058895111084,0.1878129541873932,0.9578744173049927
45,72,2,0.0028388425707817078,STDK,-0.12649184465408325,0.4373881220817566,1.095073938369751
45,72,2,0.0028388425707817078,STDK_plus_QLSTM,-0.2550197243690491,0.576210618019104,1.4134163856506348
45,72,2,0.0028388425707817078,STDK_plus_QConvLSTM,-0.7873445749282837,0.01680774614214897,0.8592135906219482
45,72,3,-0.15442439913749695,STDK,-0.12305131554603577,0.4414532482624054,1.102735161781311
45,72,3,-0.15442439913749695,STDK_plus_QLSTM,-0.2134525179862976,0.6157044768333435,1.4532699584960938
45,72,3,-0.15442439913749695,STDK_plus_QConvLSTM,-0.8534106612205505,-0.04654369503259659,0.7031800746917725
45,72,4,-0.3166213929653168,STDK,-0.11820456385612488,0.45196571946144104,1.1170300245285034
45,72,4,-0.3166213929653168,STDK_plus_QLSTM,-0.17257142066955566,0.6551946997642517,1.4921534061431885
45,72,4,-0.3166213929653168,STDK_plus_QConvLSTM,-0.9901231527328491,-0.18815301358699799,0.6258442401885986
45,72,5,-0.1027023047208786,STDK,-0.12180152535438538,0.4583844244480133,1.1275174617767334
45,72,5,-0.1027023047208786,STDK_plus_QLSTM,-0.1336248517036438,0.6946163773536682,1.5258135795593262
45,72,5,-0.1027023047208786,STDK_plus_QConvLSTM,-0.9179182052612305,-0.05036120489239693,0.6993970274925232
45,73,1,0.08443373441696167,STDK,-0.2568493187427521,0.3140527904033661,0.9721499681472778
45,73,1,0.08443373441696167,STDK_plus_QLSTM,-0.5044260621070862,0.36254435777664185,1.25221586227417
45,73,1,0.08443373441696167,STDK_plus_QConvLSTM,-0.7338161468505859,0.01282733678817749,1.0238614082336426
45,73,2,-0.46044015884399414,STDK,-0.42960965633392334,0.13658852875232697,0.7982593178749084
45,73,2,-0.46044015884399414,STDK_plus_QLSTM,-0.530431866645813,0.32953813672065735,1.2175729274749756
45,73,2,-0.46044015884399414,STDK_plus_QConvLSTM,-0.6932100057601929,0.03685593605041504,1.0280121564865112
45,73,3,0.422105610370636,STDK,-0.6407687067985535,-0.0742432251572609,0.5909875631332397
45,73,3,0.422105610370636,STDK_plus_QLSTM,-0.5636909008026123,0.28076446056365967,1.1632664203643799
45,73,3,0.422105610370636,STDK_plus_QConvLSTM,-0.6609737873077393,0.10491982102394104,1.0388469696044922
45,73,4,-0.2271794080734253,STDK,-0.7818431258201599,-0.20917768776416779,0.4598214626312256
45,73,4,-0.2271794080734253,STDK_plus_QLSTM,-0.6226611137390137,0.21486854553222656,1.092719316482544
45,73,4,-0.2271794080734253,STDK_plus_QConvLSTM,-0.6766878962516785,0.08099174499511719,0.9709621071815491
45,73,5,-0.05233930051326752,STDK,-0.8670730590820312,-0.2832113802433014,0.3898613750934601
45,73,5,-0.05233930051326752,STDK_plus_QLSTM,-0.7089933156967163,0.13615578413009644,1.0124295949935913
45,73,5,-0.05233930051326752,STDK_plus_QConvLSTM,-0.7131487727165222,0.01521051675081253,0.9676643013954163
45,74,1,1.2077797651290894,STDK,0.7269591689109802,1.3011006116867065,1.9577926397323608
45,74,1,1.2077797651290894,STDK_plus_QLSTM,0.5366031527519226,1.3884029388427734,2.127429246902466
45,74,1,1.2077797651290894,STDK_plus_QConvLSTM,0.579699695110321,1.4702816009521484,2.238901138305664
45,74,2,1.6562209129333496,STDK,0.6394255757331848,1.2091385126113892,1.869704008102417
45,74,2,1.6562209129333496,STDK_plus_QLSTM,0.5558446645736694,1.3994238376617432,2.1379082202911377
45,74,2,1.6562209129333496,STDK_plus_QConvLSTM,0.47923511266708374,1.3462122678756714,2.10526967048645
45,74,3,1.241661548614502,STDK,0.6084648370742798,1.17921781539917,1.8434865474700928
45,74,3,1.241661548614502,STDK_plus_QLSTM,0.6355388164520264,1.4693628549575806,2.207974672317505
45,74,3,1.241661548614502,STDK_plus_QConvLSTM,0.4861239790916443,1.3168087005615234,2.0707294940948486
45,74,4,1.7958366870880127,STDK,0.5938175320625305,1.1710453033447266,1.8392391204833984
45,74,4,1.7958366870880127,STDK_plus_QLSTM,0.7459056973457336,1.5725661516189575,2.314460277557373
45,74,4,1.7958366870880127,STDK_plus_QConvLSTM,0.4279252290725708,1.2965377569198608,1.9727106094360352
45,74,5,1.458777666091919,STDK,0.5801321864128113,1.1686404943466187,1.8409947156906128
45,74,5,1.458777666091919,STDK_plus_QLSTM,0.8477011322975159,1.6761928796768188,2.4206173419952393
45,74,5,1.458777666091919,STDK_plus_QConvLSTM,0.2759217619895935,1.1327663660049438,1.8265137672424316
45,75,1,1.1122057437896729,STDK,0.3134509325027466,0.8751769065856934,1.5187311172485352
45,75,1,1.1122057437896729,STDK_plus_QLSTM,0.10150808095932007,0.9032164812088013,1.7277145385742188
45,75,1,1.1122057437896729,STDK_plus_QConvLSTM,-0.08711868524551392,0.7892391681671143,1.7006163597106934
45,75,2,1.0006338357925415,STDK,0.2244449257850647,0.7817177772521973,1.4289109706878662
45,75,2,1.0006338357925415,STDK_plus_QLSTM,0.07872509956359863,0.8670539855957031,1.692622423171997
45,75,2,1.0006338357925415,STDK_plus_QConvLSTM,0.020115017890930176,0.8377344012260437,1.7083463668823242
45,75,3,1.3584206104278564,STDK,0.15432190895080566,0.7121992707252502,1.3631460666656494
45,75,3,1.3584206104278564,STDK_plus_QLSTM,0.05610102415084839,0.838976263999939,1.666252851486206
45,75,3,1.3584206104278564,STDK_plus_QConvLSTM,0.11707466840744019,0.867012083530426,1.7190563678741455
45,75,4,0.41798460483551025,STDK,0.055785298347473145,0.619543731212616,1.2744793891906738
45,75,4,0.41798460483551025,STDK_plus_QLSTM,0.03543591499328613,0.8161046504974365,1.643203854560852
45,75,4,0.41798460483551025,STDK_plus_QConvLSTM,0.10912668704986572,0.8509429097175598,1.6453721523284912
45,75,5,0.41645070910453796,STDK,-0.03725910186767578,0.537605881690979,1.1966705322265625
45,75,5,0.41645070910453796,STDK_plus_QLSTM,0.015149056911468506,0.7959530353546143,1.6229437589645386
45,75,5,0.41645070910453796,STDK_plus_QConvLSTM,0.0480501651763916,0.8403615951538086,1.6075077056884766
45,76,1,0.568196713924408,STDK,0.05700981616973877,0.6068227291107178,1.2424569129943848
45,76,1,0.568196713924408,STDK_plus_QLSTM,-0.26225078105926514,0.5827229619026184,1.3661140203475952
45,76,1,0.568196713924408,STDK_plus_QConvLSTM,0.11445993185043335,0.887877345085144,1.6897519826889038
45,76,2,0.5456148386001587,STDK,0.037448883056640625,0.5827149748802185,1.2219948768615723
45,76,2,0.5456148386001587,STDK_plus_QLSTM,-0.2620247006416321,0.5833967328071594,1.373868465423584
45,76,2,0.5456148386001587,STDK_plus_QConvLSTM,0.048630595207214355,0.8503269553184509,1.609288215637207
45,76,3,0.1757006049156189,STDK,0.006486952304840088,0.5522271990776062,1.1951591968536377
45,76,3,0.1757006049156189,STDK_plus_QLSTM,-0.2336825728416443,0.6109537482261658,1.4099512100219727
45,76,3,0.1757006049156189,STDK_plus_QConvLSTM,-0.07705938816070557,0.7649926543235779,1.466068148612976
45,76,4,-0.010356403887271881,STDK,-0.05723586678504944,0.4942733943462372,1.1410114765167236
45,76,4,-0.010356403887271881,STDK_plus_QLSTM,-0.19873499870300293,0.6429463624954224,1.4461758136749268
45,76,4,-0.010356403887271881,STDK_plus_QConvLSTM,-0.1265941858291626,0.9164279699325562,1.6196627616882324
45,76,5,0.38234370946884155,STDK,-0.10720434784889221,0.45493969321250916,1.1057568788528442
45,76,5,0.38234370946884155,STDK_plus_QLSTM,-0.1623653769493103,0.6752044558525085,1.4780232906341553
45,76,5,0.38234370946884155,STDK_plus_QConvLSTM,-0.20583617687225342,0.8027560710906982,1.5795789957046509
45,77,1,-0.38590627908706665,STDK,-1.0935568809509277,-0.5403362512588501,0.10113978385925293
45,77,1,-0.38590627908706665,STDK_plus_QLSTM,-1.310765266418457,-0.5625752210617065,0.3007316589355469
45,77,1,-0.38590627908706665,STDK_plus_QConvLSTM,-0.8856670260429382,-0.07860450446605682,0.7337889075279236
45,77,2,-0.2606891393661499,STDK,-1.148526906967163,-0.5994238257408142,0.04563415050506592
45,77,2,-0.2606891393661499,STDK_plus_QLSTM,-1.4023051261901855,-0.6520283222198486,0.21184980869293213
45,77,2,-0.2606891393661499,STDK_plus_QConvLSTM,-1.004806637763977,-0.21979889273643494,0.586570143699646
45,77,3,-0.30912238359451294,STDK,-1.1876991987228394,-0.6378005743026733,0.010908782482147217
45,77,3,-0.30912238359451294,STDK_plus_QLSTM,-1.4764080047607422,-0.7233104705810547,0.14000201225280762
45,77,3,-0.30912238359451294,STDK_plus_QConvLSTM,-1.1531322002410889,-0.39318397641181946,0.45139792561531067
45,77,4,-0.1970553994178772,STDK,-1.1985489130020142,-0.6428508162498474,0.009513378143310547
45,77,4,-0.1970553994178772,STDK_plus_QLSTM,-1.5323681831359863,-0.7866939306259155,0.07552140951156616
45,77,4,-0.1970553994178772,STDK_plus_QConvLSTM,-1.4642009735107422,-0.6643770337104797,0.1296197772026062
45,77,5,0.39194270968437195,STDK,-1.2024779319763184,-0.6362991333007812,0.019941747188568115
45,77,5,0.39194270968437195,STDK_plus_QLSTM,-1.5798242092132568,-0.8470100164413452,0.016007423400878906
45,77,5,0.39194270968437195,STDK_plus_QConvLSTM,-1.5571367740631104,-0.7441167831420898,0.0007256269454956055
45,78,1,0.2014627307653427,STDK,-0.1869831681251526,0.38291656970977783,1.0375816822052002
45,78,1,0.2014627307653427,STDK_plus_QLSTM,-0.4951463043689728,0.31042078137397766,1.1790375709533691
45,78,1,0.2014627307653427,STDK_plus_QConvLSTM,-0.27597588300704956,0.5404644012451172,1.5165976285934448
45,78,2,0.34368085861206055,STDK,-0.1926511526107788,0.3735487461090088,1.0317431688308716
45,78,2,0.34368085861206055,STDK_plus_QLSTM,-0.5905369520187378,0.20715704560279846,1.0765979290008545
45,78,2,0.34368085861206055,STDK_plus_QConvLSTM,-0.385763943195343,0.549404501914978,1.4310617446899414
45,78,3,0.30076462030410767,STDK,-0.19041767716407776,0.3767922818660736,1.038406252861023
45,78,3,0.30076462030410767,STDK_plus_QLSTM,-0.6901900768280029,0.1034131795167923,0.9728756546974182
45,78,3,0.30076462030410767,STDK_plus_QConvLSTM,-0.49060603976249695,0.49028685688972473,1.4147741794586182
45,78,4,-0.40954238176345825,STDK,-0.20272120833396912,0.3702768385410309,1.0355345010757446
45,78,4,-0.40954238176345825,STDK_plus_QLSTM,-0.7897117137908936,0.00238601490855217,0.8731058239936829
45,78,4,-0.40954238176345825,STDK_plus_QConvLSTM,-0.5552584528923035,0.39404135942459106,1.3306429386138916
45,78,5,-0.0811913013458252,STDK,-0.22039887309074402,0.3626812994480133,1.0318970680236816
45,78,5,-0.0811913013458252,STDK_plus_QLSTM,-0.8856713175773621,-0.09420353174209595,0.7784066796302795
45,78,5,-0.0811913013458252,STDK_plus_QConvLSTM,-0.8113938570022583,0.255839467048645,1.257569432258606
45,79,1,-0.5461152791976929,STDK,-1.2061669826507568,-0.6577887535095215,-0.029531478881835938
45,79,1,-0.5461152791976929,STDK_plus_QLSTM,-1.3414123058319092,-0.6060964465141296,0.2853355407714844
45,79,1,-0.5461152791976929,STDK_plus_QConvLSTM,-1.4304696321487427,-0.6846296787261963,0.2284563183784485
45,79,2,-0.43063414096832275,STDK,-1.3198050260543823,-0.775997519493103,-0.14387387037277222
45,79,2,-0.43063414096832275,STDK_plus_QLSTM,-1.3983001708984375,-0.6781581044197083,0.22224241495132446
45,79,2,-0.43063414096832275,STDK_plus_QConvLSTM,-1.501092791557312,-0.6713876724243164,0.24209952354431152
45,79,3,-0.8033344149589539,STDK,-1.3220267295837402,-0.7780208587646484,-0.1419084072113037
45,79,3,-0.8033344149589539,STDK_plus_QLSTM,-1.4514437913894653,-0.7433018088340759,0.16378867626190186
45,79,3,-0.8033344149589539,STDK_plus_QConvLSTM,-1.4911048412322998,-0.6481022834777832,0.23204827308654785
45,79,4,-1.705094337463379,STDK,-1.3417471647262573,-0.7922569513320923,-0.15196174383163452
45,79,4,-1.705094337463379,STDK_plus_QLSTM,-1.5135257244110107,-0.8054553270339966,0.10504049062728882
45,79,4,-1.705094337463379,STDK_plus_QConvLSTM,-1.4642714262008667,-0.7019432783126831,0.1506824493408203
45,79,5,-0.19114530086517334,STDK,-1.4059734344482422,-0.8462060689926147,-0.20145124197006226
45,79,5,-0.19114530086517334,STDK_plus_QLSTM,-1.5830469131469727,-0.8655881881713867,0.04581838846206665
45,79,5,-0.19114530086517334,STDK_plus_QConvLSTM,-1.3741415739059448,-0.6612274646759033,0.15228408575057983
45,80,1,-2.3645071983337402,STDK,-2.6949262619018555,-2.0929207801818848,-1.4439609050750732
45,80,1,-2.3645071983337402,STDK_plus_QLSTM,-2.978754758834839,-2.1119298934936523,-1.2117851972579956
45,80,1,-2.3645071983337402,STDK_plus_QConvLSTM,-2.7503509521484375,-1.901426076889038,-1.0053033828735352
45,80,2,-2.7112462520599365,STDK,-2.699744701385498,-2.101834535598755,-1.4493155479431152
45,80,2,-2.7112462520599365,STDK_plus_QLSTM,-3.0519638061523438,-2.1688647270202637,-1.2575453519821167
45,80,2,-2.7112462520599365,STDK_plus_QConvLSTM,-2.828770160675049,-1.9078567028045654,-1.0761865377426147
45,80,3,-2.4770894050598145,STDK,-2.729769229888916,-2.1307170391082764,-1.4745075702667236
45,80,3,-2.4770894050598145,STDK_plus_QLSTM,-3.083101511001587,-2.2159199714660645,-1.3195558786392212
45,80,3,-2.4770894050598145,STDK_plus_QConvLSTM,-2.8373374938964844,-1.937933087348938,-1.0725092887878418
45,80,4,-2.545055389404297,STDK,-2.776839017868042,-2.171133518218994,-1.511194109916687
45,80,4,-2.545055389404297,STDK_plus_QLSTM,-3.1015610694885254,-2.256868839263916,-1.3786554336547852
45,80,4,-2.545055389404297,STDK_plus_QConvLSTM,-3.0429587364196777,-2.1206018924713135,-1.1861934661865234
45,80,5,-2.253962278366089,STDK,-2.8229446411132812,-2.205623149871826,-1.5416209697723389
45,80,5,-2.253962278366089,STDK_plus_QLSTM,-3.11861252784729,-2.2941951751708984,-1.4093055725097656
45,80,5,-2.253962278366089,STDK_plus_QConvLSTM,-3.217745304107666,-2.2334251403808594,-1.3197264671325684
45,81,1,-1.5406842231750488,STDK,-2.147514581680298,-1.5424379110336304,-0.8895817399024963
45,81,1,-1.5406842231750488,STDK_plus_QLSTM,-2.3591349124908447,-1.5426572561264038,-0.6851527094841003
45,81,1,-1.5406842231750488,STDK_plus_QConvLSTM,-2.5905256271362305,-1.7068818807601929,-0.7771602272987366
45,81,2,-1.8612651824951172,STDK,-2.141843557357788,-1.5401479005813599,-0.8835927844047546
45,81,2,-1.8612651824951172,STDK_plus_QLSTM,-2.372060537338257,-1.5488345623016357,-0.6896499991416931
45,81,2,-1.8612651824951172,STDK_plus_QConvLSTM,-2.53330659866333,-1.611365556716919,-0.7406521439552307
45,81,3,-1.4628933668136597,STDK,-2.139535903930664,-1.5365880727767944,-0.8764569759368896
45,81,3,-1.4628933668136597,STDK_plus_QLSTM,-2.3803155422210693,-1.554829716682434,-0.696313738822937
45,81,3,-1.4628933668136597,STDK_plus_QConvLSTM,-2.464064121246338,-1.5724245309829712,-0.7075017094612122
45,81,4,-1.797358512878418,STDK,-2.139852523803711,-1.530605673789978,-0.8667579293251038
45,81,4,-1.797358512878418,STDK_plus_QLSTM,-2.3818485736846924,-1.5575672388076782,-0.7004615068435669
45,81,4,-1.797358512878418,STDK_plus_QConvLSTM,-2.5095221996307373,-1.5518162250518799,-0.6073600649833679
45,81,5,-2.2498912811279297,STDK,-2.148603677749634,-1.5285674333572388,-0.8607925772666931
45,81,5,-2.2498912811279297,STDK_plus_QLSTM,-2.3788557052612305,-1.5590152740478516,-0.7035967707633972
45,81,5,-2.2498912811279297,STDK_plus_QConvLSTM,-2.457274913787842,-1.5035556554794312,-0.5458126068115234
45,82,1,-0.20811526477336884,STDK,-0.5350257158279419,0.05026731640100479,0.6769242882728577
45,82,1,-0.20811526477336884,STDK_plus_QLSTM,-0.6233701109886169,0.10855577141046524,0.9562533497810364
45,82,1,-0.20811526477336884,STDK_plus_QConvLSTM,-0.9102396965026855,-0.13270196318626404,0.5842808485031128
45,82,2,-0.6631301641464233,STDK,-0.6490610241889954,-0.06850605458021164,0.5619962215423584
45,82,2,-0.6631301641464233,STDK_plus_QLSTM,-0.614333987236023,0.13718900084495544,0.9920367002487183
45,82,2,-0.6631301641464233,STDK_plus_QConvLSTM,-0.833385705947876,-0.15737846493721008,0.6279501914978027
45,82,3,0.17451760172843933,STDK,-0.7947047352790833,-0.21315079927444458,0.42128151655197144
45,82,3,0.17451760172843933,STDK_plus_QLSTM,-0.6012362241744995,0.1670221984386444,1.0284218788146973
45,82,3,0.17451760172843933,STDK_plus_QConvLSTM,-0.5935226678848267,0.04170065000653267,0.8149057030677795
45,82,4,-0.5294983983039856,STDK,-0.9154610633850098,-0.3262709677219391,0.3121180236339569
45,82,4,-0.5294983983039856,STDK_plus_QLSTM,-0.579988956451416,0.1974720060825348,1.0623817443847656
45,82,4,-0.5294983983039856,STDK_plus_QConvLSTM,-0.47144198417663574,0.15676982700824738,0.9551960825920105
45,82,5,0.06872369349002838,STDK,-0.9502224922180176,-0.3480687141418457,0.2943441867828369
45,82,5,0.06872369349002838,STDK_plus_QLSTM,-0.5462096929550171,0.229282945394516,1.0930665731430054
45,82,5,0.06872369349002838,STDK_plus_QConvLSTM,-0.30773937702178955,0.3187186121940613,1.1452252864837646
45,83,1,0.08627372980117798,STDK,-1.154892921447754,-0.5774902105331421,0.05553239583969116
45,83,1,0.08627372980117798,STDK_plus_QLSTM,-1.274804949760437,-0.43020719289779663,0.41163116693496704
45,83,1,0.08627372980117798,STDK_plus_QConvLSTM,-1.4192579984664917,-0.6474584937095642,0.28415364027023315
45,83,2,-0.3668941855430603,STDK,-1.3308653831481934,-0.7581684589385986,-0.12139135599136353
45,83,2,-0.3668941855430603,STDK_plus_QLSTM,-1.240316390991211,-0.38588565587997437,0.46165984869003296
45,83,2,-0.3668941855430603,STDK_plus_QConvLSTM,-1.2800867557525635,-0.5889040231704712,0.34256744384765625
45,83,3,-0.3246253728866577,STDK,-1.4973819255828857,-0.9240700602531433,-0.28350239992141724
45,83,3,-0.3246253728866577,STDK_plus_QLSTM,-1.218898057937622,-0.36020904779434204,0.4905010461807251
45,83,3,-0.3246253728866577,STDK_plus_QConvLSTM,-1.2652448415756226,-0.5604785680770874,0.2935789227485657
45,83,4,-0.9933163523674011,STDK,-1.6701602935791016,-1.0906440019607544,-0.4460890293121338
45,83,4,-0.9933163523674011,STDK_plus_QLSTM,-1.2105228900909424,-0.34975165128707886,0.5044569969177246
45,83,4,-0.9933163523674011,STDK_plus_QConvLSTM,-1.3220692873001099,-0.5559278726577759,0.3893851041793823
45,83,5,-0.7626763582229614,STDK,-1.8795970678329468,-1.2874946594238281,-0.6388663649559021
45,83,5,-0.7626763582229614,STDK_plus_QLSTM,-1.2085143327713013,-0.3491869568824768,0.5074723362922668
45,83,5,-0.7626763582229614,STDK_plus_QConvLSTM,-1.4032270908355713,-0.5897189974784851,0.33065956830978394
45,84,1,-1.039109230041504,STDK,-1.7782258987426758,-1.2177919149398804,-0.5880858302116394
45,84,1,-1.039109230041504,STDK_plus_QLSTM,-1.8916130065917969,-1.0854053497314453,-0.2341158390045166
45,84,1,-1.039109230041504,STDK_plus_QConvLSTM,-1.5411903858184814,-0.6891987919807434,0.2724059820175171
45,84,2,-1.210815191268921,STDK,-2.0435917377471924,-1.487707495689392,-0.854223370552063
45,84,2,-1.210815191268921,STDK_plus_QLSTM,-1.9353491067886353,-1.1363296508789062,-0.28814953565597534
45,84,2,-1.210815191268921,STDK_plus_QConvLSTM,-1.4300158023834229,-0.6193239688873291,0.40671777725219727
45,84,3,-0.7046223878860474,STDK,-2.239856243133545,-1.683882236480713,-1.0466984510421753
45,84,3,-0.7046223878860474,STDK_plus_QLSTM,-1.9792487621307373,-1.1869748830795288,-0.3423883318901062
45,84,3,-0.7046223878860474,STDK_plus_QConvLSTM,-1.5081000328063965,-0.6541086435317993,0.3291568160057068
45,84,4,-0.9630463719367981,STDK,-2.3907113075256348,-1.8289419412612915,-1.1878597736358643
45,84,4,-0.9630463719367981,STDK_plus_QLSTM,-1.999571442604065,-1.2105863094329834,-0.37331557273864746
45,84,4,-0.9630463719367981,STDK_plus_QConvLSTM,-1.6626369953155518,-0.8207480311393738,0.16012364625930786
45,84,5,-0.560454249382019,STDK,-2.510270357131958,-1.9360431432724,-1.2908384799957275
45,84,5,-0.560454249382019,STDK_plus_QLSTM,-2.0043187141418457,-1.2157297134399414,-0.38040369749069214
45,84,5,-0.560454249382019,STDK_plus_QConvLSTM,-1.8261784315109253,-0.9624223113059998,-0.018280744552612305
45,85,1,-0.19216327369213104,STDK,-1.621813178062439,-1.048439621925354,-0.4000614285469055
45,85,1,-0.19216327369213104,STDK_plus_QLSTM,-1.792123556137085,-0.9708675742149353,-0.19035130739212036
45,85,1,-0.19216327369213104,STDK_plus_QConvLSTM,-0.968657374382019,-0.0979539155960083,0.6844440698623657
45,85,2,-0.1286301612854004,STDK,-1.6904256343841553,-1.1216464042663574,-0.46965187788009644
45,85,2,-0.1286301612854004,STDK_plus_QLSTM,-1.7858428955078125,-0.9718735814094543,-0.18288284540176392
45,85,2,-0.1286301612854004,STDK_plus_QConvLSTM,-0.9930766224861145,-0.06722338497638702,0.7679404616355896
45,85,3,0.1615425944328308,STDK,-1.6988065242767334,-1.1293926239013672,-0.473702073097229
45,85,3,0.1615425944328308,STDK_plus_QLSTM,-1.7208470106124878,-0.9169917106628418,-0.11757564544677734
45,85,3,0.1615425944328308,STDK_plus_QConvLSTM,-0.8992301821708679,-0.07731063663959503,0.7494350075721741
45,85,4,0.41077759861946106,STDK,-1.6581599712371826,-1.0822603702545166,-0.4227645993232727
45,85,4,0.41077759861946106,STDK_plus_QLSTM,-1.6171393394470215,-0.8230689167976379,-0.016043424606323242
45,85,4,0.41077759861946106,STDK_plus_QConvLSTM,-0.7720600962638855,0.060328032821416855,0.9498146176338196
45,85,5,0.5543386936187744,STDK,-1.58832848072052,-1.0009946823120117,-0.33740735054016113
45,85,5,0.5543386936187744,STDK_plus_QLSTM,-1.5008189678192139,-0.7133472561836243,0.0958290696144104
45,85,5,0.5543386936187744,STDK_plus_QConvLSTM,-0.9565912485122681,0.057061657309532166,0.8233084082603455
45,86,1,-0.9773922562599182,STDK,-2.176473617553711,-1.6228996515274048,-0.9821965098381042
45,86,1,-0.9773922562599182,STDK_plus_QLSTM,-2.3099758625030518,-1.503909707069397,-0.6803897619247437
45,86,1,-0.9773922562599182,STDK_plus_QConvLSTM,-1.0869746208190918,-0.47534143924713135,0.36473822593688965
45,86,2,-0.8879011273384094,STDK,-2.2456183433532715,-1.696138858795166,-1.0520541667938232
45,86,2,-0.8879011273384094,STDK_plus_QLSTM,-2.314466953277588,-1.5156292915344238,-0.680597722530365
45,86,2,-0.8879011273384094,STDK_plus_QConvLSTM,-1.225916862487793,-0.6669051051139832,0.15725034475326538
45,86,3,-0.9942224025726318,STDK,-2.2732579708099365,-1.723158836364746,-1.0755233764648438
45,86,3,-0.9942224025726318,STDK_plus_QLSTM,-2.274517059326172,-1.4848308563232422,-0.6444231867790222
45,86,3,-0.9942224025726318,STDK_plus_QConvLSTM,-1.337524652481079,-0.792923629283905,0.07533019781112671
45,86,4,-1.671905517578125,STDK,-2.270987033843994,-1.7151426076889038,-1.0637149810791016
45,86,4,-1.671905517578125,STDK_plus_QLSTM,-2.2145333290100098,-1.437500238418579,-0.599160373210907
45,86,4,-1.671905517578125,STDK_plus_QConvLSTM,-1.5633697509765625,-1.0097746849060059,-0.13112157583236694
45,86,5,-1.4700373411178589,STDK,-2.2424280643463135,-1.6756263971328735,-1.0201544761657715
45,86,5,-1.4700373411178589,STDK_plus_QLSTM,-2.1560866832733154,-1.3916348218917847,-0.5577495694160461
45,86,5,-1.4700373411178589,STDK_plus_QConvLSTM,-1.7128796577453613,-1.097264051437378,-0.20449459552764893
45,87,1,2.0622806549072266,STDK,0.7724494934082031,1.326368808746338,1.966807246208191
45,87,1,2.0622806549072266,STDK_plus_QLSTM,0.7040545344352722,1.4952243566513062,2.290522813796997
45,87,1,2.0622806549072266,STDK_plus_QConvLSTM,1.3496224880218506,2.0635743141174316,3.081460475921631
45,87,2,1.898789882659912,STDK,0.41379064321517944,0.9633663892745972,1.6072196960449219
45,87,2,1.898789882659912,STDK_plus_QLSTM,0.5447796583175659,1.3463860750198364,2.1350560188293457
45,87,2,1.898789882659912,STDK_plus_QConvLSTM,1.2426882982254028,2.007211208343506,3.0487680435180664
45,87,3,2.2536017894744873,STDK,0.2489185333251953,0.799211323261261,1.446566104888916
45,87,3,2.2536017894744873,STDK_plus_QLSTM,0.4539670944213867,1.248926043510437,2.0371761322021484
45,87,3,2.2536017894744873,STDK_plus_QConvLSTM,1.4676926136016846,1.9651057720184326,2.966392993927002
45,87,4,2.4494056701660156,STDK,0.2308647632598877,0.787386417388916,1.4384973049163818
45,87,4,2.4494056701660156,STDK_plus_QLSTM,0.3985731601715088,1.188127875328064,1.9881203174591064
45,87,4,2.4494056701660156,STDK_plus_QConvLSTM,1.3856048583984375,1.9674420356750488,2.944756031036377
45,87,5,2.7932496070861816,STDK,0.35059529542922974,0.9176290035247803,1.5726923942565918
45,87,5,2.7932496070861816,STDK_plus_QLSTM,0.3465390205383301,1.1447407007217407,1.9581345319747925
45,87,5,2.7932496070861816,STDK_plus_QConvLSTM,1.1887964010238647,1.9596798419952393,2.885350465774536
45,88,1,0.3230557441711426,STDK,-1.163440227508545,-0.5805937051773071,0.0598301887512207
45,88,1,0.3230557441711426,STDK_plus_QLSTM,-1.3261317014694214,-0.5223006010055542,0.2856988310813904
45,88,1,0.3230557441711426,STDK_plus_QConvLSTM,-0.4668707847595215,0.557388424873352,1.355353832244873
45,88,2,-0.10624516010284424,STDK,-1.2208505868911743,-0.6416488289833069,0.0026692748069763184
45,88,2,-0.10624516010284424,STDK_plus_QLSTM,-1.3152440786361694,-0.5189335942268372,0.28841304779052734
45,88,2,-0.10624516010284424,STDK_plus_QConvLSTM,-0.38815760612487793,0.6621783971786499,1.4191405773162842
45,88,3,-0.22464941442012787,STDK,-1.2559101581573486,-0.6754512190818787,-0.027080297470092773
45,88,3,-0.22464941442012787,STDK_plus_QLSTM,-1.2825639247894287,-0.48923197388648987,0.3208446204662323
45,88,3,-0.22464941442012787,STDK_plus_QConvLSTM,-0.45478105545043945,0.5466394424438477,1.4708397388458252
45,88,4,-0.9989413619041443,STDK,-1.304011583328247,-0.7173289656639099,-0.06466048955917358
45,88,4,-0.9989413619041443,STDK_plus_QLSTM,-1.2389323711395264,-0.4451855719089508,0.36494556069374084
45,88,4,-0.9989413619041443,STDK_plus_QConvLSTM,-0.644309937953949,0.40712970495224,1.2297437191009521
45,88,5,-0.8507843017578125,STDK,-1.338563084602356,-0.7412062883377075,-0.08402234315872192
45,88,5,-0.8507843017578125,STDK_plus_QLSTM,-1.1907707452774048,-0.3942447006702423,0.41588833928108215
45,88,5,-0.8507843017578125,STDK_plus_QConvLSTM,-0.7116938829421997,0.36396726965904236,1.1622945070266724
45,89,1,0.667191743850708,STDK,-0.1897863745689392,0.3609921932220459,0.9704478979110718
45,89,1,0.667191743850708,STDK_plus_QLSTM,-0.41332826018333435,0.41295740008354187,1.2739195823669434
45,89,1,0.667191743850708,STDK_plus_QConvLSTM,0.34933120012283325,1.1072278022766113,2.02091383934021
45,89,2,0.5702598690986633,STDK,-0.4071091413497925,0.1385936290025711,0.7519028782844543
45,89,2,0.5702598690986633,STDK_plus_QLSTM,-0.535886287689209,0.2889222800731659,1.1524097919464111
45,89,2,0.5702598690986633,STDK_plus_QConvLSTM,0.4281542897224426,1.0831021070480347,1.9330220222473145
45,89,3,0.2069265991449356,STDK,-0.6560024619102478,-0.11046955734491348,0.5068387389183044
45,89,3,0.2069265991449356,STDK_plus_QLSTM,-0.6362936496734619,0.19415579736232758,1.0600800514221191
45,89,3,0.2069265991449356,STDK_plus_QConvLSTM,0.29117506742477417,0.9792302250862122,1.7765510082244873
45,89,4,-0.03550440073013306,STDK,-0.8654371500015259,-0.314346045255661,0.3071608245372772
45,89,4,-0.03550440073013306,STDK_plus_QLSTM,-0.7083579897880554,0.12500379979610443,0.9952340126037598
45,89,4,-0.03550440073013306,STDK_plus_QConvLSTM,0.2953847050666809,0.8250194787979126,1.6693644523620605
45,89,5,0.9491087198257446,STDK,-0.9925799369812012,-0.4306357204914093,0.19530019164085388
45,89,5,0.9491087198257446,STDK_plus_QLSTM,-0.7530964612960815,0.07387397438287735,0.948163628578186
45,89,5,0.9491087198257446,STDK_plus_QConvLSTM,-0.05834752321243286,0.6823256015777588,1.5137814283370972
45,90,1,0.7918997406959534,STDK,-0.8512313961982727,-0.2807875871658325,0.3630204200744629
45,90,1,0.7918997406959534,STDK_plus_QLSTM,-0.9044760465621948,-0.15263858437538147,0.7057664394378662
45,90,1,0.7918997406959534,STDK_plus_QConvLSTM,-0.9926732182502747,-0.29813557863235474,0.6429327726364136
45,90,2,-0.19914816319942474,STDK,-0.9014192223548889,-0.33589422702789307,0.311397910118103
45,90,2,-0.19914816319942474,STDK_plus_QLSTM,-0.943527340888977,-0.16773942112922668,0.686360239982605
45,90,2,-0.19914816319942474,STDK_plus_QConvLSTM,-0.8698481321334839,-0.1409635692834854,0.7154915928840637
45,90,3,0.2553545832633972,STDK,-0.9596554040908813,-0.39331114292144775,0.2575720548629761
45,90,3,0.2553545832633972,STDK_plus_QLSTM,-0.9542609453201294,-0.17035570740699768,0.6824219226837158
45,90,3,0.2553545832633972,STDK_plus_QConvLSTM,-0.8296635746955872,-0.05712217837572098,0.7849789261817932
45,90,4,-0.08982940018177032,STDK,-1.0151300430297852,-0.4422008693218231,0.21257975697517395
45,90,4,-0.08982940018177032,STDK_plus_QLSTM,-0.9520359039306641,-0.17088058590888977,0.6827750205993652
45,90,4,-0.08982940018177032,STDK_plus_QConvLSTM,-0.662041425704956,0.04911211133003235,0.8692171573638916
45,90,5,-0.3138422966003418,STDK,-1.0384910106658936,-0.45386114716529846,0.2051335871219635
45,90,5,-0.3138422966003418,STDK_plus_QLSTM,-0.9438722133636475,-0.17335286736488342,0.6801562309265137
45,90,5,-0.3138422966003418,STDK_plus_QConvLSTM,-0.6629557013511658,0.11208739131689072,0.9353271722793579
45,91,1,0.6767436861991882,STDK,-0.3677692711353302,0.20653888583183289,0.828258752822876
45,91,1,0.6767436861991882,STDK_plus_QLSTM,-0.5136213898658752,0.32135283946990967,1.1472628116607666
45,91,1,0.6767436861991882,STDK_plus_QConvLSTM,-0.5083919763565063,0.30399009585380554,1.1900256872177124
45,91,2,0.2041008472442627,STDK,-0.4059807062149048,0.1636350154876709,0.7888936400413513
45,91,2,0.2041008472442627,STDK_plus_QLSTM,-0.5185447335243225,0.3241807818412781,1.1563971042633057
45,91,2,0.2041008472442627,STDK_plus_QConvLSTM,-0.479182630777359,0.2744058668613434,1.1356350183486938
45,91,3,0.49093061685562134,STDK,-0.46814873814582825,0.10233374685049057,0.7311466932296753
45,91,3,0.49093061685562134,STDK_plus_QLSTM,-0.5039035081863403,0.3335713744163513,1.179619550704956
45,91,3,0.49093061685562134,STDK_plus_QConvLSTM,-0.42336127161979675,0.29835066199302673,1.1634972095489502
45,91,4,0.6557546257972717,STDK,-0.5236774682998657,0.053283773362636566,0.6859191656112671
45,91,4,0.6557546257972717,STDK_plus_QLSTM,-0.46095526218414307,0.36350017786026,1.210855484008789
45,91,4,0.6557546257972717,STDK_plus_QConvLSTM,-0.4228349030017853,0.36276522278785706,1.2628082036972046
45,91,5,0.6968357563018799,STDK,-0.5554986000061035,0.03457074612379074,0.6713008880615234
45,91,5,0.6968357563018799,STDK_plus_QLSTM,-0.39948415756225586,0.41138315200805664,1.2565076351165771
45,91,5,0.6968357563018799,STDK_plus_QConvLSTM,-0.3159213066101074,0.48558539152145386,1.3667628765106201
45,92,1,1.1772347688674927,STDK,0.4009038805961609,0.9850536584854126,1.5965912342071533
45,92,1,1.1772347688674927,STDK_plus_QLSTM,0.5200539827346802,1.303309440612793,2.1149027347564697
45,92,1,1.1772347688674927,STDK_plus_QConvLSTM,0.0053716301918029785,0.8136389255523682,1.5243209600448608
45,92,2,0.11524683982133865,STDK,0.041720449924468994,0.6225050687789917,1.2378497123718262
45,92,2,0.11524683982133865,STDK_plus_QLSTM,0.5382542014122009,1.3424526453018188,2.154934883117676
45,92,2,0.11524683982133865,STDK_plus_QConvLSTM,0.056423842906951904,0.8235197067260742,1.5821194648742676
45,92,3,1.5637426376342773,STDK,-0.1814475953578949,0.4013771116733551,1.0205293893814087
45,92,3,1.5637426376342773,STDK_plus_QLSTM,0.5454010963439941,1.358092188835144,2.16670298576355
45,92,3,1.5637426376342773,STDK_plus_QConvLSTM,0.10237336158752441,0.8889778852462769,1.6412668228149414
45,92,4,0.7314655780792236,STDK,-0.16228166222572327,0.4283953011035919,1.0513912439346313
45,92,4,0.7314655780792236,STDK_plus_QLSTM,0.5492714047431946,1.3633224964141846,2.172714948654175
45,92,4,0.7314655780792236,STDK_plus_QConvLSTM,0.2035960555076599,0.9672083258628845,1.8612682819366455
45,92,5,0.9891196489334106,STDK,0.03237086534500122,0.6363165378570557,1.2633163928985596
45,92,5,0.9891196489334106,STDK_plus_QLSTM,0.5428963303565979,1.3563328981399536,2.166393995285034
45,92,5,0.9891196489334106,STDK_plus_QConvLSTM,0.27908623218536377,1.153775691986084,1.9390673637390137
45,93,1,0.3213907480239868,STDK,-1.0966036319732666,-0.5448004007339478,0.06895112991333008
45,93,1,0.3213907480239868,STDK_plus_QLSTM,-1.2043447494506836,-0.3838678002357483,0.44463104009628296
45,93,1,0.3213907480239868,STDK_plus_QConvLSTM,-0.9063966870307922,-0.11953290551900864,0.7269624471664429
45,93,2,-0.519361138343811,STDK,-1.186910629272461,-0.6392719149589539,-0.02170342206954956
45,93,2,-0.519361138343811,STDK_plus_QLSTM,-1.2245674133300781,-0.401711642742157,0.4286143183708191
45,93,2,-0.519361138343811,STDK_plus_QConvLSTM,-0.8273160457611084,-0.07392483949661255,0.7526642680168152
45,93,3,-0.06012339890003204,STDK,-1.169615387916565,-0.6215324997901917,-0.0001519322395324707
45,93,3,-0.06012339890003204,STDK_plus_QLSTM,-1.235948920249939,-0.4078634977340698,0.423786997795105
45,93,3,-0.06012339890003204,STDK_plus_QConvLSTM,-0.8350433707237244,-0.01861729845404625,0.8100719451904297
45,93,4,0.5665085911750793,STDK,-1.1196855306625366,-0.5653994083404541,0.059944868087768555
45,93,4,0.5665085911750793,STDK_plus_QLSTM,-1.2322077751159668,-0.40554457902908325,0.42511194944381714
45,93,4,0.5665085911750793,STDK_plus_QConvLSTM,-0.9407919645309448,-0.16456690430641174,0.764772891998291
45,93,5,0.9728386402130127,STDK,-1.030169129371643,-0.4637290835380554,0.1657806634902954
45,93,5,0.9728386402130127,STDK_plus_QLSTM,-1.217307448387146,-0.39343103766441345,0.4303595721721649
45,93,5,0.9728386402130127,STDK_plus_QConvLSTM,-0.9561659693717957,-0.08818702399730682,0.762310802936554
45,94,1,-1.4052332639694214,STDK,-2.866612434387207,-2.2961740493774414,-1.6610567569732666
45,94,1,-1.4052332639694214,STDK_plus_QLSTM,-2.9755148887634277,-2.1744136810302734,-1.413728952407837
45,94,1,-1.4052332639694214,STDK_plus_QConvLSTM,-1.8378452062606812,-1.025066614151001,-0.25634586811065674
45,94,2,-1.4676971435546875,STDK,-2.886403799057007,-2.3204925060272217,-1.6817822456359863
45,94,2,-1.4676971435546875,STDK_plus_QLSTM,-2.7581350803375244,-1.965546727180481,-1.2151134014129639
45,94,2,-1.4676971435546875,STDK_plus_QConvLSTM,-1.8293519020080566,-1.1212583780288696,-0.22308886051177979
45,94,3,-0.7875193953514099,STDK,-2.9263556003570557,-2.3597376346588135,-1.7173867225646973
45,94,3,-0.7875193953514099,STDK_plus_QLSTM,-2.502211093902588,-1.7168112993240356,-0.9700911045074463
45,94,3,-0.7875193953514099,STDK_plus_QConvLSTM,-1.8493223190307617,-1.1492760181427002,-0.2738633155822754
45,94,4,-0.7833433747291565,STDK,-2.9500460624694824,-2.377593994140625,-1.731398105621338
45,94,4,-0.7833433747291565,STDK_plus_QLSTM,-2.263031005859375,-1.480242133140564,-0.7276084423065186
45,94,4,-0.7833433747291565,STDK_plus_QConvLSTM,-2.146497964859009,-1.3934704065322876,-0.4379211664199829
45,94,5,0.09273869544267654,STDK,-2.9664087295532227,-2.3820888996124268,-1.7319114208221436
45,94,5,0.09273869544267654,STDK_plus_QLSTM,-2.0686302185058594,-1.2858330011367798,-0.520817756652832
45,94,5,0.09273869544267654,STDK_plus_QConvLSTM,-2.132066249847412,-1.2919296026229858,-0.38702040910720825
45,95,1,-0.009786270558834076,STDK,-1.1312930583953857,-0.5440795421600342,0.08745592832565308
45,95,1,-0.009786270558834076,STDK_plus_QLSTM,-1.68598473072052,-0.8270460367202759,0.011935114860534668
45,95,1,-0.009786270558834076,STDK_plus_QConvLSTM,-0.05297696590423584,0.9162378907203674,1.6960057020187378
45,95,2,-0.34045517444610596,STDK,-1.064473271369934,-0.4810592830181122,0.15427765250205994
45,95,2,-0.34045517444610596,STDK_plus_QLSTM,-1.8648382425308228,-1.0468095541000366,-0.20665007829666138
45,95,2,-0.34045517444610596,STDK_plus_QConvLSTM,0.13119101524353027,1.0458048582077026,1.903882622718811
45,95,3,0.08893760293722153,STDK,-1.0398993492126465,-0.45519551634788513,0.1841764748096466
45,95,3,0.08893760293722153,STDK_plus_QLSTM,-1.9420177936553955,-1.190470576286316,-0.37761223316192627
45,95,3,0.08893760293722153,STDK_plus_QConvLSTM,0.15957993268966675,1.0521876811981201,1.8929526805877686
45,95,4,-0.4697633981704712,STDK,-1.034731149673462,-0.443576455116272,0.19993865489959717
45,95,4,-0.4697633981704712,STDK_plus_QLSTM,-1.8836426734924316,-1.2134953737258911,-0.502156138420105
45,95,4,-0.4697633981704712,STDK_plus_QConvLSTM,-0.006980538368225098,1.1605380773544312,1.9138312339782715
45,95,5,0.017091698944568634,STDK,-0.9501998424530029,-0.3479655086994171,0.2996452748775482
45,95,5,0.017091698944568634,STDK_plus_QLSTM,-1.6664667129516602,-1.0489397048950195,-0.43050748109817505
45,95,5,0.017091698944568634,STDK_plus_QConvLSTM,-0.10078918933868408,1.146420955657959,1.913451075553894
45,96,1,0.21528972685337067,STDK,-0.6840100884437561,-0.11826776713132858,0.5033788681030273
45,96,1,0.21528972685337067,STDK_plus_QLSTM,-0.964526891708374,-0.057593680918216705,0.7474929094314575
45,96,1,0.21528972685337067,STDK_plus_QConvLSTM,0.1650397777557373,0.9150387048721313,1.889907956123352
45,96,2,0.558215856552124,STDK,-0.78277188539505,-0.22094063460826874,0.4044088125228882
45,96,2,0.558215856552124,STDK_plus_QLSTM,-0.9125363230705261,-0.010722808539867401,0.8001763820648193
45,96,2,0.558215856552124,STDK_plus_QConvLSTM,-0.002961099147796631,0.7588043212890625,1.739300012588501
45,96,3,1.0669406652450562,STDK,-0.8989924192428589,-0.3361752927303314,0.2929755747318268
45,96,3,1.0669406652450562,STDK_plus_QLSTM,-0.8277688026428223,0.05713687092065811,0.8654479384422302
45,96,3,1.0669406652450562,STDK_plus_QConvLSTM,-0.04621678590774536,0.7524846792221069,1.6402838230133057
45,96,4,0.5008766055107117,STDK,-0.9752764105796814,-0.40645933151245117,0.2267167568206787
45,96,4,0.5008766055107117,STDK_plus_QLSTM,-0.7263969779014587,0.13436996936798096,0.9432467222213745
45,96,4,0.5008766055107117,STDK_plus_QConvLSTM,-0.1385498046875,0.7865630984306335,1.7362072467803955
45,96,5,1.1364716291427612,STDK,-1.0245782136917114,-0.44547590613365173,0.19204309582710266
45,96,5,1.1364716291427612,STDK_plus_QLSTM,-0.6255568861961365,0.2152513861656189,1.0283958911895752
45,96,5,1.1364716291427612,STDK_plus_QConvLSTM,-0.3554707169532776,0.5562691688537598,1.5374490022659302
45,97,1,-0.2064562737941742,STDK,-1.4182207584381104,-0.8635450601577759,-0.23239964246749878
45,97,1,-0.2064562737941742,STDK_plus_QLSTM,-1.6650004386901855,-0.7965991497039795,-0.0215151309967041
45,97,1,-0.2064562737941742,STDK_plus_QConvLSTM,-1.3336377143859863,-0.5602200627326965,0.21430951356887817
45,97,2,0.09700983762741089,STDK,-1.502280592918396,-0.9522188901901245,-0.3174824118614197
45,97,2,0.09700983762741089,STDK_plus_QLSTM,-1.6585060358047485,-0.8204936981201172,-0.04591107368469238
45,97,2,0.09700983762741089,STDK_plus_QConvLSTM,-1.4048540592193604,-0.5173529982566833,0.22784274816513062
45,97,3,0.09741359949111938,STDK,-1.578866958618164,-1.0282869338989258,-0.38978099822998047
45,97,3,0.09741359949111938,STDK_plus_QLSTM,-1.6441349983215332,-0.8195532560348511,-0.038068175315856934
45,97,3,0.09741359949111938,STDK_plus_QConvLSTM,-1.2997747659683228,-0.48030534386634827,0.2716222107410431
45,97,4,-0.11478140950202942,STDK,-1.6491503715515137,-1.0924021005630493,-0.4499819278717041
45,97,4,-0.11478140950202942,STDK_plus_QLSTM,-1.6221964359283447,-0.7889024019241333,-0.0035154223442077637
45,97,4,-0.11478140950202942,STDK_plus_QConvLSTM,-1.3276991844177246,-0.6847125887870789,0.24926704168319702
45,97,5,-0.23468729853630066,STDK,-1.722867488861084,-1.155225157737732,-0.5088154077529907
45,97,5,-0.23468729853630066,STDK_plus_QLSTM,-1.5890259742736816,-0.7410517930984497,0.04559570550918579
45,97,5,-0.23468729853630066,STDK_plus_QConvLSTM,-1.5131787061691284,-0.7182856798171997,0.1588776707649231
45,98,1,-0.8278642892837524,STDK,-1.6418009996414185,-1.0905100107192993,-0.48402899503707886
45,98,1,-0.8278642892837524,STDK_plus_QLSTM,-1.899255633354187,-1.1166983842849731,-0.2959141135215759
45,98,1,-0.8278642892837524,STDK_plus_QConvLSTM,-1.626495361328125,-0.6133580803871155,0.0986182689666748
45,98,2,-0.2648751735687256,STDK,-1.720160961151123,-1.174144983291626,-0.5639172792434692
45,98,2,-0.2648751735687256,STDK_plus_QLSTM,-1.9350345134735107,-1.1579385995864868,-0.3354375958442688
45,98,2,-0.2648751735687256,STDK_plus_QConvLSTM,-1.7238171100616455,-0.7371395826339722,0.04756808280944824
45,98,3,-0.048809394240379333,STDK,-1.7309160232543945,-1.1848784685134888,-0.570830762386322
45,98,3,-0.048809394240379333,STDK_plus_QLSTM,-1.954679012298584,-1.1841404438018799,-0.36211925745010376
45,98,3,-0.048809394240379333,STDK_plus_QConvLSTM,-1.771399736404419,-0.767973005771637,0.06474834680557251
45,98,4,-0.6186463832855225,STDK,-1.7854747772216797,-1.2338746786117554,-0.6158657670021057
45,98,4,-0.6186463832855225,STDK_plus_QLSTM,-1.9641904830932617,-1.2012253999710083,-0.37900567054748535
45,98,4,-0.6186463832855225,STDK_plus_QConvLSTM,-1.8509745597839355,-0.8543348908424377,-0.07925933599472046
45,98,5,-0.49482032656669617,STDK,-1.8555673360824585,-1.2932653427124023,-0.6711123585700989
45,98,5,-0.49482032656669617,STDK_plus_QLSTM,-1.9695100784301758,-1.2124197483062744,-0.3895958662033081
45,98,5,-0.49482032656669617,STDK_plus_QConvLSTM,-2.139233112335205,-1.050128698348999,-0.28597450256347656
45,99,1,0.8776637315750122,STDK,-0.20009294152259827,0.34003254771232605,0.9396084547042847
45,99,1,0.8776637315750122,STDK_plus_QLSTM,-0.3465839624404907,0.42401546239852905,1.206174612045288
45,99,1,0.8776637315750122,STDK_plus_QConvLSTM,0.5404270887374878,1.493282675743103,2.45163893699646
45,99,2,1.51007080078125,STDK,-0.2807013690471649,0.2535841763019562,0.8568800687789917
45,99,2,1.51007080078125,STDK_plus_QLSTM,-0.5285197496414185,0.2667851448059082,1.0555379390716553
45,99,2,1.51007080078125,STDK_plus_QConvLSTM,0.43725264072418213,1.4229427576065063,2.3789658546447754
45,99,3,0.7108045816421509,STDK,-0.3211653530597687,0.21276047825813293,0.8199306726455688
45,99,3,0.7108045816421509,STDK_plus_QLSTM,-0.54529869556427,0.2592935562133789,1.0508949756622314
45,99,3,0.7108045816421509,STDK_plus_QConvLSTM,0.4599038362503052,1.381412148475647,2.3200042247772217
45,99,4,0.30321159958839417,STDK,-0.33532533049583435,0.20395371317863464,0.8152225017547607
45,99,4,0.30321159958839417,STDK_plus_QLSTM,-0.46487629413604736,0.33650028705596924,1.1252063512802124
45,99,4,0.30321159958839417,STDK_plus_QConvLSTM,0.00442051887512207,0.9041754007339478,1.850067138671875
45,99,5,0.8340237140655518,STDK,-0.3289685845375061,0.22097325325012207,0.8365976214408875
45,99,5,0.8340237140655518,STDK_plus_QLSTM,-0.3636459708213806,0.422293484210968,1.2051799297332764
45,99,5,0.8340237140655518,STDK_plus_QConvLSTM,-0.17080259323120117,0.7260732650756836,1.654965877532959
